/home/kxu/miniforge3/envs/sgym-hab/lib/python3.9/site-packages/networkx/utils/backends.py:135: RuntimeWarning: networkx backend defined more than once: nx-loopback
  backends.update(_get_backends("networkx.backends"))
INFO:__main__:Starting PPO training...
INFO:__main__:Environment: exp, Workers: 16, Total Timesteps: 600000
INFO:__main__:Hyperparameters: gamma=0.9, lambda=0.9, clip_eps=0.2, lr=0.0003
INFO:__main__:Batch Size (Workers * Steps): 4096
INFO:__main__:Total PPO Updates: 146
/home/kxu/miniforge3/envs/sgym-hab/lib/python3.9/site-packages/networkx/utils/backends.py:135: RuntimeWarning: networkx backend defined more than once: nx-loopback
  backends.update(_get_backends("networkx.backends"))
/home/kxu/miniforge3/envs/sgym-hab/lib/python3.9/site-packages/networkx/utils/backends.py:135: RuntimeWarning: networkx backend defined more than once: nx-loopback
  backends.update(_get_backends("networkx.backends"))
/home/kxu/miniforge3/envs/sgym-hab/lib/python3.9/site-packages/networkx/utils/backends.py:135: RuntimeWarning: networkx backend defined more than once: nx-loopback
  backends.update(_get_backends("networkx.backends"))
/home/kxu/miniforge3/envs/sgym-hab/lib/python3.9/site-packages/networkx/utils/backends.py:135: RuntimeWarning: networkx backend defined more than once: nx-loopback
  backends.update(_get_backends("networkx.backends"))
/home/kxu/miniforge3/envs/sgym-hab/lib/python3.9/site-packages/networkx/utils/backends.py:135: RuntimeWarning: networkx backend defined more than once: nx-loopback
  backends.update(_get_backends("networkx.backends"))
/home/kxu/miniforge3/envs/sgym-hab/lib/python3.9/site-packages/networkx/utils/backends.py:135: RuntimeWarning: networkx backend defined more than once: nx-loopback
  backends.update(_get_backends("networkx.backends"))
/home/kxu/miniforge3/envs/sgym-hab/lib/python3.9/site-packages/networkx/utils/backends.py:135: RuntimeWarning: networkx backend defined more than once: nx-loopback
  backends.update(_get_backends("networkx.backends"))
/home/kxu/miniforge3/envs/sgym-hab/lib/python3.9/site-packages/networkx/utils/backends.py:135: RuntimeWarning: networkx backend defined more than once: nx-loopback
  backends.update(_get_backends("networkx.backends"))
/home/kxu/miniforge3/envs/sgym-hab/lib/python3.9/site-packages/networkx/utils/backends.py:135: RuntimeWarning: networkx backend defined more than once: nx-loopback
  backends.update(_get_backends("networkx.backends"))
/home/kxu/miniforge3/envs/sgym-hab/lib/python3.9/site-packages/networkx/utils/backends.py:135: RuntimeWarning: networkx backend defined more than once: nx-loopback
  backends.update(_get_backends("networkx.backends"))
/home/kxu/miniforge3/envs/sgym-hab/lib/python3.9/site-packages/networkx/utils/backends.py:135: RuntimeWarning: networkx backend defined more than once: nx-loopback
  backends.update(_get_backends("networkx.backends"))
/home/kxu/miniforge3/envs/sgym-hab/lib/python3.9/site-packages/networkx/utils/backends.py:135: RuntimeWarning: networkx backend defined more than once: nx-loopback
  backends.update(_get_backends("networkx.backends"))
/home/kxu/miniforge3/envs/sgym-hab/lib/python3.9/site-packages/networkx/utils/backends.py:135: RuntimeWarning: networkx backend defined more than once: nx-loopback
  backends.update(_get_backends("networkx.backends"))
/home/kxu/miniforge3/envs/sgym-hab/lib/python3.9/site-packages/networkx/utils/backends.py:135: RuntimeWarning: networkx backend defined more than once: nx-loopback
  backends.update(_get_backends("networkx.backends"))
/home/kxu/miniforge3/envs/sgym-hab/lib/python3.9/site-packages/networkx/utils/backends.py:135: RuntimeWarning: networkx backend defined more than once: nx-loopback
  backends.update(_get_backends("networkx.backends"))
/home/kxu/miniforge3/envs/sgym-hab/lib/python3.9/site-packages/networkx/utils/backends.py:135: RuntimeWarning: networkx backend defined more than once: nx-loopback
  backends.update(_get_backends("networkx.backends"))
INFO:__mp_main__:Worker 4: Finished collecting 256 steps.
INFO:__mp_main__:Worker 0: Finished collecting 256 steps.
INFO:__mp_main__:Worker 3: Finished collecting 256 steps.
INFO:__mp_main__:Worker 6: Finished collecting 256 steps.
INFO:__mp_main__:Worker 14: Finished collecting 256 steps.
INFO:__mp_main__:Worker 2: Finished collecting 256 steps.
INFO:__mp_main__:Worker 8: Finished collecting 256 steps.
INFO:__mp_main__:Worker 9: Finished collecting 256 steps.
INFO:__mp_main__:Worker 13: Finished collecting 256 steps.
INFO:__mp_main__:Worker 11: Finished collecting 256 steps.
INFO:__mp_main__:Worker 10: Finished collecting 256 steps.
INFO:__mp_main__:Worker 5: Finished collecting 256 steps.
INFO:__mp_main__:Worker 7: Finished collecting 256 steps.
INFO:__mp_main__:Worker 1: Finished collecting 256 steps.
INFO:__mp_main__:Worker 15: Finished collecting 256 steps.
INFO:__mp_main__:Worker 12: Finished collecting 256 steps.
INFO:__main__:Update: 1/146, Timesteps: 4096/600000, FPS: 64, Episodes: 160, Avg Reward (Last 100): 22.18, Avg Length (Last 100): 49.00
/home/kxu/miniforge3/envs/sgym-hab/lib/python3.9/site-packages/networkx/utils/backends.py:135: RuntimeWarning: networkx backend defined more than once: nx-loopback
  backends.update(_get_backends("networkx.backends"))
/home/kxu/miniforge3/envs/sgym-hab/lib/python3.9/site-packages/networkx/utils/backends.py:135: RuntimeWarning: networkx backend defined more than once: nx-loopback
  backends.update(_get_backends("networkx.backends"))
/home/kxu/miniforge3/envs/sgym-hab/lib/python3.9/site-packages/networkx/utils/backends.py:135: RuntimeWarning: networkx backend defined more than once: nx-loopback
  backends.update(_get_backends("networkx.backends"))
/home/kxu/miniforge3/envs/sgym-hab/lib/python3.9/site-packages/networkx/utils/backends.py:135: RuntimeWarning: networkx backend defined more than once: nx-loopback
  backends.update(_get_backends("networkx.backends"))
/home/kxu/miniforge3/envs/sgym-hab/lib/python3.9/site-packages/networkx/utils/backends.py:135: RuntimeWarning: networkx backend defined more than once: nx-loopback
  backends.update(_get_backends("networkx.backends"))
/home/kxu/miniforge3/envs/sgym-hab/lib/python3.9/site-packages/networkx/utils/backends.py:135: RuntimeWarning: networkx backend defined more than once: nx-loopback
  backends.update(_get_backends("networkx.backends"))
/home/kxu/miniforge3/envs/sgym-hab/lib/python3.9/site-packages/networkx/utils/backends.py:135: RuntimeWarning: networkx backend defined more than once: nx-loopback
  backends.update(_get_backends("networkx.backends"))
/home/kxu/miniforge3/envs/sgym-hab/lib/python3.9/site-packages/networkx/utils/backends.py:135: RuntimeWarning: networkx backend defined more than once: nx-loopback
  backends.update(_get_backends("networkx.backends"))
/home/kxu/miniforge3/envs/sgym-hab/lib/python3.9/site-packages/networkx/utils/backends.py:135: RuntimeWarning: networkx backend defined more than once: nx-loopback
  backends.update(_get_backends("networkx.backends"))
/home/kxu/miniforge3/envs/sgym-hab/lib/python3.9/site-packages/networkx/utils/backends.py:135: RuntimeWarning: networkx backend defined more than once: nx-loopback
  backends.update(_get_backends("networkx.backends"))
/home/kxu/miniforge3/envs/sgym-hab/lib/python3.9/site-packages/networkx/utils/backends.py:135: RuntimeWarning: networkx backend defined more than once: nx-loopback
  backends.update(_get_backends("networkx.backends"))
/home/kxu/miniforge3/envs/sgym-hab/lib/python3.9/site-packages/networkx/utils/backends.py:135: RuntimeWarning: networkx backend defined more than once: nx-loopback
  backends.update(_get_backends("networkx.backends"))
/home/kxu/miniforge3/envs/sgym-hab/lib/python3.9/site-packages/networkx/utils/backends.py:135: RuntimeWarning: networkx backend defined more than once: nx-loopback
  backends.update(_get_backends("networkx.backends"))
/home/kxu/miniforge3/envs/sgym-hab/lib/python3.9/site-packages/networkx/utils/backends.py:135: RuntimeWarning: networkx backend defined more than once: nx-loopback
  backends.update(_get_backends("networkx.backends"))
/home/kxu/miniforge3/envs/sgym-hab/lib/python3.9/site-packages/networkx/utils/backends.py:135: RuntimeWarning: networkx backend defined more than once: nx-loopback
  backends.update(_get_backends("networkx.backends"))
/home/kxu/miniforge3/envs/sgym-hab/lib/python3.9/site-packages/networkx/utils/backends.py:135: RuntimeWarning: networkx backend defined more than once: nx-loopback
  backends.update(_get_backends("networkx.backends"))
INFO:__mp_main__:Worker 2: Finished collecting 256 steps.
INFO:__mp_main__:Worker 14: Finished collecting 256 steps.
INFO:__mp_main__:Worker 8: Finished collecting 256 steps.
INFO:__mp_main__:Worker 15: Finished collecting 256 steps.
INFO:__mp_main__:Worker 7: Finished collecting 256 steps.
INFO:__mp_main__:Worker 4: Finished collecting 256 steps.
INFO:__mp_main__:Worker 13: Finished collecting 256 steps.
INFO:__mp_main__:Worker 12: Finished collecting 256 steps.
INFO:__mp_main__:Worker 6: Finished collecting 256 steps.
INFO:__mp_main__:Worker 3: Finished collecting 256 steps.
INFO:__mp_main__:Worker 5: Finished collecting 256 steps.
INFO:__mp_main__:Worker 10: Finished collecting 256 steps.
INFO:__mp_main__:Worker 1: Finished collecting 256 steps.
INFO:__mp_main__:Worker 11: Finished collecting 256 steps.
INFO:__mp_main__:Worker 0: Finished collecting 256 steps.
INFO:__mp_main__:Worker 9: Finished collecting 256 steps.
INFO:__main__:Update: 2/146, Timesteps: 8192/600000, FPS: 66, Episodes: 320, Avg Reward (Last 100): 20.71, Avg Length (Last 100): 48.50
/home/kxu/miniforge3/envs/sgym-hab/lib/python3.9/site-packages/networkx/utils/backends.py:135: RuntimeWarning: networkx backend defined more than once: nx-loopback
  backends.update(_get_backends("networkx.backends"))
/home/kxu/miniforge3/envs/sgym-hab/lib/python3.9/site-packages/networkx/utils/backends.py:135: RuntimeWarning: networkx backend defined more than once: nx-loopback
  backends.update(_get_backends("networkx.backends"))
/home/kxu/miniforge3/envs/sgym-hab/lib/python3.9/site-packages/networkx/utils/backends.py:135: RuntimeWarning: networkx backend defined more than once: nx-loopback
  backends.update(_get_backends("networkx.backends"))
/home/kxu/miniforge3/envs/sgym-hab/lib/python3.9/site-packages/networkx/utils/backends.py:135: RuntimeWarning: networkx backend defined more than once: nx-loopback
  backends.update(_get_backends("networkx.backends"))
/home/kxu/miniforge3/envs/sgym-hab/lib/python3.9/site-packages/networkx/utils/backends.py:135: RuntimeWarning: networkx backend defined more than once: nx-loopback
  backends.update(_get_backends("networkx.backends"))
/home/kxu/miniforge3/envs/sgym-hab/lib/python3.9/site-packages/networkx/utils/backends.py:135: RuntimeWarning: networkx backend defined more than once: nx-loopback
  backends.update(_get_backends("networkx.backends"))
/home/kxu/miniforge3/envs/sgym-hab/lib/python3.9/site-packages/networkx/utils/backends.py:135: RuntimeWarning: networkx backend defined more than once: nx-loopback
  backends.update(_get_backends("networkx.backends"))
/home/kxu/miniforge3/envs/sgym-hab/lib/python3.9/site-packages/networkx/utils/backends.py:135: RuntimeWarning: networkx backend defined more than once: nx-loopback
  backends.update(_get_backends("networkx.backends"))
/home/kxu/miniforge3/envs/sgym-hab/lib/python3.9/site-packages/networkx/utils/backends.py:135: RuntimeWarning: networkx backend defined more than once: nx-loopback
  backends.update(_get_backends("networkx.backends"))
/home/kxu/miniforge3/envs/sgym-hab/lib/python3.9/site-packages/networkx/utils/backends.py:135: RuntimeWarning: networkx backend defined more than once: nx-loopback
  backends.update(_get_backends("networkx.backends"))
/home/kxu/miniforge3/envs/sgym-hab/lib/python3.9/site-packages/networkx/utils/backends.py:135: RuntimeWarning: networkx backend defined more than once: nx-loopback
  backends.update(_get_backends("networkx.backends"))
/home/kxu/miniforge3/envs/sgym-hab/lib/python3.9/site-packages/networkx/utils/backends.py:135: RuntimeWarning: networkx backend defined more than once: nx-loopback
  backends.update(_get_backends("networkx.backends"))
/home/kxu/miniforge3/envs/sgym-hab/lib/python3.9/site-packages/networkx/utils/backends.py:135: RuntimeWarning: networkx backend defined more than once: nx-loopback
  backends.update(_get_backends("networkx.backends"))
/home/kxu/miniforge3/envs/sgym-hab/lib/python3.9/site-packages/networkx/utils/backends.py:135: RuntimeWarning: networkx backend defined more than once: nx-loopback
  backends.update(_get_backends("networkx.backends"))
/home/kxu/miniforge3/envs/sgym-hab/lib/python3.9/site-packages/networkx/utils/backends.py:135: RuntimeWarning: networkx backend defined more than once: nx-loopback
  backends.update(_get_backends("networkx.backends"))
/home/kxu/miniforge3/envs/sgym-hab/lib/python3.9/site-packages/networkx/utils/backends.py:135: RuntimeWarning: networkx backend defined more than once: nx-loopback
  backends.update(_get_backends("networkx.backends"))
INFO:__mp_main__:Worker 3: Finished collecting 256 steps.
INFO:__mp_main__:Worker 9: Finished collecting 256 steps.
INFO:__mp_main__:Worker 6: Finished collecting 256 steps.
INFO:__mp_main__:Worker 13: Finished collecting 256 steps.
INFO:__mp_main__:Worker 7: Finished collecting 256 steps.
INFO:__mp_main__:Worker 5: Finished collecting 256 steps.
INFO:__mp_main__:Worker 2: Finished collecting 256 steps.
INFO:__mp_main__:Worker 4: Finished collecting 256 steps.
INFO:__mp_main__:Worker 15: Finished collecting 256 steps.
INFO:__mp_main__:Worker 10: Finished collecting 256 steps.
INFO:__mp_main__:Worker 12: Finished collecting 256 steps.
INFO:__mp_main__:Worker 1: Finished collecting 256 steps.
INFO:__mp_main__:Worker 0: Finished collecting 256 steps.
INFO:__mp_main__:Worker 8: Finished collecting 256 steps.
INFO:__mp_main__:Worker 11: Finished collecting 256 steps.
INFO:__mp_main__:Worker 14: Finished collecting 256 steps.
INFO:__main__:Update: 3/146, Timesteps: 12288/600000, FPS: 65, Episodes: 480, Avg Reward (Last 100): 21.54, Avg Length (Last 100): 49.00
/home/kxu/miniforge3/envs/sgym-hab/lib/python3.9/site-packages/networkx/utils/backends.py:135: RuntimeWarning: networkx backend defined more than once: nx-loopback
  backends.update(_get_backends("networkx.backends"))
/home/kxu/miniforge3/envs/sgym-hab/lib/python3.9/site-packages/networkx/utils/backends.py:135: RuntimeWarning: networkx backend defined more than once: nx-loopback
  backends.update(_get_backends("networkx.backends"))
/home/kxu/miniforge3/envs/sgym-hab/lib/python3.9/site-packages/networkx/utils/backends.py:135: RuntimeWarning: networkx backend defined more than once: nx-loopback
  backends.update(_get_backends("networkx.backends"))
/home/kxu/miniforge3/envs/sgym-hab/lib/python3.9/site-packages/networkx/utils/backends.py:135: RuntimeWarning: networkx backend defined more than once: nx-loopback
  backends.update(_get_backends("networkx.backends"))
/home/kxu/miniforge3/envs/sgym-hab/lib/python3.9/site-packages/networkx/utils/backends.py:135: RuntimeWarning: networkx backend defined more than once: nx-loopback
  backends.update(_get_backends("networkx.backends"))
/home/kxu/miniforge3/envs/sgym-hab/lib/python3.9/site-packages/networkx/utils/backends.py:135: RuntimeWarning: networkx backend defined more than once: nx-loopback
  backends.update(_get_backends("networkx.backends"))
/home/kxu/miniforge3/envs/sgym-hab/lib/python3.9/site-packages/networkx/utils/backends.py:135: RuntimeWarning: networkx backend defined more than once: nx-loopback
  backends.update(_get_backends("networkx.backends"))
/home/kxu/miniforge3/envs/sgym-hab/lib/python3.9/site-packages/networkx/utils/backends.py:135: RuntimeWarning: networkx backend defined more than once: nx-loopback
  backends.update(_get_backends("networkx.backends"))
/home/kxu/miniforge3/envs/sgym-hab/lib/python3.9/site-packages/networkx/utils/backends.py:135: RuntimeWarning: networkx backend defined more than once: nx-loopback
  backends.update(_get_backends("networkx.backends"))
/home/kxu/miniforge3/envs/sgym-hab/lib/python3.9/site-packages/networkx/utils/backends.py:135: RuntimeWarning: networkx backend defined more than once: nx-loopback
  backends.update(_get_backends("networkx.backends"))
/home/kxu/miniforge3/envs/sgym-hab/lib/python3.9/site-packages/networkx/utils/backends.py:135: RuntimeWarning: networkx backend defined more than once: nx-loopback
  backends.update(_get_backends("networkx.backends"))
/home/kxu/miniforge3/envs/sgym-hab/lib/python3.9/site-packages/networkx/utils/backends.py:135: RuntimeWarning: networkx backend defined more than once: nx-loopback
  backends.update(_get_backends("networkx.backends"))
/home/kxu/miniforge3/envs/sgym-hab/lib/python3.9/site-packages/networkx/utils/backends.py:135: RuntimeWarning: networkx backend defined more than once: nx-loopback
  backends.update(_get_backends("networkx.backends"))
/home/kxu/miniforge3/envs/sgym-hab/lib/python3.9/site-packages/networkx/utils/backends.py:135: RuntimeWarning: networkx backend defined more than once: nx-loopback
  backends.update(_get_backends("networkx.backends"))
/home/kxu/miniforge3/envs/sgym-hab/lib/python3.9/site-packages/networkx/utils/backends.py:135: RuntimeWarning: networkx backend defined more than once: nx-loopback
  backends.update(_get_backends("networkx.backends"))
/home/kxu/miniforge3/envs/sgym-hab/lib/python3.9/site-packages/networkx/utils/backends.py:135: RuntimeWarning: networkx backend defined more than once: nx-loopback
  backends.update(_get_backends("networkx.backends"))
INFO:__mp_main__:Worker 1: Finished collecting 256 steps.
INFO:__mp_main__:Worker 9: Finished collecting 256 steps.
INFO:__mp_main__:Worker 7: Finished collecting 256 steps.
INFO:__mp_main__:Worker 11: Finished collecting 256 steps.
INFO:__mp_main__:Worker 3: Finished collecting 256 steps.
INFO:__mp_main__:Worker 2: Finished collecting 256 steps.
INFO:__mp_main__:Worker 15: Finished collecting 256 steps.
INFO:__mp_main__:Worker 5: Finished collecting 256 steps.
INFO:__mp_main__:Worker 0: Finished collecting 256 steps.
INFO:__mp_main__:Worker 4: Finished collecting 256 steps.
INFO:__mp_main__:Worker 10: Finished collecting 256 steps.
INFO:__mp_main__:Worker 14: Finished collecting 256 steps.
INFO:__mp_main__:Worker 13: Finished collecting 256 steps.
INFO:__mp_main__:Worker 8: Finished collecting 256 steps.
INFO:__mp_main__:Worker 6: Finished collecting 256 steps.
INFO:__mp_main__:Worker 12: Finished collecting 256 steps.
INFO:__main__:Update: 4/146, Timesteps: 16384/600000, FPS: 65, Episodes: 640, Avg Reward (Last 100): 22.11, Avg Length (Last 100): 49.00
/home/kxu/miniforge3/envs/sgym-hab/lib/python3.9/site-packages/networkx/utils/backends.py:135: RuntimeWarning: networkx backend defined more than once: nx-loopback
  backends.update(_get_backends("networkx.backends"))
/home/kxu/miniforge3/envs/sgym-hab/lib/python3.9/site-packages/networkx/utils/backends.py:135: RuntimeWarning: networkx backend defined more than once: nx-loopback
  backends.update(_get_backends("networkx.backends"))
/home/kxu/miniforge3/envs/sgym-hab/lib/python3.9/site-packages/networkx/utils/backends.py:135: RuntimeWarning: networkx backend defined more than once: nx-loopback
  backends.update(_get_backends("networkx.backends"))
/home/kxu/miniforge3/envs/sgym-hab/lib/python3.9/site-packages/networkx/utils/backends.py:135: RuntimeWarning: networkx backend defined more than once: nx-loopback
  backends.update(_get_backends("networkx.backends"))
/home/kxu/miniforge3/envs/sgym-hab/lib/python3.9/site-packages/networkx/utils/backends.py:135: RuntimeWarning: networkx backend defined more than once: nx-loopback
  backends.update(_get_backends("networkx.backends"))
/home/kxu/miniforge3/envs/sgym-hab/lib/python3.9/site-packages/networkx/utils/backends.py:135: RuntimeWarning: networkx backend defined more than once: nx-loopback
  backends.update(_get_backends("networkx.backends"))
/home/kxu/miniforge3/envs/sgym-hab/lib/python3.9/site-packages/networkx/utils/backends.py:135: RuntimeWarning: networkx backend defined more than once: nx-loopback
  backends.update(_get_backends("networkx.backends"))
/home/kxu/miniforge3/envs/sgym-hab/lib/python3.9/site-packages/networkx/utils/backends.py:135: RuntimeWarning: networkx backend defined more than once: nx-loopback
  backends.update(_get_backends("networkx.backends"))
/home/kxu/miniforge3/envs/sgym-hab/lib/python3.9/site-packages/networkx/utils/backends.py:135: RuntimeWarning: networkx backend defined more than once: nx-loopback
  backends.update(_get_backends("networkx.backends"))
/home/kxu/miniforge3/envs/sgym-hab/lib/python3.9/site-packages/networkx/utils/backends.py:135: RuntimeWarning: networkx backend defined more than once: nx-loopback
  backends.update(_get_backends("networkx.backends"))
/home/kxu/miniforge3/envs/sgym-hab/lib/python3.9/site-packages/networkx/utils/backends.py:135: RuntimeWarning: networkx backend defined more than once: nx-loopback
  backends.update(_get_backends("networkx.backends"))
/home/kxu/miniforge3/envs/sgym-hab/lib/python3.9/site-packages/networkx/utils/backends.py:135: RuntimeWarning: networkx backend defined more than once: nx-loopback
  backends.update(_get_backends("networkx.backends"))
/home/kxu/miniforge3/envs/sgym-hab/lib/python3.9/site-packages/networkx/utils/backends.py:135: RuntimeWarning: networkx backend defined more than once: nx-loopback
  backends.update(_get_backends("networkx.backends"))
/home/kxu/miniforge3/envs/sgym-hab/lib/python3.9/site-packages/networkx/utils/backends.py:135: RuntimeWarning: networkx backend defined more than once: nx-loopback
  backends.update(_get_backends("networkx.backends"))
/home/kxu/miniforge3/envs/sgym-hab/lib/python3.9/site-packages/networkx/utils/backends.py:135: RuntimeWarning: networkx backend defined more than once: nx-loopback
  backends.update(_get_backends("networkx.backends"))
/home/kxu/miniforge3/envs/sgym-hab/lib/python3.9/site-packages/networkx/utils/backends.py:135: RuntimeWarning: networkx backend defined more than once: nx-loopback
  backends.update(_get_backends("networkx.backends"))
INFO:__mp_main__:Worker 5: Finished collecting 256 steps.
INFO:__mp_main__:Worker 7: Finished collecting 256 steps.
INFO:__mp_main__:Worker 13: Finished collecting 256 steps.
INFO:__mp_main__:Worker 4: Finished collecting 256 steps.
INFO:__mp_main__:Worker 6: Finished collecting 256 steps.
INFO:__mp_main__:Worker 11: Finished collecting 256 steps.
INFO:__mp_main__:Worker 1: Finished collecting 256 steps.
INFO:__mp_main__:Worker 2: Finished collecting 256 steps.
INFO:__mp_main__:Worker 12: Finished collecting 256 steps.
INFO:__mp_main__:Worker 9: Finished collecting 256 steps.
INFO:__mp_main__:Worker 0: Finished collecting 256 steps.
INFO:__mp_main__:Worker 3: Finished collecting 256 steps.
INFO:__mp_main__:Worker 10: Finished collecting 256 steps.
INFO:__mp_main__:Worker 15: Finished collecting 256 steps.
INFO:__mp_main__:Worker 8: Finished collecting 256 steps.
INFO:__mp_main__:Worker 14: Finished collecting 256 steps.
INFO:__main__:Update: 5/146, Timesteps: 20480/600000, FPS: 65, Episodes: 800, Avg Reward (Last 100): 21.21, Avg Length (Last 100): 49.00
/home/kxu/miniforge3/envs/sgym-hab/lib/python3.9/site-packages/networkx/utils/backends.py:135: RuntimeWarning: networkx backend defined more than once: nx-loopback
  backends.update(_get_backends("networkx.backends"))
/home/kxu/miniforge3/envs/sgym-hab/lib/python3.9/site-packages/networkx/utils/backends.py:135: RuntimeWarning: networkx backend defined more than once: nx-loopback
  backends.update(_get_backends("networkx.backends"))
/home/kxu/miniforge3/envs/sgym-hab/lib/python3.9/site-packages/networkx/utils/backends.py:135: RuntimeWarning: networkx backend defined more than once: nx-loopback
  backends.update(_get_backends("networkx.backends"))
/home/kxu/miniforge3/envs/sgym-hab/lib/python3.9/site-packages/networkx/utils/backends.py:135: RuntimeWarning: networkx backend defined more than once: nx-loopback
  backends.update(_get_backends("networkx.backends"))
/home/kxu/miniforge3/envs/sgym-hab/lib/python3.9/site-packages/networkx/utils/backends.py:135: RuntimeWarning: networkx backend defined more than once: nx-loopback
  backends.update(_get_backends("networkx.backends"))
/home/kxu/miniforge3/envs/sgym-hab/lib/python3.9/site-packages/networkx/utils/backends.py:135: RuntimeWarning: networkx backend defined more than once: nx-loopback
  backends.update(_get_backends("networkx.backends"))
/home/kxu/miniforge3/envs/sgym-hab/lib/python3.9/site-packages/networkx/utils/backends.py:135: RuntimeWarning: networkx backend defined more than once: nx-loopback
  backends.update(_get_backends("networkx.backends"))
/home/kxu/miniforge3/envs/sgym-hab/lib/python3.9/site-packages/networkx/utils/backends.py:135: RuntimeWarning: networkx backend defined more than once: nx-loopback
  backends.update(_get_backends("networkx.backends"))
/home/kxu/miniforge3/envs/sgym-hab/lib/python3.9/site-packages/networkx/utils/backends.py:135: RuntimeWarning: networkx backend defined more than once: nx-loopback
  backends.update(_get_backends("networkx.backends"))
/home/kxu/miniforge3/envs/sgym-hab/lib/python3.9/site-packages/networkx/utils/backends.py:135: RuntimeWarning: networkx backend defined more than once: nx-loopback
  backends.update(_get_backends("networkx.backends"))
/home/kxu/miniforge3/envs/sgym-hab/lib/python3.9/site-packages/networkx/utils/backends.py:135: RuntimeWarning: networkx backend defined more than once: nx-loopback
  backends.update(_get_backends("networkx.backends"))
/home/kxu/miniforge3/envs/sgym-hab/lib/python3.9/site-packages/networkx/utils/backends.py:135: RuntimeWarning: networkx backend defined more than once: nx-loopback
  backends.update(_get_backends("networkx.backends"))
/home/kxu/miniforge3/envs/sgym-hab/lib/python3.9/site-packages/networkx/utils/backends.py:135: RuntimeWarning: networkx backend defined more than once: nx-loopback
  backends.update(_get_backends("networkx.backends"))
/home/kxu/miniforge3/envs/sgym-hab/lib/python3.9/site-packages/networkx/utils/backends.py:135: RuntimeWarning: networkx backend defined more than once: nx-loopback
  backends.update(_get_backends("networkx.backends"))
/home/kxu/miniforge3/envs/sgym-hab/lib/python3.9/site-packages/networkx/utils/backends.py:135: RuntimeWarning: networkx backend defined more than once: nx-loopback
  backends.update(_get_backends("networkx.backends"))
/home/kxu/miniforge3/envs/sgym-hab/lib/python3.9/site-packages/networkx/utils/backends.py:135: RuntimeWarning: networkx backend defined more than once: nx-loopback
  backends.update(_get_backends("networkx.backends"))
INFO:__mp_main__:Worker 8: Finished collecting 256 steps.
INFO:__mp_main__:Worker 12: Finished collecting 256 steps.
INFO:__mp_main__:Worker 9: Finished collecting 256 steps.
INFO:__mp_main__:Worker 1: Finished collecting 256 steps.
INFO:__mp_main__:Worker 6: Finished collecting 256 steps.
INFO:__mp_main__:Worker 5: Finished collecting 256 steps.
INFO:__mp_main__:Worker 2: Finished collecting 256 steps.
INFO:__mp_main__:Worker 15: Finished collecting 256 steps.
INFO:__mp_main__:Worker 3: Finished collecting 256 steps.
INFO:__mp_main__:Worker 7: Finished collecting 256 steps.
INFO:__mp_main__:Worker 10: Finished collecting 256 steps.
INFO:__mp_main__:Worker 0: Finished collecting 256 steps.
INFO:__mp_main__:Worker 11: Finished collecting 256 steps.
INFO:__mp_main__:Worker 4: Finished collecting 256 steps.
INFO:__mp_main__:Worker 14: Finished collecting 256 steps.
INFO:__mp_main__:Worker 13: Finished collecting 256 steps.
INFO:__main__:Update: 6/146, Timesteps: 24576/600000, FPS: 65, Episodes: 960, Avg Reward (Last 100): 21.32, Avg Length (Last 100): 48.24
/home/kxu/miniforge3/envs/sgym-hab/lib/python3.9/site-packages/networkx/utils/backends.py:135: RuntimeWarning: networkx backend defined more than once: nx-loopback
  backends.update(_get_backends("networkx.backends"))
/home/kxu/miniforge3/envs/sgym-hab/lib/python3.9/site-packages/networkx/utils/backends.py:135: RuntimeWarning: networkx backend defined more than once: nx-loopback
  backends.update(_get_backends("networkx.backends"))
/home/kxu/miniforge3/envs/sgym-hab/lib/python3.9/site-packages/networkx/utils/backends.py:135: RuntimeWarning: networkx backend defined more than once: nx-loopback
  backends.update(_get_backends("networkx.backends"))
/home/kxu/miniforge3/envs/sgym-hab/lib/python3.9/site-packages/networkx/utils/backends.py:135: RuntimeWarning: networkx backend defined more than once: nx-loopback
  backends.update(_get_backends("networkx.backends"))
/home/kxu/miniforge3/envs/sgym-hab/lib/python3.9/site-packages/networkx/utils/backends.py:135: RuntimeWarning: networkx backend defined more than once: nx-loopback
  backends.update(_get_backends("networkx.backends"))
/home/kxu/miniforge3/envs/sgym-hab/lib/python3.9/site-packages/networkx/utils/backends.py:135: RuntimeWarning: networkx backend defined more than once: nx-loopback
  backends.update(_get_backends("networkx.backends"))
/home/kxu/miniforge3/envs/sgym-hab/lib/python3.9/site-packages/networkx/utils/backends.py:135: RuntimeWarning: networkx backend defined more than once: nx-loopback
  backends.update(_get_backends("networkx.backends"))
/home/kxu/miniforge3/envs/sgym-hab/lib/python3.9/site-packages/networkx/utils/backends.py:135: RuntimeWarning: networkx backend defined more than once: nx-loopback
  backends.update(_get_backends("networkx.backends"))
/home/kxu/miniforge3/envs/sgym-hab/lib/python3.9/site-packages/networkx/utils/backends.py:135: RuntimeWarning: networkx backend defined more than once: nx-loopback
  backends.update(_get_backends("networkx.backends"))
/home/kxu/miniforge3/envs/sgym-hab/lib/python3.9/site-packages/networkx/utils/backends.py:135: RuntimeWarning: networkx backend defined more than once: nx-loopback
  backends.update(_get_backends("networkx.backends"))
/home/kxu/miniforge3/envs/sgym-hab/lib/python3.9/site-packages/networkx/utils/backends.py:135: RuntimeWarning: networkx backend defined more than once: nx-loopback
  backends.update(_get_backends("networkx.backends"))
/home/kxu/miniforge3/envs/sgym-hab/lib/python3.9/site-packages/networkx/utils/backends.py:135: RuntimeWarning: networkx backend defined more than once: nx-loopback
  backends.update(_get_backends("networkx.backends"))
/home/kxu/miniforge3/envs/sgym-hab/lib/python3.9/site-packages/networkx/utils/backends.py:135: RuntimeWarning: networkx backend defined more than once: nx-loopback
  backends.update(_get_backends("networkx.backends"))
/home/kxu/miniforge3/envs/sgym-hab/lib/python3.9/site-packages/networkx/utils/backends.py:135: RuntimeWarning: networkx backend defined more than once: nx-loopback
  backends.update(_get_backends("networkx.backends"))
/home/kxu/miniforge3/envs/sgym-hab/lib/python3.9/site-packages/networkx/utils/backends.py:135: RuntimeWarning: networkx backend defined more than once: nx-loopback
  backends.update(_get_backends("networkx.backends"))
/home/kxu/miniforge3/envs/sgym-hab/lib/python3.9/site-packages/networkx/utils/backends.py:135: RuntimeWarning: networkx backend defined more than once: nx-loopback
  backends.update(_get_backends("networkx.backends"))
INFO:__mp_main__:Worker 9: Finished collecting 256 steps.
INFO:__mp_main__:Worker 6: Finished collecting 256 steps.
INFO:__mp_main__:Worker 8: Finished collecting 256 steps.
INFO:__mp_main__:Worker 10: Finished collecting 256 steps.
INFO:__mp_main__:Worker 7: Finished collecting 256 steps.
INFO:__mp_main__:Worker 11: Finished collecting 256 steps.
INFO:__mp_main__:Worker 13: Finished collecting 256 steps.
INFO:__mp_main__:Worker 5: Finished collecting 256 steps.
INFO:__mp_main__:Worker 0: Finished collecting 256 steps.
INFO:__mp_main__:Worker 14: Finished collecting 256 steps.
INFO:__mp_main__:Worker 1: Finished collecting 256 steps.
INFO:__mp_main__:Worker 2: Finished collecting 256 steps.
INFO:__mp_main__:Worker 15: Finished collecting 256 steps.
INFO:__mp_main__:Worker 4: Finished collecting 256 steps.
INFO:__mp_main__:Worker 3: Finished collecting 256 steps.
INFO:__mp_main__:Worker 12: Finished collecting 256 steps.
INFO:__main__:Update: 7/146, Timesteps: 28672/600000, FPS: 65, Episodes: 1120, Avg Reward (Last 100): 21.00, Avg Length (Last 100): 49.00
/home/kxu/miniforge3/envs/sgym-hab/lib/python3.9/site-packages/networkx/utils/backends.py:135: RuntimeWarning: networkx backend defined more than once: nx-loopback
  backends.update(_get_backends("networkx.backends"))
/home/kxu/miniforge3/envs/sgym-hab/lib/python3.9/site-packages/networkx/utils/backends.py:135: RuntimeWarning: networkx backend defined more than once: nx-loopback
  backends.update(_get_backends("networkx.backends"))
/home/kxu/miniforge3/envs/sgym-hab/lib/python3.9/site-packages/networkx/utils/backends.py:135: RuntimeWarning: networkx backend defined more than once: nx-loopback
  backends.update(_get_backends("networkx.backends"))
/home/kxu/miniforge3/envs/sgym-hab/lib/python3.9/site-packages/networkx/utils/backends.py:135: RuntimeWarning: networkx backend defined more than once: nx-loopback
  backends.update(_get_backends("networkx.backends"))
/home/kxu/miniforge3/envs/sgym-hab/lib/python3.9/site-packages/networkx/utils/backends.py:135: RuntimeWarning: networkx backend defined more than once: nx-loopback
  backends.update(_get_backends("networkx.backends"))
/home/kxu/miniforge3/envs/sgym-hab/lib/python3.9/site-packages/networkx/utils/backends.py:135: RuntimeWarning: networkx backend defined more than once: nx-loopback
  backends.update(_get_backends("networkx.backends"))
/home/kxu/miniforge3/envs/sgym-hab/lib/python3.9/site-packages/networkx/utils/backends.py:135: RuntimeWarning: networkx backend defined more than once: nx-loopback
  backends.update(_get_backends("networkx.backends"))
/home/kxu/miniforge3/envs/sgym-hab/lib/python3.9/site-packages/networkx/utils/backends.py:135: RuntimeWarning: networkx backend defined more than once: nx-loopback
  backends.update(_get_backends("networkx.backends"))
/home/kxu/miniforge3/envs/sgym-hab/lib/python3.9/site-packages/networkx/utils/backends.py:135: RuntimeWarning: networkx backend defined more than once: nx-loopback
  backends.update(_get_backends("networkx.backends"))
/home/kxu/miniforge3/envs/sgym-hab/lib/python3.9/site-packages/networkx/utils/backends.py:135: RuntimeWarning: networkx backend defined more than once: nx-loopback
  backends.update(_get_backends("networkx.backends"))
/home/kxu/miniforge3/envs/sgym-hab/lib/python3.9/site-packages/networkx/utils/backends.py:135: RuntimeWarning: networkx backend defined more than once: nx-loopback
  backends.update(_get_backends("networkx.backends"))
/home/kxu/miniforge3/envs/sgym-hab/lib/python3.9/site-packages/networkx/utils/backends.py:135: RuntimeWarning: networkx backend defined more than once: nx-loopback
  backends.update(_get_backends("networkx.backends"))
/home/kxu/miniforge3/envs/sgym-hab/lib/python3.9/site-packages/networkx/utils/backends.py:135: RuntimeWarning: networkx backend defined more than once: nx-loopback
  backends.update(_get_backends("networkx.backends"))
/home/kxu/miniforge3/envs/sgym-hab/lib/python3.9/site-packages/networkx/utils/backends.py:135: RuntimeWarning: networkx backend defined more than once: nx-loopback
  backends.update(_get_backends("networkx.backends"))
/home/kxu/miniforge3/envs/sgym-hab/lib/python3.9/site-packages/networkx/utils/backends.py:135: RuntimeWarning: networkx backend defined more than once: nx-loopback
  backends.update(_get_backends("networkx.backends"))
/home/kxu/miniforge3/envs/sgym-hab/lib/python3.9/site-packages/networkx/utils/backends.py:135: RuntimeWarning: networkx backend defined more than once: nx-loopback
  backends.update(_get_backends("networkx.backends"))
INFO:__mp_main__:Worker 10: Finished collecting 256 steps.
INFO:__mp_main__:Worker 8: Finished collecting 256 steps.
INFO:__mp_main__:Worker 13: Finished collecting 256 steps.
INFO:__mp_main__:Worker 1: Finished collecting 256 steps.
INFO:__mp_main__:Worker 7: Finished collecting 256 steps.
INFO:__mp_main__:Worker 3: Finished collecting 256 steps.
INFO:__mp_main__:Worker 2: Finished collecting 256 steps.
INFO:__mp_main__:Worker 12: Finished collecting 256 steps.
INFO:__mp_main__:Worker 0: Finished collecting 256 steps.
INFO:__mp_main__:Worker 11: Finished collecting 256 steps.
INFO:__mp_main__:Worker 9: Finished collecting 256 steps.
INFO:__mp_main__:Worker 14: Finished collecting 256 steps.
INFO:__mp_main__:Worker 5: Finished collecting 256 steps.
INFO:__mp_main__:Worker 15: Finished collecting 256 steps.
INFO:__mp_main__:Worker 6: Finished collecting 256 steps.
INFO:__mp_main__:Worker 4: Finished collecting 256 steps.
INFO:__main__:Update: 8/146, Timesteps: 32768/600000, FPS: 65, Episodes: 1280, Avg Reward (Last 100): 20.54, Avg Length (Last 100): 49.00
/home/kxu/miniforge3/envs/sgym-hab/lib/python3.9/site-packages/networkx/utils/backends.py:135: RuntimeWarning: networkx backend defined more than once: nx-loopback
  backends.update(_get_backends("networkx.backends"))
/home/kxu/miniforge3/envs/sgym-hab/lib/python3.9/site-packages/networkx/utils/backends.py:135: RuntimeWarning: networkx backend defined more than once: nx-loopback
  backends.update(_get_backends("networkx.backends"))
/home/kxu/miniforge3/envs/sgym-hab/lib/python3.9/site-packages/networkx/utils/backends.py:135: RuntimeWarning: networkx backend defined more than once: nx-loopback
  backends.update(_get_backends("networkx.backends"))
/home/kxu/miniforge3/envs/sgym-hab/lib/python3.9/site-packages/networkx/utils/backends.py:135: RuntimeWarning: networkx backend defined more than once: nx-loopback
  backends.update(_get_backends("networkx.backends"))
/home/kxu/miniforge3/envs/sgym-hab/lib/python3.9/site-packages/networkx/utils/backends.py:135: RuntimeWarning: networkx backend defined more than once: nx-loopback
  backends.update(_get_backends("networkx.backends"))
/home/kxu/miniforge3/envs/sgym-hab/lib/python3.9/site-packages/networkx/utils/backends.py:135: RuntimeWarning: networkx backend defined more than once: nx-loopback
  backends.update(_get_backends("networkx.backends"))
/home/kxu/miniforge3/envs/sgym-hab/lib/python3.9/site-packages/networkx/utils/backends.py:135: RuntimeWarning: networkx backend defined more than once: nx-loopback
  backends.update(_get_backends("networkx.backends"))
/home/kxu/miniforge3/envs/sgym-hab/lib/python3.9/site-packages/networkx/utils/backends.py:135: RuntimeWarning: networkx backend defined more than once: nx-loopback
  backends.update(_get_backends("networkx.backends"))
/home/kxu/miniforge3/envs/sgym-hab/lib/python3.9/site-packages/networkx/utils/backends.py:135: RuntimeWarning: networkx backend defined more than once: nx-loopback
  backends.update(_get_backends("networkx.backends"))
/home/kxu/miniforge3/envs/sgym-hab/lib/python3.9/site-packages/networkx/utils/backends.py:135: RuntimeWarning: networkx backend defined more than once: nx-loopback
  backends.update(_get_backends("networkx.backends"))
/home/kxu/miniforge3/envs/sgym-hab/lib/python3.9/site-packages/networkx/utils/backends.py:135: RuntimeWarning: networkx backend defined more than once: nx-loopback
  backends.update(_get_backends("networkx.backends"))
/home/kxu/miniforge3/envs/sgym-hab/lib/python3.9/site-packages/networkx/utils/backends.py:135: RuntimeWarning: networkx backend defined more than once: nx-loopback
  backends.update(_get_backends("networkx.backends"))
/home/kxu/miniforge3/envs/sgym-hab/lib/python3.9/site-packages/networkx/utils/backends.py:135: RuntimeWarning: networkx backend defined more than once: nx-loopback
  backends.update(_get_backends("networkx.backends"))
/home/kxu/miniforge3/envs/sgym-hab/lib/python3.9/site-packages/networkx/utils/backends.py:135: RuntimeWarning: networkx backend defined more than once: nx-loopback
  backends.update(_get_backends("networkx.backends"))
/home/kxu/miniforge3/envs/sgym-hab/lib/python3.9/site-packages/networkx/utils/backends.py:135: RuntimeWarning: networkx backend defined more than once: nx-loopback
  backends.update(_get_backends("networkx.backends"))
/home/kxu/miniforge3/envs/sgym-hab/lib/python3.9/site-packages/networkx/utils/backends.py:135: RuntimeWarning: networkx backend defined more than once: nx-loopback
  backends.update(_get_backends("networkx.backends"))
INFO:__mp_main__:Worker 6: Finished collecting 256 steps.
INFO:__mp_main__:Worker 9: Finished collecting 256 steps.
INFO:__mp_main__:Worker 4: Finished collecting 256 steps.
INFO:__mp_main__:Worker 10: Finished collecting 256 steps.
INFO:__mp_main__:Worker 8: Finished collecting 256 steps.
INFO:__mp_main__:Worker 11: Finished collecting 256 steps.
INFO:__mp_main__:Worker 3: Finished collecting 256 steps.
INFO:__mp_main__:Worker 0: Finished collecting 256 steps.
INFO:__mp_main__:Worker 1: Finished collecting 256 steps.
INFO:__mp_main__:Worker 7: Finished collecting 256 steps.
INFO:__mp_main__:Worker 12: Finished collecting 256 steps.
INFO:__mp_main__:Worker 13: Finished collecting 256 steps.
INFO:__mp_main__:Worker 5: Finished collecting 256 steps.
INFO:__mp_main__:Worker 14: Finished collecting 256 steps.
INFO:__mp_main__:Worker 2: Finished collecting 256 steps.
INFO:__mp_main__:Worker 15: Finished collecting 256 steps.
INFO:__main__:Update: 9/146, Timesteps: 36864/600000, FPS: 65, Episodes: 1440, Avg Reward (Last 100): 20.30, Avg Length (Last 100): 48.82
/home/kxu/miniforge3/envs/sgym-hab/lib/python3.9/site-packages/networkx/utils/backends.py:135: RuntimeWarning: networkx backend defined more than once: nx-loopback
  backends.update(_get_backends("networkx.backends"))
/home/kxu/miniforge3/envs/sgym-hab/lib/python3.9/site-packages/networkx/utils/backends.py:135: RuntimeWarning: networkx backend defined more than once: nx-loopback
  backends.update(_get_backends("networkx.backends"))
/home/kxu/miniforge3/envs/sgym-hab/lib/python3.9/site-packages/networkx/utils/backends.py:135: RuntimeWarning: networkx backend defined more than once: nx-loopback
  backends.update(_get_backends("networkx.backends"))
/home/kxu/miniforge3/envs/sgym-hab/lib/python3.9/site-packages/networkx/utils/backends.py:135: RuntimeWarning: networkx backend defined more than once: nx-loopback
  backends.update(_get_backends("networkx.backends"))
/home/kxu/miniforge3/envs/sgym-hab/lib/python3.9/site-packages/networkx/utils/backends.py:135: RuntimeWarning: networkx backend defined more than once: nx-loopback
  backends.update(_get_backends("networkx.backends"))
/home/kxu/miniforge3/envs/sgym-hab/lib/python3.9/site-packages/networkx/utils/backends.py:135: RuntimeWarning: networkx backend defined more than once: nx-loopback
  backends.update(_get_backends("networkx.backends"))
/home/kxu/miniforge3/envs/sgym-hab/lib/python3.9/site-packages/networkx/utils/backends.py:135: RuntimeWarning: networkx backend defined more than once: nx-loopback
  backends.update(_get_backends("networkx.backends"))
/home/kxu/miniforge3/envs/sgym-hab/lib/python3.9/site-packages/networkx/utils/backends.py:135: RuntimeWarning: networkx backend defined more than once: nx-loopback
  backends.update(_get_backends("networkx.backends"))
/home/kxu/miniforge3/envs/sgym-hab/lib/python3.9/site-packages/networkx/utils/backends.py:135: RuntimeWarning: networkx backend defined more than once: nx-loopback
  backends.update(_get_backends("networkx.backends"))
/home/kxu/miniforge3/envs/sgym-hab/lib/python3.9/site-packages/networkx/utils/backends.py:135: RuntimeWarning: networkx backend defined more than once: nx-loopback
  backends.update(_get_backends("networkx.backends"))
/home/kxu/miniforge3/envs/sgym-hab/lib/python3.9/site-packages/networkx/utils/backends.py:135: RuntimeWarning: networkx backend defined more than once: nx-loopback
  backends.update(_get_backends("networkx.backends"))
/home/kxu/miniforge3/envs/sgym-hab/lib/python3.9/site-packages/networkx/utils/backends.py:135: RuntimeWarning: networkx backend defined more than once: nx-loopback
  backends.update(_get_backends("networkx.backends"))
/home/kxu/miniforge3/envs/sgym-hab/lib/python3.9/site-packages/networkx/utils/backends.py:135: RuntimeWarning: networkx backend defined more than once: nx-loopback
  backends.update(_get_backends("networkx.backends"))
/home/kxu/miniforge3/envs/sgym-hab/lib/python3.9/site-packages/networkx/utils/backends.py:135: RuntimeWarning: networkx backend defined more than once: nx-loopback
  backends.update(_get_backends("networkx.backends"))
/home/kxu/miniforge3/envs/sgym-hab/lib/python3.9/site-packages/networkx/utils/backends.py:135: RuntimeWarning: networkx backend defined more than once: nx-loopback
  backends.update(_get_backends("networkx.backends"))
/home/kxu/miniforge3/envs/sgym-hab/lib/python3.9/site-packages/networkx/utils/backends.py:135: RuntimeWarning: networkx backend defined more than once: nx-loopback
  backends.update(_get_backends("networkx.backends"))
INFO:__mp_main__:Worker 0: Finished collecting 256 steps.
INFO:__mp_main__:Worker 3: Finished collecting 256 steps.
INFO:__mp_main__:Worker 5: Finished collecting 256 steps.
INFO:__mp_main__:Worker 9: Finished collecting 256 steps.
INFO:__mp_main__:Worker 10: Finished collecting 256 steps.
INFO:__mp_main__:Worker 15: Finished collecting 256 steps.
INFO:__mp_main__:Worker 6: Finished collecting 256 steps.
INFO:__mp_main__:Worker 1: Finished collecting 256 steps.
INFO:__mp_main__:Worker 12: Finished collecting 256 steps.
INFO:__mp_main__:Worker 2: Finished collecting 256 steps.
INFO:__mp_main__:Worker 8: Finished collecting 256 steps.
INFO:__mp_main__:Worker 14: Finished collecting 256 steps.
INFO:__mp_main__:Worker 13: Finished collecting 256 steps.
INFO:__mp_main__:Worker 7: Finished collecting 256 steps.
INFO:__mp_main__:Worker 4: Finished collecting 256 steps.
INFO:__mp_main__:Worker 11: Finished collecting 256 steps.
INFO:__main__:Update: 10/146, Timesteps: 40960/600000, FPS: 65, Episodes: 1600, Avg Reward (Last 100): 19.09, Avg Length (Last 100): 49.00
/home/kxu/miniforge3/envs/sgym-hab/lib/python3.9/site-packages/networkx/utils/backends.py:135: RuntimeWarning: networkx backend defined more than once: nx-loopback
  backends.update(_get_backends("networkx.backends"))
/home/kxu/miniforge3/envs/sgym-hab/lib/python3.9/site-packages/networkx/utils/backends.py:135: RuntimeWarning: networkx backend defined more than once: nx-loopback
  backends.update(_get_backends("networkx.backends"))
/home/kxu/miniforge3/envs/sgym-hab/lib/python3.9/site-packages/networkx/utils/backends.py:135: RuntimeWarning: networkx backend defined more than once: nx-loopback
  backends.update(_get_backends("networkx.backends"))
/home/kxu/miniforge3/envs/sgym-hab/lib/python3.9/site-packages/networkx/utils/backends.py:135: RuntimeWarning: networkx backend defined more than once: nx-loopback
  backends.update(_get_backends("networkx.backends"))
/home/kxu/miniforge3/envs/sgym-hab/lib/python3.9/site-packages/networkx/utils/backends.py:135: RuntimeWarning: networkx backend defined more than once: nx-loopback
  backends.update(_get_backends("networkx.backends"))
/home/kxu/miniforge3/envs/sgym-hab/lib/python3.9/site-packages/networkx/utils/backends.py:135: RuntimeWarning: networkx backend defined more than once: nx-loopback
  backends.update(_get_backends("networkx.backends"))
/home/kxu/miniforge3/envs/sgym-hab/lib/python3.9/site-packages/networkx/utils/backends.py:135: RuntimeWarning: networkx backend defined more than once: nx-loopback
  backends.update(_get_backends("networkx.backends"))
/home/kxu/miniforge3/envs/sgym-hab/lib/python3.9/site-packages/networkx/utils/backends.py:135: RuntimeWarning: networkx backend defined more than once: nx-loopback
  backends.update(_get_backends("networkx.backends"))
/home/kxu/miniforge3/envs/sgym-hab/lib/python3.9/site-packages/networkx/utils/backends.py:135: RuntimeWarning: networkx backend defined more than once: nx-loopback
  backends.update(_get_backends("networkx.backends"))
/home/kxu/miniforge3/envs/sgym-hab/lib/python3.9/site-packages/networkx/utils/backends.py:135: RuntimeWarning: networkx backend defined more than once: nx-loopback
  backends.update(_get_backends("networkx.backends"))
/home/kxu/miniforge3/envs/sgym-hab/lib/python3.9/site-packages/networkx/utils/backends.py:135: RuntimeWarning: networkx backend defined more than once: nx-loopback
  backends.update(_get_backends("networkx.backends"))
/home/kxu/miniforge3/envs/sgym-hab/lib/python3.9/site-packages/networkx/utils/backends.py:135: RuntimeWarning: networkx backend defined more than once: nx-loopback
  backends.update(_get_backends("networkx.backends"))
/home/kxu/miniforge3/envs/sgym-hab/lib/python3.9/site-packages/networkx/utils/backends.py:135: RuntimeWarning: networkx backend defined more than once: nx-loopback
  backends.update(_get_backends("networkx.backends"))
/home/kxu/miniforge3/envs/sgym-hab/lib/python3.9/site-packages/networkx/utils/backends.py:135: RuntimeWarning: networkx backend defined more than once: nx-loopback
  backends.update(_get_backends("networkx.backends"))
/home/kxu/miniforge3/envs/sgym-hab/lib/python3.9/site-packages/networkx/utils/backends.py:135: RuntimeWarning: networkx backend defined more than once: nx-loopback
  backends.update(_get_backends("networkx.backends"))
/home/kxu/miniforge3/envs/sgym-hab/lib/python3.9/site-packages/networkx/utils/backends.py:135: RuntimeWarning: networkx backend defined more than once: nx-loopback
  backends.update(_get_backends("networkx.backends"))
INFO:__mp_main__:Worker 8: Finished collecting 256 steps.
INFO:__mp_main__:Worker 10: Finished collecting 256 steps.
INFO:__mp_main__:Worker 6: Finished collecting 256 steps.
INFO:__mp_main__:Worker 14: Finished collecting 256 steps.
INFO:__mp_main__:Worker 9: Finished collecting 256 steps.
INFO:__mp_main__:Worker 7: Finished collecting 256 steps.
INFO:__mp_main__:Worker 4: Finished collecting 256 steps.
INFO:__mp_main__:Worker 5: Finished collecting 256 steps.
INFO:__mp_main__:Worker 1: Finished collecting 256 steps.
INFO:__mp_main__:Worker 0: Finished collecting 256 steps.
INFO:__mp_main__:Worker 2: Finished collecting 256 steps.
INFO:__mp_main__:Worker 13: Finished collecting 256 steps.
INFO:__mp_main__:Worker 3: Finished collecting 256 steps.
INFO:__mp_main__:Worker 12: Finished collecting 256 steps.
INFO:__mp_main__:Worker 11: Finished collecting 256 steps.
INFO:__mp_main__:Worker 15: Finished collecting 256 steps.
INFO:__main__:Update: 11/146, Timesteps: 45056/600000, FPS: 65, Episodes: 1760, Avg Reward (Last 100): 19.49, Avg Length (Last 100): 48.68
/home/kxu/miniforge3/envs/sgym-hab/lib/python3.9/site-packages/networkx/utils/backends.py:135: RuntimeWarning: networkx backend defined more than once: nx-loopback
  backends.update(_get_backends("networkx.backends"))
/home/kxu/miniforge3/envs/sgym-hab/lib/python3.9/site-packages/networkx/utils/backends.py:135: RuntimeWarning: networkx backend defined more than once: nx-loopback
  backends.update(_get_backends("networkx.backends"))
/home/kxu/miniforge3/envs/sgym-hab/lib/python3.9/site-packages/networkx/utils/backends.py:135: RuntimeWarning: networkx backend defined more than once: nx-loopback
  backends.update(_get_backends("networkx.backends"))
/home/kxu/miniforge3/envs/sgym-hab/lib/python3.9/site-packages/networkx/utils/backends.py:135: RuntimeWarning: networkx backend defined more than once: nx-loopback
  backends.update(_get_backends("networkx.backends"))
/home/kxu/miniforge3/envs/sgym-hab/lib/python3.9/site-packages/networkx/utils/backends.py:135: RuntimeWarning: networkx backend defined more than once: nx-loopback
  backends.update(_get_backends("networkx.backends"))
/home/kxu/miniforge3/envs/sgym-hab/lib/python3.9/site-packages/networkx/utils/backends.py:135: RuntimeWarning: networkx backend defined more than once: nx-loopback
  backends.update(_get_backends("networkx.backends"))
/home/kxu/miniforge3/envs/sgym-hab/lib/python3.9/site-packages/networkx/utils/backends.py:135: RuntimeWarning: networkx backend defined more than once: nx-loopback
  backends.update(_get_backends("networkx.backends"))
/home/kxu/miniforge3/envs/sgym-hab/lib/python3.9/site-packages/networkx/utils/backends.py:135: RuntimeWarning: networkx backend defined more than once: nx-loopback
  backends.update(_get_backends("networkx.backends"))
/home/kxu/miniforge3/envs/sgym-hab/lib/python3.9/site-packages/networkx/utils/backends.py:135: RuntimeWarning: networkx backend defined more than once: nx-loopback
  backends.update(_get_backends("networkx.backends"))
/home/kxu/miniforge3/envs/sgym-hab/lib/python3.9/site-packages/networkx/utils/backends.py:135: RuntimeWarning: networkx backend defined more than once: nx-loopback
  backends.update(_get_backends("networkx.backends"))
/home/kxu/miniforge3/envs/sgym-hab/lib/python3.9/site-packages/networkx/utils/backends.py:135: RuntimeWarning: networkx backend defined more than once: nx-loopback
  backends.update(_get_backends("networkx.backends"))
/home/kxu/miniforge3/envs/sgym-hab/lib/python3.9/site-packages/networkx/utils/backends.py:135: RuntimeWarning: networkx backend defined more than once: nx-loopback
  backends.update(_get_backends("networkx.backends"))
/home/kxu/miniforge3/envs/sgym-hab/lib/python3.9/site-packages/networkx/utils/backends.py:135: RuntimeWarning: networkx backend defined more than once: nx-loopback
  backends.update(_get_backends("networkx.backends"))
/home/kxu/miniforge3/envs/sgym-hab/lib/python3.9/site-packages/networkx/utils/backends.py:135: RuntimeWarning: networkx backend defined more than once: nx-loopback
  backends.update(_get_backends("networkx.backends"))
/home/kxu/miniforge3/envs/sgym-hab/lib/python3.9/site-packages/networkx/utils/backends.py:135: RuntimeWarning: networkx backend defined more than once: nx-loopback
  backends.update(_get_backends("networkx.backends"))
/home/kxu/miniforge3/envs/sgym-hab/lib/python3.9/site-packages/networkx/utils/backends.py:135: RuntimeWarning: networkx backend defined more than once: nx-loopback
  backends.update(_get_backends("networkx.backends"))
INFO:__mp_main__:Worker 0: Finished collecting 256 steps.
INFO:__mp_main__:Worker 4: Finished collecting 256 steps.
INFO:__mp_main__:Worker 11: Finished collecting 256 steps.
INFO:__mp_main__:Worker 9: Finished collecting 256 steps.
INFO:__mp_main__:Worker 14: Finished collecting 256 steps.
INFO:__mp_main__:Worker 5: Finished collecting 256 steps.
INFO:__mp_main__:Worker 10: Finished collecting 256 steps.
INFO:__mp_main__:Worker 8: Finished collecting 256 steps.
INFO:__mp_main__:Worker 1: Finished collecting 256 steps.
INFO:__mp_main__:Worker 6: Finished collecting 256 steps.
INFO:__mp_main__:Worker 13: Finished collecting 256 steps.
INFO:__mp_main__:Worker 2: Finished collecting 256 steps.
INFO:__mp_main__:Worker 15: Finished collecting 256 steps.
INFO:__mp_main__:Worker 7: Finished collecting 256 steps.
INFO:__mp_main__:Worker 3: Finished collecting 256 steps.
INFO:__mp_main__:Worker 12: Finished collecting 256 steps.
INFO:__main__:Update: 12/146, Timesteps: 49152/600000, FPS: 65, Episodes: 1920, Avg Reward (Last 100): 19.96, Avg Length (Last 100): 48.94
/home/kxu/miniforge3/envs/sgym-hab/lib/python3.9/site-packages/networkx/utils/backends.py:135: RuntimeWarning: networkx backend defined more than once: nx-loopback
  backends.update(_get_backends("networkx.backends"))
/home/kxu/miniforge3/envs/sgym-hab/lib/python3.9/site-packages/networkx/utils/backends.py:135: RuntimeWarning: networkx backend defined more than once: nx-loopback
  backends.update(_get_backends("networkx.backends"))
/home/kxu/miniforge3/envs/sgym-hab/lib/python3.9/site-packages/networkx/utils/backends.py:135: RuntimeWarning: networkx backend defined more than once: nx-loopback
  backends.update(_get_backends("networkx.backends"))
/home/kxu/miniforge3/envs/sgym-hab/lib/python3.9/site-packages/networkx/utils/backends.py:135: RuntimeWarning: networkx backend defined more than once: nx-loopback
  backends.update(_get_backends("networkx.backends"))
/home/kxu/miniforge3/envs/sgym-hab/lib/python3.9/site-packages/networkx/utils/backends.py:135: RuntimeWarning: networkx backend defined more than once: nx-loopback
  backends.update(_get_backends("networkx.backends"))
/home/kxu/miniforge3/envs/sgym-hab/lib/python3.9/site-packages/networkx/utils/backends.py:135: RuntimeWarning: networkx backend defined more than once: nx-loopback
  backends.update(_get_backends("networkx.backends"))
/home/kxu/miniforge3/envs/sgym-hab/lib/python3.9/site-packages/networkx/utils/backends.py:135: RuntimeWarning: networkx backend defined more than once: nx-loopback
  backends.update(_get_backends("networkx.backends"))
/home/kxu/miniforge3/envs/sgym-hab/lib/python3.9/site-packages/networkx/utils/backends.py:135: RuntimeWarning: networkx backend defined more than once: nx-loopback
  backends.update(_get_backends("networkx.backends"))
/home/kxu/miniforge3/envs/sgym-hab/lib/python3.9/site-packages/networkx/utils/backends.py:135: RuntimeWarning: networkx backend defined more than once: nx-loopback
  backends.update(_get_backends("networkx.backends"))
/home/kxu/miniforge3/envs/sgym-hab/lib/python3.9/site-packages/networkx/utils/backends.py:135: RuntimeWarning: networkx backend defined more than once: nx-loopback
  backends.update(_get_backends("networkx.backends"))
/home/kxu/miniforge3/envs/sgym-hab/lib/python3.9/site-packages/networkx/utils/backends.py:135: RuntimeWarning: networkx backend defined more than once: nx-loopback
  backends.update(_get_backends("networkx.backends"))
/home/kxu/miniforge3/envs/sgym-hab/lib/python3.9/site-packages/networkx/utils/backends.py:135: RuntimeWarning: networkx backend defined more than once: nx-loopback
  backends.update(_get_backends("networkx.backends"))
/home/kxu/miniforge3/envs/sgym-hab/lib/python3.9/site-packages/networkx/utils/backends.py:135: RuntimeWarning: networkx backend defined more than once: nx-loopback
  backends.update(_get_backends("networkx.backends"))
/home/kxu/miniforge3/envs/sgym-hab/lib/python3.9/site-packages/networkx/utils/backends.py:135: RuntimeWarning: networkx backend defined more than once: nx-loopback
  backends.update(_get_backends("networkx.backends"))
/home/kxu/miniforge3/envs/sgym-hab/lib/python3.9/site-packages/networkx/utils/backends.py:135: RuntimeWarning: networkx backend defined more than once: nx-loopback
  backends.update(_get_backends("networkx.backends"))
/home/kxu/miniforge3/envs/sgym-hab/lib/python3.9/site-packages/networkx/utils/backends.py:135: RuntimeWarning: networkx backend defined more than once: nx-loopback
  backends.update(_get_backends("networkx.backends"))
INFO:__mp_main__:Worker 6: Finished collecting 256 steps.
INFO:__mp_main__:Worker 9: Finished collecting 256 steps.
INFO:__mp_main__:Worker 8: Finished collecting 256 steps.
INFO:__mp_main__:Worker 4: Finished collecting 256 steps.
INFO:__mp_main__:Worker 13: Finished collecting 256 steps.
INFO:__mp_main__:Worker 2: Finished collecting 256 steps.
INFO:__mp_main__:Worker 11: Finished collecting 256 steps.
INFO:__mp_main__:Worker 7: Finished collecting 256 steps.
INFO:__mp_main__:Worker 15: Finished collecting 256 steps.
INFO:__mp_main__:Worker 1: Finished collecting 256 steps.
INFO:__mp_main__:Worker 0: Finished collecting 256 steps.
INFO:__mp_main__:Worker 5: Finished collecting 256 steps.
INFO:__mp_main__:Worker 3: Finished collecting 256 steps.
INFO:__mp_main__:Worker 12: Finished collecting 256 steps.
INFO:__mp_main__:Worker 14: Finished collecting 256 steps.
INFO:__mp_main__:Worker 10: Finished collecting 256 steps.
INFO:__main__:Update: 13/146, Timesteps: 53248/600000, FPS: 65, Episodes: 2080, Avg Reward (Last 100): 21.14, Avg Length (Last 100): 49.00
/home/kxu/miniforge3/envs/sgym-hab/lib/python3.9/site-packages/networkx/utils/backends.py:135: RuntimeWarning: networkx backend defined more than once: nx-loopback
  backends.update(_get_backends("networkx.backends"))
/home/kxu/miniforge3/envs/sgym-hab/lib/python3.9/site-packages/networkx/utils/backends.py:135: RuntimeWarning: networkx backend defined more than once: nx-loopback
  backends.update(_get_backends("networkx.backends"))
/home/kxu/miniforge3/envs/sgym-hab/lib/python3.9/site-packages/networkx/utils/backends.py:135: RuntimeWarning: networkx backend defined more than once: nx-loopback
  backends.update(_get_backends("networkx.backends"))
/home/kxu/miniforge3/envs/sgym-hab/lib/python3.9/site-packages/networkx/utils/backends.py:135: RuntimeWarning: networkx backend defined more than once: nx-loopback
  backends.update(_get_backends("networkx.backends"))
/home/kxu/miniforge3/envs/sgym-hab/lib/python3.9/site-packages/networkx/utils/backends.py:135: RuntimeWarning: networkx backend defined more than once: nx-loopback
  backends.update(_get_backends("networkx.backends"))
/home/kxu/miniforge3/envs/sgym-hab/lib/python3.9/site-packages/networkx/utils/backends.py:135: RuntimeWarning: networkx backend defined more than once: nx-loopback
  backends.update(_get_backends("networkx.backends"))
/home/kxu/miniforge3/envs/sgym-hab/lib/python3.9/site-packages/networkx/utils/backends.py:135: RuntimeWarning: networkx backend defined more than once: nx-loopback
  backends.update(_get_backends("networkx.backends"))
/home/kxu/miniforge3/envs/sgym-hab/lib/python3.9/site-packages/networkx/utils/backends.py:135: RuntimeWarning: networkx backend defined more than once: nx-loopback
  backends.update(_get_backends("networkx.backends"))
/home/kxu/miniforge3/envs/sgym-hab/lib/python3.9/site-packages/networkx/utils/backends.py:135: RuntimeWarning: networkx backend defined more than once: nx-loopback
  backends.update(_get_backends("networkx.backends"))
/home/kxu/miniforge3/envs/sgym-hab/lib/python3.9/site-packages/networkx/utils/backends.py:135: RuntimeWarning: networkx backend defined more than once: nx-loopback
  backends.update(_get_backends("networkx.backends"))
/home/kxu/miniforge3/envs/sgym-hab/lib/python3.9/site-packages/networkx/utils/backends.py:135: RuntimeWarning: networkx backend defined more than once: nx-loopback
  backends.update(_get_backends("networkx.backends"))
/home/kxu/miniforge3/envs/sgym-hab/lib/python3.9/site-packages/networkx/utils/backends.py:135: RuntimeWarning: networkx backend defined more than once: nx-loopback
  backends.update(_get_backends("networkx.backends"))
/home/kxu/miniforge3/envs/sgym-hab/lib/python3.9/site-packages/networkx/utils/backends.py:135: RuntimeWarning: networkx backend defined more than once: nx-loopback
  backends.update(_get_backends("networkx.backends"))
/home/kxu/miniforge3/envs/sgym-hab/lib/python3.9/site-packages/networkx/utils/backends.py:135: RuntimeWarning: networkx backend defined more than once: nx-loopback
  backends.update(_get_backends("networkx.backends"))
/home/kxu/miniforge3/envs/sgym-hab/lib/python3.9/site-packages/networkx/utils/backends.py:135: RuntimeWarning: networkx backend defined more than once: nx-loopback
  backends.update(_get_backends("networkx.backends"))
/home/kxu/miniforge3/envs/sgym-hab/lib/python3.9/site-packages/networkx/utils/backends.py:135: RuntimeWarning: networkx backend defined more than once: nx-loopback
  backends.update(_get_backends("networkx.backends"))
INFO:__mp_main__:Worker 1: Finished collecting 256 steps.
INFO:__mp_main__:Worker 12: Finished collecting 256 steps.
INFO:__mp_main__:Worker 5: Finished collecting 256 steps.
INFO:__mp_main__:Worker 14: Finished collecting 256 steps.
INFO:__mp_main__:Worker 2: Finished collecting 256 steps.
INFO:__mp_main__:Worker 3: Finished collecting 256 steps.
INFO:__mp_main__:Worker 15: Finished collecting 256 steps.
INFO:__mp_main__:Worker 8: Finished collecting 256 steps.
INFO:__mp_main__:Worker 4: Finished collecting 256 steps.
INFO:__mp_main__:Worker 0: Finished collecting 256 steps.
INFO:__mp_main__:Worker 13: Finished collecting 256 steps.
INFO:__mp_main__:Worker 9: Finished collecting 256 steps.
INFO:__mp_main__:Worker 6: Finished collecting 256 steps.
INFO:__mp_main__:Worker 7: Finished collecting 256 steps.
INFO:__mp_main__:Worker 10: Finished collecting 256 steps.
INFO:__mp_main__:Worker 11: Finished collecting 256 steps.
INFO:__main__:Update: 14/146, Timesteps: 57344/600000, FPS: 65, Episodes: 2240, Avg Reward (Last 100): 20.63, Avg Length (Last 100): 49.00
/home/kxu/miniforge3/envs/sgym-hab/lib/python3.9/site-packages/networkx/utils/backends.py:135: RuntimeWarning: networkx backend defined more than once: nx-loopback
  backends.update(_get_backends("networkx.backends"))
/home/kxu/miniforge3/envs/sgym-hab/lib/python3.9/site-packages/networkx/utils/backends.py:135: RuntimeWarning: networkx backend defined more than once: nx-loopback
  backends.update(_get_backends("networkx.backends"))
/home/kxu/miniforge3/envs/sgym-hab/lib/python3.9/site-packages/networkx/utils/backends.py:135: RuntimeWarning: networkx backend defined more than once: nx-loopback
  backends.update(_get_backends("networkx.backends"))
/home/kxu/miniforge3/envs/sgym-hab/lib/python3.9/site-packages/networkx/utils/backends.py:135: RuntimeWarning: networkx backend defined more than once: nx-loopback
  backends.update(_get_backends("networkx.backends"))
/home/kxu/miniforge3/envs/sgym-hab/lib/python3.9/site-packages/networkx/utils/backends.py:135: RuntimeWarning: networkx backend defined more than once: nx-loopback
  backends.update(_get_backends("networkx.backends"))
/home/kxu/miniforge3/envs/sgym-hab/lib/python3.9/site-packages/networkx/utils/backends.py:135: RuntimeWarning: networkx backend defined more than once: nx-loopback
  backends.update(_get_backends("networkx.backends"))
/home/kxu/miniforge3/envs/sgym-hab/lib/python3.9/site-packages/networkx/utils/backends.py:135: RuntimeWarning: networkx backend defined more than once: nx-loopback
  backends.update(_get_backends("networkx.backends"))
/home/kxu/miniforge3/envs/sgym-hab/lib/python3.9/site-packages/networkx/utils/backends.py:135: RuntimeWarning: networkx backend defined more than once: nx-loopback
  backends.update(_get_backends("networkx.backends"))
/home/kxu/miniforge3/envs/sgym-hab/lib/python3.9/site-packages/networkx/utils/backends.py:135: RuntimeWarning: networkx backend defined more than once: nx-loopback
  backends.update(_get_backends("networkx.backends"))
/home/kxu/miniforge3/envs/sgym-hab/lib/python3.9/site-packages/networkx/utils/backends.py:135: RuntimeWarning: networkx backend defined more than once: nx-loopback
  backends.update(_get_backends("networkx.backends"))
/home/kxu/miniforge3/envs/sgym-hab/lib/python3.9/site-packages/networkx/utils/backends.py:135: RuntimeWarning: networkx backend defined more than once: nx-loopback
  backends.update(_get_backends("networkx.backends"))
/home/kxu/miniforge3/envs/sgym-hab/lib/python3.9/site-packages/networkx/utils/backends.py:135: RuntimeWarning: networkx backend defined more than once: nx-loopback
  backends.update(_get_backends("networkx.backends"))
/home/kxu/miniforge3/envs/sgym-hab/lib/python3.9/site-packages/networkx/utils/backends.py:135: RuntimeWarning: networkx backend defined more than once: nx-loopback
  backends.update(_get_backends("networkx.backends"))
/home/kxu/miniforge3/envs/sgym-hab/lib/python3.9/site-packages/networkx/utils/backends.py:135: RuntimeWarning: networkx backend defined more than once: nx-loopback
  backends.update(_get_backends("networkx.backends"))
/home/kxu/miniforge3/envs/sgym-hab/lib/python3.9/site-packages/networkx/utils/backends.py:135: RuntimeWarning: networkx backend defined more than once: nx-loopback
  backends.update(_get_backends("networkx.backends"))
/home/kxu/miniforge3/envs/sgym-hab/lib/python3.9/site-packages/networkx/utils/backends.py:135: RuntimeWarning: networkx backend defined more than once: nx-loopback
  backends.update(_get_backends("networkx.backends"))
INFO:__mp_main__:Worker 5: Finished collecting 256 steps.
INFO:__mp_main__:Worker 14: Finished collecting 256 steps.
INFO:__mp_main__:Worker 9: Finished collecting 256 steps.
INFO:__mp_main__:Worker 0: Finished collecting 256 steps.
INFO:__mp_main__:Worker 3: Finished collecting 256 steps.
INFO:__mp_main__:Worker 4: Finished collecting 256 steps.
INFO:__mp_main__:Worker 1: Finished collecting 256 steps.
INFO:__mp_main__:Worker 2: Finished collecting 256 steps.
INFO:__mp_main__:Worker 8: Finished collecting 256 steps.
INFO:__mp_main__:Worker 15: Finished collecting 256 steps.
INFO:__mp_main__:Worker 12: Finished collecting 256 steps.
INFO:__mp_main__:Worker 6: Finished collecting 256 steps.
INFO:__mp_main__:Worker 11: Finished collecting 256 steps.
INFO:__mp_main__:Worker 7: Finished collecting 256 steps.
INFO:__mp_main__:Worker 10: Finished collecting 256 steps.
INFO:__mp_main__:Worker 13: Finished collecting 256 steps.
INFO:__main__:Update: 15/146, Timesteps: 61440/600000, FPS: 65, Episodes: 2400, Avg Reward (Last 100): 20.94, Avg Length (Last 100): 48.30
/home/kxu/miniforge3/envs/sgym-hab/lib/python3.9/site-packages/networkx/utils/backends.py:135: RuntimeWarning: networkx backend defined more than once: nx-loopback
  backends.update(_get_backends("networkx.backends"))
/home/kxu/miniforge3/envs/sgym-hab/lib/python3.9/site-packages/networkx/utils/backends.py:135: RuntimeWarning: networkx backend defined more than once: nx-loopback
  backends.update(_get_backends("networkx.backends"))
/home/kxu/miniforge3/envs/sgym-hab/lib/python3.9/site-packages/networkx/utils/backends.py:135: RuntimeWarning: networkx backend defined more than once: nx-loopback
  backends.update(_get_backends("networkx.backends"))
/home/kxu/miniforge3/envs/sgym-hab/lib/python3.9/site-packages/networkx/utils/backends.py:135: RuntimeWarning: networkx backend defined more than once: nx-loopback
  backends.update(_get_backends("networkx.backends"))
/home/kxu/miniforge3/envs/sgym-hab/lib/python3.9/site-packages/networkx/utils/backends.py:135: RuntimeWarning: networkx backend defined more than once: nx-loopback
  backends.update(_get_backends("networkx.backends"))
/home/kxu/miniforge3/envs/sgym-hab/lib/python3.9/site-packages/networkx/utils/backends.py:135: RuntimeWarning: networkx backend defined more than once: nx-loopback
  backends.update(_get_backends("networkx.backends"))
/home/kxu/miniforge3/envs/sgym-hab/lib/python3.9/site-packages/networkx/utils/backends.py:135: RuntimeWarning: networkx backend defined more than once: nx-loopback
  backends.update(_get_backends("networkx.backends"))
/home/kxu/miniforge3/envs/sgym-hab/lib/python3.9/site-packages/networkx/utils/backends.py:135: RuntimeWarning: networkx backend defined more than once: nx-loopback
  backends.update(_get_backends("networkx.backends"))
/home/kxu/miniforge3/envs/sgym-hab/lib/python3.9/site-packages/networkx/utils/backends.py:135: RuntimeWarning: networkx backend defined more than once: nx-loopback
  backends.update(_get_backends("networkx.backends"))
/home/kxu/miniforge3/envs/sgym-hab/lib/python3.9/site-packages/networkx/utils/backends.py:135: RuntimeWarning: networkx backend defined more than once: nx-loopback
  backends.update(_get_backends("networkx.backends"))
/home/kxu/miniforge3/envs/sgym-hab/lib/python3.9/site-packages/networkx/utils/backends.py:135: RuntimeWarning: networkx backend defined more than once: nx-loopback
  backends.update(_get_backends("networkx.backends"))
/home/kxu/miniforge3/envs/sgym-hab/lib/python3.9/site-packages/networkx/utils/backends.py:135: RuntimeWarning: networkx backend defined more than once: nx-loopback
  backends.update(_get_backends("networkx.backends"))
/home/kxu/miniforge3/envs/sgym-hab/lib/python3.9/site-packages/networkx/utils/backends.py:135: RuntimeWarning: networkx backend defined more than once: nx-loopback
  backends.update(_get_backends("networkx.backends"))
/home/kxu/miniforge3/envs/sgym-hab/lib/python3.9/site-packages/networkx/utils/backends.py:135: RuntimeWarning: networkx backend defined more than once: nx-loopback
  backends.update(_get_backends("networkx.backends"))
/home/kxu/miniforge3/envs/sgym-hab/lib/python3.9/site-packages/networkx/utils/backends.py:135: RuntimeWarning: networkx backend defined more than once: nx-loopback
  backends.update(_get_backends("networkx.backends"))
/home/kxu/miniforge3/envs/sgym-hab/lib/python3.9/site-packages/networkx/utils/backends.py:135: RuntimeWarning: networkx backend defined more than once: nx-loopback
  backends.update(_get_backends("networkx.backends"))
INFO:__mp_main__:Worker 5: Finished collecting 256 steps.
INFO:__mp_main__:Worker 10: Finished collecting 256 steps.
INFO:__mp_main__:Worker 9: Finished collecting 256 steps.
INFO:__mp_main__:Worker 2: Finished collecting 256 steps.
INFO:__mp_main__:Worker 3: Finished collecting 256 steps.
INFO:__mp_main__:Worker 14: Finished collecting 256 steps.
INFO:__mp_main__:Worker 12: Finished collecting 256 steps.
INFO:__mp_main__:Worker 4: Finished collecting 256 steps.
INFO:__mp_main__:Worker 7: Finished collecting 256 steps.
INFO:__mp_main__:Worker 15: Finished collecting 256 steps.
INFO:__mp_main__:Worker 0: Finished collecting 256 steps.
INFO:__mp_main__:Worker 6: Finished collecting 256 steps.
INFO:__mp_main__:Worker 1: Finished collecting 256 steps.
INFO:__mp_main__:Worker 8: Finished collecting 256 steps.
INFO:__mp_main__:Worker 11: Finished collecting 256 steps.
INFO:__mp_main__:Worker 13: Finished collecting 256 steps.
INFO:__main__:Update: 16/146, Timesteps: 65536/600000, FPS: 65, Episodes: 2560, Avg Reward (Last 100): 20.92, Avg Length (Last 100): 49.00
/home/kxu/miniforge3/envs/sgym-hab/lib/python3.9/site-packages/networkx/utils/backends.py:135: RuntimeWarning: networkx backend defined more than once: nx-loopback
  backends.update(_get_backends("networkx.backends"))
/home/kxu/miniforge3/envs/sgym-hab/lib/python3.9/site-packages/networkx/utils/backends.py:135: RuntimeWarning: networkx backend defined more than once: nx-loopback
  backends.update(_get_backends("networkx.backends"))
/home/kxu/miniforge3/envs/sgym-hab/lib/python3.9/site-packages/networkx/utils/backends.py:135: RuntimeWarning: networkx backend defined more than once: nx-loopback
  backends.update(_get_backends("networkx.backends"))
/home/kxu/miniforge3/envs/sgym-hab/lib/python3.9/site-packages/networkx/utils/backends.py:135: RuntimeWarning: networkx backend defined more than once: nx-loopback
  backends.update(_get_backends("networkx.backends"))
/home/kxu/miniforge3/envs/sgym-hab/lib/python3.9/site-packages/networkx/utils/backends.py:135: RuntimeWarning: networkx backend defined more than once: nx-loopback
  backends.update(_get_backends("networkx.backends"))
/home/kxu/miniforge3/envs/sgym-hab/lib/python3.9/site-packages/networkx/utils/backends.py:135: RuntimeWarning: networkx backend defined more than once: nx-loopback
  backends.update(_get_backends("networkx.backends"))
/home/kxu/miniforge3/envs/sgym-hab/lib/python3.9/site-packages/networkx/utils/backends.py:135: RuntimeWarning: networkx backend defined more than once: nx-loopback
  backends.update(_get_backends("networkx.backends"))
/home/kxu/miniforge3/envs/sgym-hab/lib/python3.9/site-packages/networkx/utils/backends.py:135: RuntimeWarning: networkx backend defined more than once: nx-loopback
  backends.update(_get_backends("networkx.backends"))
/home/kxu/miniforge3/envs/sgym-hab/lib/python3.9/site-packages/networkx/utils/backends.py:135: RuntimeWarning: networkx backend defined more than once: nx-loopback
  backends.update(_get_backends("networkx.backends"))
/home/kxu/miniforge3/envs/sgym-hab/lib/python3.9/site-packages/networkx/utils/backends.py:135: RuntimeWarning: networkx backend defined more than once: nx-loopback
  backends.update(_get_backends("networkx.backends"))
/home/kxu/miniforge3/envs/sgym-hab/lib/python3.9/site-packages/networkx/utils/backends.py:135: RuntimeWarning: networkx backend defined more than once: nx-loopback
  backends.update(_get_backends("networkx.backends"))
/home/kxu/miniforge3/envs/sgym-hab/lib/python3.9/site-packages/networkx/utils/backends.py:135: RuntimeWarning: networkx backend defined more than once: nx-loopback
  backends.update(_get_backends("networkx.backends"))
/home/kxu/miniforge3/envs/sgym-hab/lib/python3.9/site-packages/networkx/utils/backends.py:135: RuntimeWarning: networkx backend defined more than once: nx-loopback
  backends.update(_get_backends("networkx.backends"))
/home/kxu/miniforge3/envs/sgym-hab/lib/python3.9/site-packages/networkx/utils/backends.py:135: RuntimeWarning: networkx backend defined more than once: nx-loopback
  backends.update(_get_backends("networkx.backends"))
/home/kxu/miniforge3/envs/sgym-hab/lib/python3.9/site-packages/networkx/utils/backends.py:135: RuntimeWarning: networkx backend defined more than once: nx-loopback
  backends.update(_get_backends("networkx.backends"))
/home/kxu/miniforge3/envs/sgym-hab/lib/python3.9/site-packages/networkx/utils/backends.py:135: RuntimeWarning: networkx backend defined more than once: nx-loopback
  backends.update(_get_backends("networkx.backends"))
INFO:__mp_main__:Worker 6: Finished collecting 256 steps.
INFO:__mp_main__:Worker 9: Finished collecting 256 steps.
INFO:__mp_main__:Worker 13: Finished collecting 256 steps.
INFO:__mp_main__:Worker 4: Finished collecting 256 steps.
INFO:__mp_main__:Worker 3: Finished collecting 256 steps.
INFO:__mp_main__:Worker 15: Finished collecting 256 steps.
INFO:__mp_main__:Worker 5: Finished collecting 256 steps.
INFO:__mp_main__:Worker 1: Finished collecting 256 steps.
INFO:__mp_main__:Worker 7: Finished collecting 256 steps.
INFO:__mp_main__:Worker 10: Finished collecting 256 steps.
INFO:__mp_main__:Worker 11: Finished collecting 256 steps.
INFO:__mp_main__:Worker 0: Finished collecting 256 steps.
INFO:__mp_main__:Worker 2: Finished collecting 256 steps.
INFO:__mp_main__:Worker 8: Finished collecting 256 steps.
INFO:__mp_main__:Worker 14: Finished collecting 256 steps.
INFO:__mp_main__:Worker 12: Finished collecting 256 steps.
INFO:__main__:Update: 17/146, Timesteps: 69632/600000, FPS: 65, Episodes: 2720, Avg Reward (Last 100): 20.12, Avg Length (Last 100): 49.00
/home/kxu/miniforge3/envs/sgym-hab/lib/python3.9/site-packages/networkx/utils/backends.py:135: RuntimeWarning: networkx backend defined more than once: nx-loopback
  backends.update(_get_backends("networkx.backends"))
/home/kxu/miniforge3/envs/sgym-hab/lib/python3.9/site-packages/networkx/utils/backends.py:135: RuntimeWarning: networkx backend defined more than once: nx-loopback
  backends.update(_get_backends("networkx.backends"))
/home/kxu/miniforge3/envs/sgym-hab/lib/python3.9/site-packages/networkx/utils/backends.py:135: RuntimeWarning: networkx backend defined more than once: nx-loopback
  backends.update(_get_backends("networkx.backends"))
/home/kxu/miniforge3/envs/sgym-hab/lib/python3.9/site-packages/networkx/utils/backends.py:135: RuntimeWarning: networkx backend defined more than once: nx-loopback
  backends.update(_get_backends("networkx.backends"))
/home/kxu/miniforge3/envs/sgym-hab/lib/python3.9/site-packages/networkx/utils/backends.py:135: RuntimeWarning: networkx backend defined more than once: nx-loopback
  backends.update(_get_backends("networkx.backends"))
/home/kxu/miniforge3/envs/sgym-hab/lib/python3.9/site-packages/networkx/utils/backends.py:135: RuntimeWarning: networkx backend defined more than once: nx-loopback
  backends.update(_get_backends("networkx.backends"))
/home/kxu/miniforge3/envs/sgym-hab/lib/python3.9/site-packages/networkx/utils/backends.py:135: RuntimeWarning: networkx backend defined more than once: nx-loopback
  backends.update(_get_backends("networkx.backends"))
/home/kxu/miniforge3/envs/sgym-hab/lib/python3.9/site-packages/networkx/utils/backends.py:135: RuntimeWarning: networkx backend defined more than once: nx-loopback
  backends.update(_get_backends("networkx.backends"))
/home/kxu/miniforge3/envs/sgym-hab/lib/python3.9/site-packages/networkx/utils/backends.py:135: RuntimeWarning: networkx backend defined more than once: nx-loopback
  backends.update(_get_backends("networkx.backends"))
/home/kxu/miniforge3/envs/sgym-hab/lib/python3.9/site-packages/networkx/utils/backends.py:135: RuntimeWarning: networkx backend defined more than once: nx-loopback
  backends.update(_get_backends("networkx.backends"))
/home/kxu/miniforge3/envs/sgym-hab/lib/python3.9/site-packages/networkx/utils/backends.py:135: RuntimeWarning: networkx backend defined more than once: nx-loopback
  backends.update(_get_backends("networkx.backends"))
/home/kxu/miniforge3/envs/sgym-hab/lib/python3.9/site-packages/networkx/utils/backends.py:135: RuntimeWarning: networkx backend defined more than once: nx-loopback
  backends.update(_get_backends("networkx.backends"))
/home/kxu/miniforge3/envs/sgym-hab/lib/python3.9/site-packages/networkx/utils/backends.py:135: RuntimeWarning: networkx backend defined more than once: nx-loopback
  backends.update(_get_backends("networkx.backends"))
/home/kxu/miniforge3/envs/sgym-hab/lib/python3.9/site-packages/networkx/utils/backends.py:135: RuntimeWarning: networkx backend defined more than once: nx-loopback
  backends.update(_get_backends("networkx.backends"))
/home/kxu/miniforge3/envs/sgym-hab/lib/python3.9/site-packages/networkx/utils/backends.py:135: RuntimeWarning: networkx backend defined more than once: nx-loopback
  backends.update(_get_backends("networkx.backends"))
/home/kxu/miniforge3/envs/sgym-hab/lib/python3.9/site-packages/networkx/utils/backends.py:135: RuntimeWarning: networkx backend defined more than once: nx-loopback
  backends.update(_get_backends("networkx.backends"))
INFO:__mp_main__:Worker 9: Finished collecting 256 steps.
INFO:__mp_main__:Worker 12: Finished collecting 256 steps.
INFO:__mp_main__:Worker 14: Finished collecting 256 steps.
INFO:__mp_main__:Worker 1: Finished collecting 256 steps.
INFO:__mp_main__:Worker 7: Finished collecting 256 steps.
INFO:__mp_main__:Worker 6: Finished collecting 256 steps.
INFO:__mp_main__:Worker 8: Finished collecting 256 steps.
INFO:__mp_main__:Worker 4: Finished collecting 256 steps.
INFO:__mp_main__:Worker 3: Finished collecting 256 steps.
INFO:__mp_main__:Worker 2: Finished collecting 256 steps.
INFO:__mp_main__:Worker 0: Finished collecting 256 steps.
INFO:__mp_main__:Worker 5: Finished collecting 256 steps.
INFO:__mp_main__:Worker 11: Finished collecting 256 steps.
INFO:__mp_main__:Worker 15: Finished collecting 256 steps.
INFO:__mp_main__:Worker 10: Finished collecting 256 steps.
INFO:__mp_main__:Worker 13: Finished collecting 256 steps.
INFO:__main__:Update: 18/146, Timesteps: 73728/600000, FPS: 65, Episodes: 2880, Avg Reward (Last 100): 19.47, Avg Length (Last 100): 49.00
/home/kxu/miniforge3/envs/sgym-hab/lib/python3.9/site-packages/networkx/utils/backends.py:135: RuntimeWarning: networkx backend defined more than once: nx-loopback
  backends.update(_get_backends("networkx.backends"))
/home/kxu/miniforge3/envs/sgym-hab/lib/python3.9/site-packages/networkx/utils/backends.py:135: RuntimeWarning: networkx backend defined more than once: nx-loopback
  backends.update(_get_backends("networkx.backends"))
/home/kxu/miniforge3/envs/sgym-hab/lib/python3.9/site-packages/networkx/utils/backends.py:135: RuntimeWarning: networkx backend defined more than once: nx-loopback
  backends.update(_get_backends("networkx.backends"))
/home/kxu/miniforge3/envs/sgym-hab/lib/python3.9/site-packages/networkx/utils/backends.py:135: RuntimeWarning: networkx backend defined more than once: nx-loopback
  backends.update(_get_backends("networkx.backends"))
/home/kxu/miniforge3/envs/sgym-hab/lib/python3.9/site-packages/networkx/utils/backends.py:135: RuntimeWarning: networkx backend defined more than once: nx-loopback
  backends.update(_get_backends("networkx.backends"))
/home/kxu/miniforge3/envs/sgym-hab/lib/python3.9/site-packages/networkx/utils/backends.py:135: RuntimeWarning: networkx backend defined more than once: nx-loopback
  backends.update(_get_backends("networkx.backends"))
/home/kxu/miniforge3/envs/sgym-hab/lib/python3.9/site-packages/networkx/utils/backends.py:135: RuntimeWarning: networkx backend defined more than once: nx-loopback
  backends.update(_get_backends("networkx.backends"))
/home/kxu/miniforge3/envs/sgym-hab/lib/python3.9/site-packages/networkx/utils/backends.py:135: RuntimeWarning: networkx backend defined more than once: nx-loopback
  backends.update(_get_backends("networkx.backends"))
/home/kxu/miniforge3/envs/sgym-hab/lib/python3.9/site-packages/networkx/utils/backends.py:135: RuntimeWarning: networkx backend defined more than once: nx-loopback
  backends.update(_get_backends("networkx.backends"))
/home/kxu/miniforge3/envs/sgym-hab/lib/python3.9/site-packages/networkx/utils/backends.py:135: RuntimeWarning: networkx backend defined more than once: nx-loopback
  backends.update(_get_backends("networkx.backends"))
/home/kxu/miniforge3/envs/sgym-hab/lib/python3.9/site-packages/networkx/utils/backends.py:135: RuntimeWarning: networkx backend defined more than once: nx-loopback
  backends.update(_get_backends("networkx.backends"))
/home/kxu/miniforge3/envs/sgym-hab/lib/python3.9/site-packages/networkx/utils/backends.py:135: RuntimeWarning: networkx backend defined more than once: nx-loopback
  backends.update(_get_backends("networkx.backends"))
/home/kxu/miniforge3/envs/sgym-hab/lib/python3.9/site-packages/networkx/utils/backends.py:135: RuntimeWarning: networkx backend defined more than once: nx-loopback
  backends.update(_get_backends("networkx.backends"))
/home/kxu/miniforge3/envs/sgym-hab/lib/python3.9/site-packages/networkx/utils/backends.py:135: RuntimeWarning: networkx backend defined more than once: nx-loopback
  backends.update(_get_backends("networkx.backends"))
/home/kxu/miniforge3/envs/sgym-hab/lib/python3.9/site-packages/networkx/utils/backends.py:135: RuntimeWarning: networkx backend defined more than once: nx-loopback
  backends.update(_get_backends("networkx.backends"))
/home/kxu/miniforge3/envs/sgym-hab/lib/python3.9/site-packages/networkx/utils/backends.py:135: RuntimeWarning: networkx backend defined more than once: nx-loopback
  backends.update(_get_backends("networkx.backends"))
INFO:__mp_main__:Worker 2: Finished collecting 256 steps.
INFO:__mp_main__:Worker 4: Finished collecting 256 steps.
INFO:__mp_main__:Worker 12: Finished collecting 256 steps.
INFO:__mp_main__:Worker 10: Finished collecting 256 steps.
INFO:__mp_main__:Worker 14: Finished collecting 256 steps.
INFO:__mp_main__:Worker 6: Finished collecting 256 steps.
INFO:__mp_main__:Worker 11: Finished collecting 256 steps.
INFO:__mp_main__:Worker 5: Finished collecting 256 steps.
INFO:__mp_main__:Worker 1: Finished collecting 256 steps.
INFO:__mp_main__:Worker 3: Finished collecting 256 steps.
INFO:__mp_main__:Worker 0: Finished collecting 256 steps.
INFO:__mp_main__:Worker 13: Finished collecting 256 steps.
INFO:__mp_main__:Worker 7: Finished collecting 256 steps.
INFO:__mp_main__:Worker 9: Finished collecting 256 steps.
INFO:__mp_main__:Worker 15: Finished collecting 256 steps.
INFO:__mp_main__:Worker 8: Finished collecting 256 steps.
INFO:__main__:Update: 19/146, Timesteps: 77824/600000, FPS: 65, Episodes: 3040, Avg Reward (Last 100): 19.22, Avg Length (Last 100): 49.00
/home/kxu/miniforge3/envs/sgym-hab/lib/python3.9/site-packages/networkx/utils/backends.py:135: RuntimeWarning: networkx backend defined more than once: nx-loopback
  backends.update(_get_backends("networkx.backends"))
/home/kxu/miniforge3/envs/sgym-hab/lib/python3.9/site-packages/networkx/utils/backends.py:135: RuntimeWarning: networkx backend defined more than once: nx-loopback
  backends.update(_get_backends("networkx.backends"))
/home/kxu/miniforge3/envs/sgym-hab/lib/python3.9/site-packages/networkx/utils/backends.py:135: RuntimeWarning: networkx backend defined more than once: nx-loopback
  backends.update(_get_backends("networkx.backends"))
/home/kxu/miniforge3/envs/sgym-hab/lib/python3.9/site-packages/networkx/utils/backends.py:135: RuntimeWarning: networkx backend defined more than once: nx-loopback
  backends.update(_get_backends("networkx.backends"))
/home/kxu/miniforge3/envs/sgym-hab/lib/python3.9/site-packages/networkx/utils/backends.py:135: RuntimeWarning: networkx backend defined more than once: nx-loopback
  backends.update(_get_backends("networkx.backends"))
/home/kxu/miniforge3/envs/sgym-hab/lib/python3.9/site-packages/networkx/utils/backends.py:135: RuntimeWarning: networkx backend defined more than once: nx-loopback
  backends.update(_get_backends("networkx.backends"))
/home/kxu/miniforge3/envs/sgym-hab/lib/python3.9/site-packages/networkx/utils/backends.py:135: RuntimeWarning: networkx backend defined more than once: nx-loopback
  backends.update(_get_backends("networkx.backends"))
/home/kxu/miniforge3/envs/sgym-hab/lib/python3.9/site-packages/networkx/utils/backends.py:135: RuntimeWarning: networkx backend defined more than once: nx-loopback
  backends.update(_get_backends("networkx.backends"))
/home/kxu/miniforge3/envs/sgym-hab/lib/python3.9/site-packages/networkx/utils/backends.py:135: RuntimeWarning: networkx backend defined more than once: nx-loopback
  backends.update(_get_backends("networkx.backends"))
/home/kxu/miniforge3/envs/sgym-hab/lib/python3.9/site-packages/networkx/utils/backends.py:135: RuntimeWarning: networkx backend defined more than once: nx-loopback
  backends.update(_get_backends("networkx.backends"))
/home/kxu/miniforge3/envs/sgym-hab/lib/python3.9/site-packages/networkx/utils/backends.py:135: RuntimeWarning: networkx backend defined more than once: nx-loopback
  backends.update(_get_backends("networkx.backends"))
/home/kxu/miniforge3/envs/sgym-hab/lib/python3.9/site-packages/networkx/utils/backends.py:135: RuntimeWarning: networkx backend defined more than once: nx-loopback
  backends.update(_get_backends("networkx.backends"))
/home/kxu/miniforge3/envs/sgym-hab/lib/python3.9/site-packages/networkx/utils/backends.py:135: RuntimeWarning: networkx backend defined more than once: nx-loopback
  backends.update(_get_backends("networkx.backends"))
/home/kxu/miniforge3/envs/sgym-hab/lib/python3.9/site-packages/networkx/utils/backends.py:135: RuntimeWarning: networkx backend defined more than once: nx-loopback
  backends.update(_get_backends("networkx.backends"))
/home/kxu/miniforge3/envs/sgym-hab/lib/python3.9/site-packages/networkx/utils/backends.py:135: RuntimeWarning: networkx backend defined more than once: nx-loopback
  backends.update(_get_backends("networkx.backends"))
/home/kxu/miniforge3/envs/sgym-hab/lib/python3.9/site-packages/networkx/utils/backends.py:135: RuntimeWarning: networkx backend defined more than once: nx-loopback
  backends.update(_get_backends("networkx.backends"))
INFO:__mp_main__:Worker 8: Finished collecting 256 steps.
INFO:__mp_main__:Worker 7: Finished collecting 256 steps.
INFO:__mp_main__:Worker 10: Finished collecting 256 steps.
INFO:__mp_main__:Worker 6: Finished collecting 256 steps.
INFO:__mp_main__:Worker 14: Finished collecting 256 steps.
INFO:__mp_main__:Worker 3: Finished collecting 256 steps.
INFO:__mp_main__:Worker 0: Finished collecting 256 steps.
INFO:__mp_main__:Worker 9: Finished collecting 256 steps.
INFO:__mp_main__:Worker 1: Finished collecting 256 steps.
INFO:__mp_main__:Worker 13: Finished collecting 256 steps.
INFO:__mp_main__:Worker 4: Finished collecting 256 steps.
INFO:__mp_main__:Worker 2: Finished collecting 256 steps.
INFO:__mp_main__:Worker 5: Finished collecting 256 steps.
INFO:__mp_main__:Worker 11: Finished collecting 256 steps.
INFO:__mp_main__:Worker 12: Finished collecting 256 steps.
INFO:__mp_main__:Worker 15: Finished collecting 256 steps.
INFO:__main__:Update: 20/146, Timesteps: 81920/600000, FPS: 65, Episodes: 3200, Avg Reward (Last 100): 20.46, Avg Length (Last 100): 48.74
/home/kxu/miniforge3/envs/sgym-hab/lib/python3.9/site-packages/networkx/utils/backends.py:135: RuntimeWarning: networkx backend defined more than once: nx-loopback
  backends.update(_get_backends("networkx.backends"))
/home/kxu/miniforge3/envs/sgym-hab/lib/python3.9/site-packages/networkx/utils/backends.py:135: RuntimeWarning: networkx backend defined more than once: nx-loopback
  backends.update(_get_backends("networkx.backends"))
/home/kxu/miniforge3/envs/sgym-hab/lib/python3.9/site-packages/networkx/utils/backends.py:135: RuntimeWarning: networkx backend defined more than once: nx-loopback
  backends.update(_get_backends("networkx.backends"))
/home/kxu/miniforge3/envs/sgym-hab/lib/python3.9/site-packages/networkx/utils/backends.py:135: RuntimeWarning: networkx backend defined more than once: nx-loopback
  backends.update(_get_backends("networkx.backends"))
/home/kxu/miniforge3/envs/sgym-hab/lib/python3.9/site-packages/networkx/utils/backends.py:135: RuntimeWarning: networkx backend defined more than once: nx-loopback
  backends.update(_get_backends("networkx.backends"))
/home/kxu/miniforge3/envs/sgym-hab/lib/python3.9/site-packages/networkx/utils/backends.py:135: RuntimeWarning: networkx backend defined more than once: nx-loopback
  backends.update(_get_backends("networkx.backends"))
/home/kxu/miniforge3/envs/sgym-hab/lib/python3.9/site-packages/networkx/utils/backends.py:135: RuntimeWarning: networkx backend defined more than once: nx-loopback
  backends.update(_get_backends("networkx.backends"))
/home/kxu/miniforge3/envs/sgym-hab/lib/python3.9/site-packages/networkx/utils/backends.py:135: RuntimeWarning: networkx backend defined more than once: nx-loopback
  backends.update(_get_backends("networkx.backends"))
/home/kxu/miniforge3/envs/sgym-hab/lib/python3.9/site-packages/networkx/utils/backends.py:135: RuntimeWarning: networkx backend defined more than once: nx-loopback
  backends.update(_get_backends("networkx.backends"))
/home/kxu/miniforge3/envs/sgym-hab/lib/python3.9/site-packages/networkx/utils/backends.py:135: RuntimeWarning: networkx backend defined more than once: nx-loopback
  backends.update(_get_backends("networkx.backends"))
/home/kxu/miniforge3/envs/sgym-hab/lib/python3.9/site-packages/networkx/utils/backends.py:135: RuntimeWarning: networkx backend defined more than once: nx-loopback
  backends.update(_get_backends("networkx.backends"))
/home/kxu/miniforge3/envs/sgym-hab/lib/python3.9/site-packages/networkx/utils/backends.py:135: RuntimeWarning: networkx backend defined more than once: nx-loopback
  backends.update(_get_backends("networkx.backends"))
/home/kxu/miniforge3/envs/sgym-hab/lib/python3.9/site-packages/networkx/utils/backends.py:135: RuntimeWarning: networkx backend defined more than once: nx-loopback
  backends.update(_get_backends("networkx.backends"))
/home/kxu/miniforge3/envs/sgym-hab/lib/python3.9/site-packages/networkx/utils/backends.py:135: RuntimeWarning: networkx backend defined more than once: nx-loopback
  backends.update(_get_backends("networkx.backends"))
/home/kxu/miniforge3/envs/sgym-hab/lib/python3.9/site-packages/networkx/utils/backends.py:135: RuntimeWarning: networkx backend defined more than once: nx-loopback
  backends.update(_get_backends("networkx.backends"))
/home/kxu/miniforge3/envs/sgym-hab/lib/python3.9/site-packages/networkx/utils/backends.py:135: RuntimeWarning: networkx backend defined more than once: nx-loopback
  backends.update(_get_backends("networkx.backends"))
INFO:__mp_main__:Worker 1: Finished collecting 256 steps.
INFO:__mp_main__:Worker 9: Finished collecting 256 steps.
INFO:__mp_main__:Worker 12: Finished collecting 256 steps.
INFO:__mp_main__:Worker 5: Finished collecting 256 steps.
INFO:__mp_main__:Worker 14: Finished collecting 256 steps.
INFO:__mp_main__:Worker 6: Finished collecting 256 steps.
INFO:__mp_main__:Worker 11: Finished collecting 256 steps.
INFO:__mp_main__:Worker 3: Finished collecting 256 steps.
INFO:__mp_main__:Worker 2: Finished collecting 256 steps.
INFO:__mp_main__:Worker 0: Finished collecting 256 steps.
INFO:__mp_main__:Worker 4: Finished collecting 256 steps.
INFO:__mp_main__:Worker 15: Finished collecting 256 steps.
INFO:__mp_main__:Worker 7: Finished collecting 256 steps.
INFO:__mp_main__:Worker 8: Finished collecting 256 steps.
INFO:__mp_main__:Worker 10: Finished collecting 256 steps.
INFO:__mp_main__:Worker 13: Finished collecting 256 steps.
INFO:__main__:Update: 21/146, Timesteps: 86016/600000, FPS: 65, Episodes: 3360, Avg Reward (Last 100): 20.83, Avg Length (Last 100): 48.60
/home/kxu/miniforge3/envs/sgym-hab/lib/python3.9/site-packages/networkx/utils/backends.py:135: RuntimeWarning: networkx backend defined more than once: nx-loopback
  backends.update(_get_backends("networkx.backends"))
/home/kxu/miniforge3/envs/sgym-hab/lib/python3.9/site-packages/networkx/utils/backends.py:135: RuntimeWarning: networkx backend defined more than once: nx-loopback
  backends.update(_get_backends("networkx.backends"))
/home/kxu/miniforge3/envs/sgym-hab/lib/python3.9/site-packages/networkx/utils/backends.py:135: RuntimeWarning: networkx backend defined more than once: nx-loopback
  backends.update(_get_backends("networkx.backends"))
/home/kxu/miniforge3/envs/sgym-hab/lib/python3.9/site-packages/networkx/utils/backends.py:135: RuntimeWarning: networkx backend defined more than once: nx-loopback
  backends.update(_get_backends("networkx.backends"))
/home/kxu/miniforge3/envs/sgym-hab/lib/python3.9/site-packages/networkx/utils/backends.py:135: RuntimeWarning: networkx backend defined more than once: nx-loopback
  backends.update(_get_backends("networkx.backends"))
/home/kxu/miniforge3/envs/sgym-hab/lib/python3.9/site-packages/networkx/utils/backends.py:135: RuntimeWarning: networkx backend defined more than once: nx-loopback
  backends.update(_get_backends("networkx.backends"))
/home/kxu/miniforge3/envs/sgym-hab/lib/python3.9/site-packages/networkx/utils/backends.py:135: RuntimeWarning: networkx backend defined more than once: nx-loopback
  backends.update(_get_backends("networkx.backends"))
/home/kxu/miniforge3/envs/sgym-hab/lib/python3.9/site-packages/networkx/utils/backends.py:135: RuntimeWarning: networkx backend defined more than once: nx-loopback
  backends.update(_get_backends("networkx.backends"))
/home/kxu/miniforge3/envs/sgym-hab/lib/python3.9/site-packages/networkx/utils/backends.py:135: RuntimeWarning: networkx backend defined more than once: nx-loopback
  backends.update(_get_backends("networkx.backends"))
/home/kxu/miniforge3/envs/sgym-hab/lib/python3.9/site-packages/networkx/utils/backends.py:135: RuntimeWarning: networkx backend defined more than once: nx-loopback
  backends.update(_get_backends("networkx.backends"))
/home/kxu/miniforge3/envs/sgym-hab/lib/python3.9/site-packages/networkx/utils/backends.py:135: RuntimeWarning: networkx backend defined more than once: nx-loopback
  backends.update(_get_backends("networkx.backends"))
/home/kxu/miniforge3/envs/sgym-hab/lib/python3.9/site-packages/networkx/utils/backends.py:135: RuntimeWarning: networkx backend defined more than once: nx-loopback
  backends.update(_get_backends("networkx.backends"))
/home/kxu/miniforge3/envs/sgym-hab/lib/python3.9/site-packages/networkx/utils/backends.py:135: RuntimeWarning: networkx backend defined more than once: nx-loopback
  backends.update(_get_backends("networkx.backends"))
/home/kxu/miniforge3/envs/sgym-hab/lib/python3.9/site-packages/networkx/utils/backends.py:135: RuntimeWarning: networkx backend defined more than once: nx-loopback
  backends.update(_get_backends("networkx.backends"))
/home/kxu/miniforge3/envs/sgym-hab/lib/python3.9/site-packages/networkx/utils/backends.py:135: RuntimeWarning: networkx backend defined more than once: nx-loopback
  backends.update(_get_backends("networkx.backends"))
/home/kxu/miniforge3/envs/sgym-hab/lib/python3.9/site-packages/networkx/utils/backends.py:135: RuntimeWarning: networkx backend defined more than once: nx-loopback
  backends.update(_get_backends("networkx.backends"))
INFO:__mp_main__:Worker 6: Finished collecting 256 steps.
INFO:__mp_main__:Worker 3: Finished collecting 256 steps.
INFO:__mp_main__:Worker 14: Finished collecting 256 steps.
INFO:__mp_main__:Worker 2: Finished collecting 256 steps.
INFO:__mp_main__:Worker 5: Finished collecting 256 steps.
INFO:__mp_main__:Worker 9: Finished collecting 256 steps.
INFO:__mp_main__:Worker 7: Finished collecting 256 steps.
INFO:__mp_main__:Worker 12: Finished collecting 256 steps.
INFO:__mp_main__:Worker 0: Finished collecting 256 steps.
INFO:__mp_main__:Worker 4: Finished collecting 256 steps.
INFO:__mp_main__:Worker 11: Finished collecting 256 steps.
INFO:__mp_main__:Worker 13: Finished collecting 256 steps.
INFO:__mp_main__:Worker 10: Finished collecting 256 steps.
INFO:__mp_main__:Worker 1: Finished collecting 256 steps.
INFO:__mp_main__:Worker 8: Finished collecting 256 steps.
INFO:__mp_main__:Worker 15: Finished collecting 256 steps.
INFO:__main__:Update: 22/146, Timesteps: 90112/600000, FPS: 65, Episodes: 3520, Avg Reward (Last 100): 18.44, Avg Length (Last 100): 48.42
/home/kxu/miniforge3/envs/sgym-hab/lib/python3.9/site-packages/networkx/utils/backends.py:135: RuntimeWarning: networkx backend defined more than once: nx-loopback
  backends.update(_get_backends("networkx.backends"))
/home/kxu/miniforge3/envs/sgym-hab/lib/python3.9/site-packages/networkx/utils/backends.py:135: RuntimeWarning: networkx backend defined more than once: nx-loopback
  backends.update(_get_backends("networkx.backends"))
/home/kxu/miniforge3/envs/sgym-hab/lib/python3.9/site-packages/networkx/utils/backends.py:135: RuntimeWarning: networkx backend defined more than once: nx-loopback
  backends.update(_get_backends("networkx.backends"))
/home/kxu/miniforge3/envs/sgym-hab/lib/python3.9/site-packages/networkx/utils/backends.py:135: RuntimeWarning: networkx backend defined more than once: nx-loopback
  backends.update(_get_backends("networkx.backends"))
/home/kxu/miniforge3/envs/sgym-hab/lib/python3.9/site-packages/networkx/utils/backends.py:135: RuntimeWarning: networkx backend defined more than once: nx-loopback
  backends.update(_get_backends("networkx.backends"))
/home/kxu/miniforge3/envs/sgym-hab/lib/python3.9/site-packages/networkx/utils/backends.py:135: RuntimeWarning: networkx backend defined more than once: nx-loopback
  backends.update(_get_backends("networkx.backends"))
/home/kxu/miniforge3/envs/sgym-hab/lib/python3.9/site-packages/networkx/utils/backends.py:135: RuntimeWarning: networkx backend defined more than once: nx-loopback
  backends.update(_get_backends("networkx.backends"))
/home/kxu/miniforge3/envs/sgym-hab/lib/python3.9/site-packages/networkx/utils/backends.py:135: RuntimeWarning: networkx backend defined more than once: nx-loopback
  backends.update(_get_backends("networkx.backends"))
/home/kxu/miniforge3/envs/sgym-hab/lib/python3.9/site-packages/networkx/utils/backends.py:135: RuntimeWarning: networkx backend defined more than once: nx-loopback
  backends.update(_get_backends("networkx.backends"))
/home/kxu/miniforge3/envs/sgym-hab/lib/python3.9/site-packages/networkx/utils/backends.py:135: RuntimeWarning: networkx backend defined more than once: nx-loopback
  backends.update(_get_backends("networkx.backends"))
/home/kxu/miniforge3/envs/sgym-hab/lib/python3.9/site-packages/networkx/utils/backends.py:135: RuntimeWarning: networkx backend defined more than once: nx-loopback
  backends.update(_get_backends("networkx.backends"))
/home/kxu/miniforge3/envs/sgym-hab/lib/python3.9/site-packages/networkx/utils/backends.py:135: RuntimeWarning: networkx backend defined more than once: nx-loopback
  backends.update(_get_backends("networkx.backends"))
/home/kxu/miniforge3/envs/sgym-hab/lib/python3.9/site-packages/networkx/utils/backends.py:135: RuntimeWarning: networkx backend defined more than once: nx-loopback
  backends.update(_get_backends("networkx.backends"))
/home/kxu/miniforge3/envs/sgym-hab/lib/python3.9/site-packages/networkx/utils/backends.py:135: RuntimeWarning: networkx backend defined more than once: nx-loopback
  backends.update(_get_backends("networkx.backends"))
/home/kxu/miniforge3/envs/sgym-hab/lib/python3.9/site-packages/networkx/utils/backends.py:135: RuntimeWarning: networkx backend defined more than once: nx-loopback
  backends.update(_get_backends("networkx.backends"))
/home/kxu/miniforge3/envs/sgym-hab/lib/python3.9/site-packages/networkx/utils/backends.py:135: RuntimeWarning: networkx backend defined more than once: nx-loopback
  backends.update(_get_backends("networkx.backends"))
INFO:__mp_main__:Worker 9: Finished collecting 256 steps.
INFO:__mp_main__:Worker 15: Finished collecting 256 steps.
INFO:__mp_main__:Worker 12: Finished collecting 256 steps.
INFO:__mp_main__:Worker 0: Finished collecting 256 steps.
INFO:__mp_main__:Worker 6: Finished collecting 256 steps.
INFO:__mp_main__:Worker 5: Finished collecting 256 steps.
INFO:__mp_main__:Worker 8: Finished collecting 256 steps.
INFO:__mp_main__:Worker 7: Finished collecting 256 steps.
INFO:__mp_main__:Worker 10: Finished collecting 256 steps.
INFO:__mp_main__:Worker 11: Finished collecting 256 steps.
INFO:__mp_main__:Worker 2: Finished collecting 256 steps.
INFO:__mp_main__:Worker 3: Finished collecting 256 steps.
INFO:__mp_main__:Worker 1: Finished collecting 256 steps.
INFO:__mp_main__:Worker 4: Finished collecting 256 steps.
INFO:__mp_main__:Worker 13: Finished collecting 256 steps.
INFO:__mp_main__:Worker 14: Finished collecting 256 steps.
INFO:__main__:Update: 23/146, Timesteps: 94208/600000, FPS: 65, Episodes: 3680, Avg Reward (Last 100): 20.13, Avg Length (Last 100): 48.72
/home/kxu/miniforge3/envs/sgym-hab/lib/python3.9/site-packages/networkx/utils/backends.py:135: RuntimeWarning: networkx backend defined more than once: nx-loopback
  backends.update(_get_backends("networkx.backends"))
/home/kxu/miniforge3/envs/sgym-hab/lib/python3.9/site-packages/networkx/utils/backends.py:135: RuntimeWarning: networkx backend defined more than once: nx-loopback
  backends.update(_get_backends("networkx.backends"))
/home/kxu/miniforge3/envs/sgym-hab/lib/python3.9/site-packages/networkx/utils/backends.py:135: RuntimeWarning: networkx backend defined more than once: nx-loopback
  backends.update(_get_backends("networkx.backends"))
/home/kxu/miniforge3/envs/sgym-hab/lib/python3.9/site-packages/networkx/utils/backends.py:135: RuntimeWarning: networkx backend defined more than once: nx-loopback
  backends.update(_get_backends("networkx.backends"))
/home/kxu/miniforge3/envs/sgym-hab/lib/python3.9/site-packages/networkx/utils/backends.py:135: RuntimeWarning: networkx backend defined more than once: nx-loopback
  backends.update(_get_backends("networkx.backends"))
/home/kxu/miniforge3/envs/sgym-hab/lib/python3.9/site-packages/networkx/utils/backends.py:135: RuntimeWarning: networkx backend defined more than once: nx-loopback
  backends.update(_get_backends("networkx.backends"))
/home/kxu/miniforge3/envs/sgym-hab/lib/python3.9/site-packages/networkx/utils/backends.py:135: RuntimeWarning: networkx backend defined more than once: nx-loopback
  backends.update(_get_backends("networkx.backends"))
/home/kxu/miniforge3/envs/sgym-hab/lib/python3.9/site-packages/networkx/utils/backends.py:135: RuntimeWarning: networkx backend defined more than once: nx-loopback
  backends.update(_get_backends("networkx.backends"))
/home/kxu/miniforge3/envs/sgym-hab/lib/python3.9/site-packages/networkx/utils/backends.py:135: RuntimeWarning: networkx backend defined more than once: nx-loopback
  backends.update(_get_backends("networkx.backends"))
/home/kxu/miniforge3/envs/sgym-hab/lib/python3.9/site-packages/networkx/utils/backends.py:135: RuntimeWarning: networkx backend defined more than once: nx-loopback
  backends.update(_get_backends("networkx.backends"))
/home/kxu/miniforge3/envs/sgym-hab/lib/python3.9/site-packages/networkx/utils/backends.py:135: RuntimeWarning: networkx backend defined more than once: nx-loopback
  backends.update(_get_backends("networkx.backends"))
/home/kxu/miniforge3/envs/sgym-hab/lib/python3.9/site-packages/networkx/utils/backends.py:135: RuntimeWarning: networkx backend defined more than once: nx-loopback
  backends.update(_get_backends("networkx.backends"))
/home/kxu/miniforge3/envs/sgym-hab/lib/python3.9/site-packages/networkx/utils/backends.py:135: RuntimeWarning: networkx backend defined more than once: nx-loopback
  backends.update(_get_backends("networkx.backends"))
/home/kxu/miniforge3/envs/sgym-hab/lib/python3.9/site-packages/networkx/utils/backends.py:135: RuntimeWarning: networkx backend defined more than once: nx-loopback
  backends.update(_get_backends("networkx.backends"))
/home/kxu/miniforge3/envs/sgym-hab/lib/python3.9/site-packages/networkx/utils/backends.py:135: RuntimeWarning: networkx backend defined more than once: nx-loopback
  backends.update(_get_backends("networkx.backends"))
/home/kxu/miniforge3/envs/sgym-hab/lib/python3.9/site-packages/networkx/utils/backends.py:135: RuntimeWarning: networkx backend defined more than once: nx-loopback
  backends.update(_get_backends("networkx.backends"))
INFO:__mp_main__:Worker 7: Finished collecting 256 steps.
INFO:__mp_main__:Worker 8: Finished collecting 256 steps.
INFO:__mp_main__:Worker 0: Finished collecting 256 steps.
INFO:__mp_main__:Worker 3: Finished collecting 256 steps.
INFO:__mp_main__:Worker 10: Finished collecting 256 steps.
INFO:__mp_main__:Worker 13: Finished collecting 256 steps.
INFO:__mp_main__:Worker 11: Finished collecting 256 steps.
INFO:__mp_main__:Worker 2: Finished collecting 256 steps.
INFO:__mp_main__:Worker 5: Finished collecting 256 steps.
INFO:__mp_main__:Worker 9: Finished collecting 256 steps.
INFO:__mp_main__:Worker 15: Finished collecting 256 steps.
INFO:__mp_main__:Worker 1: Finished collecting 256 steps.
INFO:__mp_main__:Worker 4: Finished collecting 256 steps.
INFO:__mp_main__:Worker 14: Finished collecting 256 steps.
INFO:__mp_main__:Worker 6: Finished collecting 256 steps.
INFO:__mp_main__:Worker 12: Finished collecting 256 steps.
INFO:__main__:Update: 24/146, Timesteps: 98304/600000, FPS: 65, Episodes: 3840, Avg Reward (Last 100): 20.31, Avg Length (Last 100): 49.00
/home/kxu/miniforge3/envs/sgym-hab/lib/python3.9/site-packages/networkx/utils/backends.py:135: RuntimeWarning: networkx backend defined more than once: nx-loopback
  backends.update(_get_backends("networkx.backends"))
/home/kxu/miniforge3/envs/sgym-hab/lib/python3.9/site-packages/networkx/utils/backends.py:135: RuntimeWarning: networkx backend defined more than once: nx-loopback
  backends.update(_get_backends("networkx.backends"))
/home/kxu/miniforge3/envs/sgym-hab/lib/python3.9/site-packages/networkx/utils/backends.py:135: RuntimeWarning: networkx backend defined more than once: nx-loopback
  backends.update(_get_backends("networkx.backends"))
/home/kxu/miniforge3/envs/sgym-hab/lib/python3.9/site-packages/networkx/utils/backends.py:135: RuntimeWarning: networkx backend defined more than once: nx-loopback
  backends.update(_get_backends("networkx.backends"))
/home/kxu/miniforge3/envs/sgym-hab/lib/python3.9/site-packages/networkx/utils/backends.py:135: RuntimeWarning: networkx backend defined more than once: nx-loopback
  backends.update(_get_backends("networkx.backends"))
/home/kxu/miniforge3/envs/sgym-hab/lib/python3.9/site-packages/networkx/utils/backends.py:135: RuntimeWarning: networkx backend defined more than once: nx-loopback
  backends.update(_get_backends("networkx.backends"))
/home/kxu/miniforge3/envs/sgym-hab/lib/python3.9/site-packages/networkx/utils/backends.py:135: RuntimeWarning: networkx backend defined more than once: nx-loopback
  backends.update(_get_backends("networkx.backends"))
/home/kxu/miniforge3/envs/sgym-hab/lib/python3.9/site-packages/networkx/utils/backends.py:135: RuntimeWarning: networkx backend defined more than once: nx-loopback
  backends.update(_get_backends("networkx.backends"))
/home/kxu/miniforge3/envs/sgym-hab/lib/python3.9/site-packages/networkx/utils/backends.py:135: RuntimeWarning: networkx backend defined more than once: nx-loopback
  backends.update(_get_backends("networkx.backends"))
/home/kxu/miniforge3/envs/sgym-hab/lib/python3.9/site-packages/networkx/utils/backends.py:135: RuntimeWarning: networkx backend defined more than once: nx-loopback
  backends.update(_get_backends("networkx.backends"))
/home/kxu/miniforge3/envs/sgym-hab/lib/python3.9/site-packages/networkx/utils/backends.py:135: RuntimeWarning: networkx backend defined more than once: nx-loopback
  backends.update(_get_backends("networkx.backends"))
/home/kxu/miniforge3/envs/sgym-hab/lib/python3.9/site-packages/networkx/utils/backends.py:135: RuntimeWarning: networkx backend defined more than once: nx-loopback
  backends.update(_get_backends("networkx.backends"))
/home/kxu/miniforge3/envs/sgym-hab/lib/python3.9/site-packages/networkx/utils/backends.py:135: RuntimeWarning: networkx backend defined more than once: nx-loopback
  backends.update(_get_backends("networkx.backends"))
/home/kxu/miniforge3/envs/sgym-hab/lib/python3.9/site-packages/networkx/utils/backends.py:135: RuntimeWarning: networkx backend defined more than once: nx-loopback
  backends.update(_get_backends("networkx.backends"))
/home/kxu/miniforge3/envs/sgym-hab/lib/python3.9/site-packages/networkx/utils/backends.py:135: RuntimeWarning: networkx backend defined more than once: nx-loopback
  backends.update(_get_backends("networkx.backends"))
/home/kxu/miniforge3/envs/sgym-hab/lib/python3.9/site-packages/networkx/utils/backends.py:135: RuntimeWarning: networkx backend defined more than once: nx-loopback
  backends.update(_get_backends("networkx.backends"))
INFO:__mp_main__:Worker 2: Finished collecting 256 steps.
INFO:__mp_main__:Worker 10: Finished collecting 256 steps.
INFO:__mp_main__:Worker 15: Finished collecting 256 steps.
INFO:__mp_main__:Worker 9: Finished collecting 256 steps.
INFO:__mp_main__:Worker 3: Finished collecting 256 steps.
INFO:__mp_main__:Worker 0: Finished collecting 256 steps.
INFO:__mp_main__:Worker 13: Finished collecting 256 steps.
INFO:__mp_main__:Worker 14: Finished collecting 256 steps.
INFO:__mp_main__:Worker 12: Finished collecting 256 steps.
INFO:__mp_main__:Worker 4: Finished collecting 256 steps.
INFO:__mp_main__:Worker 6: Finished collecting 256 steps.
INFO:__mp_main__:Worker 5: Finished collecting 256 steps.
INFO:__mp_main__:Worker 1: Finished collecting 256 steps.
INFO:__mp_main__:Worker 7: Finished collecting 256 steps.
INFO:__mp_main__:Worker 8: Finished collecting 256 steps.
INFO:__mp_main__:Worker 11: Finished collecting 256 steps.
INFO:__main__:Update: 25/146, Timesteps: 102400/600000, FPS: 65, Episodes: 4000, Avg Reward (Last 100): 20.49, Avg Length (Last 100): 48.78
/home/kxu/miniforge3/envs/sgym-hab/lib/python3.9/site-packages/networkx/utils/backends.py:135: RuntimeWarning: networkx backend defined more than once: nx-loopback
  backends.update(_get_backends("networkx.backends"))
/home/kxu/miniforge3/envs/sgym-hab/lib/python3.9/site-packages/networkx/utils/backends.py:135: RuntimeWarning: networkx backend defined more than once: nx-loopback
  backends.update(_get_backends("networkx.backends"))
/home/kxu/miniforge3/envs/sgym-hab/lib/python3.9/site-packages/networkx/utils/backends.py:135: RuntimeWarning: networkx backend defined more than once: nx-loopback
  backends.update(_get_backends("networkx.backends"))
/home/kxu/miniforge3/envs/sgym-hab/lib/python3.9/site-packages/networkx/utils/backends.py:135: RuntimeWarning: networkx backend defined more than once: nx-loopback
  backends.update(_get_backends("networkx.backends"))
/home/kxu/miniforge3/envs/sgym-hab/lib/python3.9/site-packages/networkx/utils/backends.py:135: RuntimeWarning: networkx backend defined more than once: nx-loopback
  backends.update(_get_backends("networkx.backends"))
/home/kxu/miniforge3/envs/sgym-hab/lib/python3.9/site-packages/networkx/utils/backends.py:135: RuntimeWarning: networkx backend defined more than once: nx-loopback
  backends.update(_get_backends("networkx.backends"))
/home/kxu/miniforge3/envs/sgym-hab/lib/python3.9/site-packages/networkx/utils/backends.py:135: RuntimeWarning: networkx backend defined more than once: nx-loopback
  backends.update(_get_backends("networkx.backends"))
/home/kxu/miniforge3/envs/sgym-hab/lib/python3.9/site-packages/networkx/utils/backends.py:135: RuntimeWarning: networkx backend defined more than once: nx-loopback
  backends.update(_get_backends("networkx.backends"))
/home/kxu/miniforge3/envs/sgym-hab/lib/python3.9/site-packages/networkx/utils/backends.py:135: RuntimeWarning: networkx backend defined more than once: nx-loopback
  backends.update(_get_backends("networkx.backends"))
/home/kxu/miniforge3/envs/sgym-hab/lib/python3.9/site-packages/networkx/utils/backends.py:135: RuntimeWarning: networkx backend defined more than once: nx-loopback
  backends.update(_get_backends("networkx.backends"))
/home/kxu/miniforge3/envs/sgym-hab/lib/python3.9/site-packages/networkx/utils/backends.py:135: RuntimeWarning: networkx backend defined more than once: nx-loopback
  backends.update(_get_backends("networkx.backends"))
/home/kxu/miniforge3/envs/sgym-hab/lib/python3.9/site-packages/networkx/utils/backends.py:135: RuntimeWarning: networkx backend defined more than once: nx-loopback
  backends.update(_get_backends("networkx.backends"))
/home/kxu/miniforge3/envs/sgym-hab/lib/python3.9/site-packages/networkx/utils/backends.py:135: RuntimeWarning: networkx backend defined more than once: nx-loopback
  backends.update(_get_backends("networkx.backends"))
/home/kxu/miniforge3/envs/sgym-hab/lib/python3.9/site-packages/networkx/utils/backends.py:135: RuntimeWarning: networkx backend defined more than once: nx-loopback
  backends.update(_get_backends("networkx.backends"))
/home/kxu/miniforge3/envs/sgym-hab/lib/python3.9/site-packages/networkx/utils/backends.py:135: RuntimeWarning: networkx backend defined more than once: nx-loopback
  backends.update(_get_backends("networkx.backends"))
/home/kxu/miniforge3/envs/sgym-hab/lib/python3.9/site-packages/networkx/utils/backends.py:135: RuntimeWarning: networkx backend defined more than once: nx-loopback
  backends.update(_get_backends("networkx.backends"))
INFO:__mp_main__:Worker 0: Finished collecting 256 steps.
INFO:__mp_main__:Worker 12: Finished collecting 256 steps.
INFO:__mp_main__:Worker 13: Finished collecting 256 steps.
INFO:__mp_main__:Worker 4: Finished collecting 256 steps.
INFO:__mp_main__:Worker 9: Finished collecting 256 steps.
INFO:__mp_main__:Worker 15: Finished collecting 256 steps.
INFO:__mp_main__:Worker 8: Finished collecting 256 steps.
INFO:__mp_main__:Worker 2: Finished collecting 256 steps.
INFO:__mp_main__:Worker 1: Finished collecting 256 steps.
INFO:__mp_main__:Worker 5: Finished collecting 256 steps.
INFO:__mp_main__:Worker 7: Finished collecting 256 steps.
INFO:__mp_main__:Worker 11: Finished collecting 256 steps.
INFO:__mp_main__:Worker 3: Finished collecting 256 steps.
INFO:__mp_main__:Worker 10: Finished collecting 256 steps.
INFO:__mp_main__:Worker 6: Finished collecting 256 steps.
INFO:__mp_main__:Worker 14: Finished collecting 256 steps.
INFO:__main__:Update: 26/146, Timesteps: 106496/600000, FPS: 65, Episodes: 4160, Avg Reward (Last 100): 20.47, Avg Length (Last 100): 48.30
/home/kxu/miniforge3/envs/sgym-hab/lib/python3.9/site-packages/networkx/utils/backends.py:135: RuntimeWarning: networkx backend defined more than once: nx-loopback
  backends.update(_get_backends("networkx.backends"))
/home/kxu/miniforge3/envs/sgym-hab/lib/python3.9/site-packages/networkx/utils/backends.py:135: RuntimeWarning: networkx backend defined more than once: nx-loopback
  backends.update(_get_backends("networkx.backends"))
/home/kxu/miniforge3/envs/sgym-hab/lib/python3.9/site-packages/networkx/utils/backends.py:135: RuntimeWarning: networkx backend defined more than once: nx-loopback
  backends.update(_get_backends("networkx.backends"))
/home/kxu/miniforge3/envs/sgym-hab/lib/python3.9/site-packages/networkx/utils/backends.py:135: RuntimeWarning: networkx backend defined more than once: nx-loopback
  backends.update(_get_backends("networkx.backends"))
/home/kxu/miniforge3/envs/sgym-hab/lib/python3.9/site-packages/networkx/utils/backends.py:135: RuntimeWarning: networkx backend defined more than once: nx-loopback
  backends.update(_get_backends("networkx.backends"))
/home/kxu/miniforge3/envs/sgym-hab/lib/python3.9/site-packages/networkx/utils/backends.py:135: RuntimeWarning: networkx backend defined more than once: nx-loopback
  backends.update(_get_backends("networkx.backends"))
/home/kxu/miniforge3/envs/sgym-hab/lib/python3.9/site-packages/networkx/utils/backends.py:135: RuntimeWarning: networkx backend defined more than once: nx-loopback
  backends.update(_get_backends("networkx.backends"))
/home/kxu/miniforge3/envs/sgym-hab/lib/python3.9/site-packages/networkx/utils/backends.py:135: RuntimeWarning: networkx backend defined more than once: nx-loopback
  backends.update(_get_backends("networkx.backends"))
/home/kxu/miniforge3/envs/sgym-hab/lib/python3.9/site-packages/networkx/utils/backends.py:135: RuntimeWarning: networkx backend defined more than once: nx-loopback
  backends.update(_get_backends("networkx.backends"))
/home/kxu/miniforge3/envs/sgym-hab/lib/python3.9/site-packages/networkx/utils/backends.py:135: RuntimeWarning: networkx backend defined more than once: nx-loopback
  backends.update(_get_backends("networkx.backends"))
/home/kxu/miniforge3/envs/sgym-hab/lib/python3.9/site-packages/networkx/utils/backends.py:135: RuntimeWarning: networkx backend defined more than once: nx-loopback
  backends.update(_get_backends("networkx.backends"))
/home/kxu/miniforge3/envs/sgym-hab/lib/python3.9/site-packages/networkx/utils/backends.py:135: RuntimeWarning: networkx backend defined more than once: nx-loopback
  backends.update(_get_backends("networkx.backends"))
/home/kxu/miniforge3/envs/sgym-hab/lib/python3.9/site-packages/networkx/utils/backends.py:135: RuntimeWarning: networkx backend defined more than once: nx-loopback
  backends.update(_get_backends("networkx.backends"))
/home/kxu/miniforge3/envs/sgym-hab/lib/python3.9/site-packages/networkx/utils/backends.py:135: RuntimeWarning: networkx backend defined more than once: nx-loopback
  backends.update(_get_backends("networkx.backends"))
/home/kxu/miniforge3/envs/sgym-hab/lib/python3.9/site-packages/networkx/utils/backends.py:135: RuntimeWarning: networkx backend defined more than once: nx-loopback
  backends.update(_get_backends("networkx.backends"))
/home/kxu/miniforge3/envs/sgym-hab/lib/python3.9/site-packages/networkx/utils/backends.py:135: RuntimeWarning: networkx backend defined more than once: nx-loopback
  backends.update(_get_backends("networkx.backends"))
INFO:__mp_main__:Worker 1: Finished collecting 256 steps.
INFO:__mp_main__:Worker 2: Finished collecting 256 steps.
INFO:__mp_main__:Worker 7: Finished collecting 256 steps.
INFO:__mp_main__:Worker 6: Finished collecting 256 steps.
INFO:__mp_main__:Worker 12: Finished collecting 256 steps.
INFO:__mp_main__:Worker 8: Finished collecting 256 steps.
INFO:__mp_main__:Worker 14: Finished collecting 256 steps.
INFO:__mp_main__:Worker 9: Finished collecting 256 steps.
INFO:__mp_main__:Worker 10: Finished collecting 256 steps.
INFO:__mp_main__:Worker 4: Finished collecting 256 steps.
INFO:__mp_main__:Worker 3: Finished collecting 256 steps.
INFO:__mp_main__:Worker 5: Finished collecting 256 steps.
INFO:__mp_main__:Worker 0: Finished collecting 256 steps.
INFO:__mp_main__:Worker 13: Finished collecting 256 steps.
INFO:__mp_main__:Worker 15: Finished collecting 256 steps.
INFO:__mp_main__:Worker 11: Finished collecting 256 steps.
INFO:__main__:Update: 27/146, Timesteps: 110592/600000, FPS: 65, Episodes: 4320, Avg Reward (Last 100): 21.80, Avg Length (Last 100): 48.56
/home/kxu/miniforge3/envs/sgym-hab/lib/python3.9/site-packages/networkx/utils/backends.py:135: RuntimeWarning: networkx backend defined more than once: nx-loopback
  backends.update(_get_backends("networkx.backends"))
/home/kxu/miniforge3/envs/sgym-hab/lib/python3.9/site-packages/networkx/utils/backends.py:135: RuntimeWarning: networkx backend defined more than once: nx-loopback
  backends.update(_get_backends("networkx.backends"))
/home/kxu/miniforge3/envs/sgym-hab/lib/python3.9/site-packages/networkx/utils/backends.py:135: RuntimeWarning: networkx backend defined more than once: nx-loopback
  backends.update(_get_backends("networkx.backends"))
/home/kxu/miniforge3/envs/sgym-hab/lib/python3.9/site-packages/networkx/utils/backends.py:135: RuntimeWarning: networkx backend defined more than once: nx-loopback
  backends.update(_get_backends("networkx.backends"))
/home/kxu/miniforge3/envs/sgym-hab/lib/python3.9/site-packages/networkx/utils/backends.py:135: RuntimeWarning: networkx backend defined more than once: nx-loopback
  backends.update(_get_backends("networkx.backends"))
/home/kxu/miniforge3/envs/sgym-hab/lib/python3.9/site-packages/networkx/utils/backends.py:135: RuntimeWarning: networkx backend defined more than once: nx-loopback
  backends.update(_get_backends("networkx.backends"))
/home/kxu/miniforge3/envs/sgym-hab/lib/python3.9/site-packages/networkx/utils/backends.py:135: RuntimeWarning: networkx backend defined more than once: nx-loopback
  backends.update(_get_backends("networkx.backends"))
/home/kxu/miniforge3/envs/sgym-hab/lib/python3.9/site-packages/networkx/utils/backends.py:135: RuntimeWarning: networkx backend defined more than once: nx-loopback
  backends.update(_get_backends("networkx.backends"))
/home/kxu/miniforge3/envs/sgym-hab/lib/python3.9/site-packages/networkx/utils/backends.py:135: RuntimeWarning: networkx backend defined more than once: nx-loopback
  backends.update(_get_backends("networkx.backends"))
/home/kxu/miniforge3/envs/sgym-hab/lib/python3.9/site-packages/networkx/utils/backends.py:135: RuntimeWarning: networkx backend defined more than once: nx-loopback
  backends.update(_get_backends("networkx.backends"))
/home/kxu/miniforge3/envs/sgym-hab/lib/python3.9/site-packages/networkx/utils/backends.py:135: RuntimeWarning: networkx backend defined more than once: nx-loopback
  backends.update(_get_backends("networkx.backends"))
/home/kxu/miniforge3/envs/sgym-hab/lib/python3.9/site-packages/networkx/utils/backends.py:135: RuntimeWarning: networkx backend defined more than once: nx-loopback
  backends.update(_get_backends("networkx.backends"))
/home/kxu/miniforge3/envs/sgym-hab/lib/python3.9/site-packages/networkx/utils/backends.py:135: RuntimeWarning: networkx backend defined more than once: nx-loopback
  backends.update(_get_backends("networkx.backends"))
/home/kxu/miniforge3/envs/sgym-hab/lib/python3.9/site-packages/networkx/utils/backends.py:135: RuntimeWarning: networkx backend defined more than once: nx-loopback
  backends.update(_get_backends("networkx.backends"))
/home/kxu/miniforge3/envs/sgym-hab/lib/python3.9/site-packages/networkx/utils/backends.py:135: RuntimeWarning: networkx backend defined more than once: nx-loopback
  backends.update(_get_backends("networkx.backends"))
/home/kxu/miniforge3/envs/sgym-hab/lib/python3.9/site-packages/networkx/utils/backends.py:135: RuntimeWarning: networkx backend defined more than once: nx-loopback
  backends.update(_get_backends("networkx.backends"))
INFO:__mp_main__:Worker 6: Finished collecting 256 steps.
INFO:__mp_main__:Worker 5: Finished collecting 256 steps.
INFO:__mp_main__:Worker 10: Finished collecting 256 steps.
INFO:__mp_main__:Worker 7: Finished collecting 256 steps.
INFO:__mp_main__:Worker 8: Finished collecting 256 steps.
INFO:__mp_main__:Worker 14: Finished collecting 256 steps.
INFO:__mp_main__:Worker 12: Finished collecting 256 steps.
INFO:__mp_main__:Worker 1: Finished collecting 256 steps.
INFO:__mp_main__:Worker 11: Finished collecting 256 steps.
INFO:__mp_main__:Worker 9: Finished collecting 256 steps.
INFO:__mp_main__:Worker 2: Finished collecting 256 steps.
INFO:__mp_main__:Worker 0: Finished collecting 256 steps.
INFO:__mp_main__:Worker 4: Finished collecting 256 steps.
INFO:__mp_main__:Worker 3: Finished collecting 256 steps.
INFO:__mp_main__:Worker 15: Finished collecting 256 steps.
INFO:__mp_main__:Worker 13: Finished collecting 256 steps.
INFO:__main__:Update: 28/146, Timesteps: 114688/600000, FPS: 65, Episodes: 4480, Avg Reward (Last 100): 20.02, Avg Length (Last 100): 48.42
/home/kxu/miniforge3/envs/sgym-hab/lib/python3.9/site-packages/networkx/utils/backends.py:135: RuntimeWarning: networkx backend defined more than once: nx-loopback
  backends.update(_get_backends("networkx.backends"))
/home/kxu/miniforge3/envs/sgym-hab/lib/python3.9/site-packages/networkx/utils/backends.py:135: RuntimeWarning: networkx backend defined more than once: nx-loopback
  backends.update(_get_backends("networkx.backends"))
/home/kxu/miniforge3/envs/sgym-hab/lib/python3.9/site-packages/networkx/utils/backends.py:135: RuntimeWarning: networkx backend defined more than once: nx-loopback
  backends.update(_get_backends("networkx.backends"))
/home/kxu/miniforge3/envs/sgym-hab/lib/python3.9/site-packages/networkx/utils/backends.py:135: RuntimeWarning: networkx backend defined more than once: nx-loopback
  backends.update(_get_backends("networkx.backends"))
/home/kxu/miniforge3/envs/sgym-hab/lib/python3.9/site-packages/networkx/utils/backends.py:135: RuntimeWarning: networkx backend defined more than once: nx-loopback
  backends.update(_get_backends("networkx.backends"))
/home/kxu/miniforge3/envs/sgym-hab/lib/python3.9/site-packages/networkx/utils/backends.py:135: RuntimeWarning: networkx backend defined more than once: nx-loopback
  backends.update(_get_backends("networkx.backends"))
/home/kxu/miniforge3/envs/sgym-hab/lib/python3.9/site-packages/networkx/utils/backends.py:135: RuntimeWarning: networkx backend defined more than once: nx-loopback
  backends.update(_get_backends("networkx.backends"))
/home/kxu/miniforge3/envs/sgym-hab/lib/python3.9/site-packages/networkx/utils/backends.py:135: RuntimeWarning: networkx backend defined more than once: nx-loopback
  backends.update(_get_backends("networkx.backends"))
/home/kxu/miniforge3/envs/sgym-hab/lib/python3.9/site-packages/networkx/utils/backends.py:135: RuntimeWarning: networkx backend defined more than once: nx-loopback
  backends.update(_get_backends("networkx.backends"))
/home/kxu/miniforge3/envs/sgym-hab/lib/python3.9/site-packages/networkx/utils/backends.py:135: RuntimeWarning: networkx backend defined more than once: nx-loopback
  backends.update(_get_backends("networkx.backends"))
/home/kxu/miniforge3/envs/sgym-hab/lib/python3.9/site-packages/networkx/utils/backends.py:135: RuntimeWarning: networkx backend defined more than once: nx-loopback
  backends.update(_get_backends("networkx.backends"))
/home/kxu/miniforge3/envs/sgym-hab/lib/python3.9/site-packages/networkx/utils/backends.py:135: RuntimeWarning: networkx backend defined more than once: nx-loopback
  backends.update(_get_backends("networkx.backends"))
/home/kxu/miniforge3/envs/sgym-hab/lib/python3.9/site-packages/networkx/utils/backends.py:135: RuntimeWarning: networkx backend defined more than once: nx-loopback
  backends.update(_get_backends("networkx.backends"))
/home/kxu/miniforge3/envs/sgym-hab/lib/python3.9/site-packages/networkx/utils/backends.py:135: RuntimeWarning: networkx backend defined more than once: nx-loopback
  backends.update(_get_backends("networkx.backends"))
/home/kxu/miniforge3/envs/sgym-hab/lib/python3.9/site-packages/networkx/utils/backends.py:135: RuntimeWarning: networkx backend defined more than once: nx-loopback
  backends.update(_get_backends("networkx.backends"))
/home/kxu/miniforge3/envs/sgym-hab/lib/python3.9/site-packages/networkx/utils/backends.py:135: RuntimeWarning: networkx backend defined more than once: nx-loopback
  backends.update(_get_backends("networkx.backends"))
INFO:__mp_main__:Worker 11: Finished collecting 256 steps.
INFO:__mp_main__:Worker 10: Finished collecting 256 steps.
INFO:__mp_main__:Worker 14: Finished collecting 256 steps.
INFO:__mp_main__:Worker 3: Finished collecting 256 steps.
INFO:__mp_main__:Worker 1: Finished collecting 256 steps.
INFO:__mp_main__:Worker 4: Finished collecting 256 steps.
INFO:__mp_main__:Worker 7: Finished collecting 256 steps.
INFO:__mp_main__:Worker 5: Finished collecting 256 steps.
INFO:__mp_main__:Worker 0: Finished collecting 256 steps.
INFO:__mp_main__:Worker 2: Finished collecting 256 steps.
INFO:__mp_main__:Worker 13: Finished collecting 256 steps.
INFO:__mp_main__:Worker 6: Finished collecting 256 steps.
INFO:__mp_main__:Worker 8: Finished collecting 256 steps.
INFO:__mp_main__:Worker 15: Finished collecting 256 steps.
INFO:__mp_main__:Worker 12: Finished collecting 256 steps.
INFO:__mp_main__:Worker 9: Finished collecting 256 steps.
INFO:__main__:Update: 29/146, Timesteps: 118784/600000, FPS: 65, Episodes: 4640, Avg Reward (Last 100): 21.76, Avg Length (Last 100): 49.00
/home/kxu/miniforge3/envs/sgym-hab/lib/python3.9/site-packages/networkx/utils/backends.py:135: RuntimeWarning: networkx backend defined more than once: nx-loopback
  backends.update(_get_backends("networkx.backends"))
/home/kxu/miniforge3/envs/sgym-hab/lib/python3.9/site-packages/networkx/utils/backends.py:135: RuntimeWarning: networkx backend defined more than once: nx-loopback
  backends.update(_get_backends("networkx.backends"))
/home/kxu/miniforge3/envs/sgym-hab/lib/python3.9/site-packages/networkx/utils/backends.py:135: RuntimeWarning: networkx backend defined more than once: nx-loopback
  backends.update(_get_backends("networkx.backends"))
/home/kxu/miniforge3/envs/sgym-hab/lib/python3.9/site-packages/networkx/utils/backends.py:135: RuntimeWarning: networkx backend defined more than once: nx-loopback
  backends.update(_get_backends("networkx.backends"))
/home/kxu/miniforge3/envs/sgym-hab/lib/python3.9/site-packages/networkx/utils/backends.py:135: RuntimeWarning: networkx backend defined more than once: nx-loopback
  backends.update(_get_backends("networkx.backends"))
/home/kxu/miniforge3/envs/sgym-hab/lib/python3.9/site-packages/networkx/utils/backends.py:135: RuntimeWarning: networkx backend defined more than once: nx-loopback
  backends.update(_get_backends("networkx.backends"))
/home/kxu/miniforge3/envs/sgym-hab/lib/python3.9/site-packages/networkx/utils/backends.py:135: RuntimeWarning: networkx backend defined more than once: nx-loopback
  backends.update(_get_backends("networkx.backends"))
/home/kxu/miniforge3/envs/sgym-hab/lib/python3.9/site-packages/networkx/utils/backends.py:135: RuntimeWarning: networkx backend defined more than once: nx-loopback
  backends.update(_get_backends("networkx.backends"))
/home/kxu/miniforge3/envs/sgym-hab/lib/python3.9/site-packages/networkx/utils/backends.py:135: RuntimeWarning: networkx backend defined more than once: nx-loopback
  backends.update(_get_backends("networkx.backends"))
/home/kxu/miniforge3/envs/sgym-hab/lib/python3.9/site-packages/networkx/utils/backends.py:135: RuntimeWarning: networkx backend defined more than once: nx-loopback
  backends.update(_get_backends("networkx.backends"))
/home/kxu/miniforge3/envs/sgym-hab/lib/python3.9/site-packages/networkx/utils/backends.py:135: RuntimeWarning: networkx backend defined more than once: nx-loopback
  backends.update(_get_backends("networkx.backends"))
/home/kxu/miniforge3/envs/sgym-hab/lib/python3.9/site-packages/networkx/utils/backends.py:135: RuntimeWarning: networkx backend defined more than once: nx-loopback
  backends.update(_get_backends("networkx.backends"))
/home/kxu/miniforge3/envs/sgym-hab/lib/python3.9/site-packages/networkx/utils/backends.py:135: RuntimeWarning: networkx backend defined more than once: nx-loopback
  backends.update(_get_backends("networkx.backends"))
/home/kxu/miniforge3/envs/sgym-hab/lib/python3.9/site-packages/networkx/utils/backends.py:135: RuntimeWarning: networkx backend defined more than once: nx-loopback
  backends.update(_get_backends("networkx.backends"))
/home/kxu/miniforge3/envs/sgym-hab/lib/python3.9/site-packages/networkx/utils/backends.py:135: RuntimeWarning: networkx backend defined more than once: nx-loopback
  backends.update(_get_backends("networkx.backends"))
/home/kxu/miniforge3/envs/sgym-hab/lib/python3.9/site-packages/networkx/utils/backends.py:135: RuntimeWarning: networkx backend defined more than once: nx-loopback
  backends.update(_get_backends("networkx.backends"))
INFO:__mp_main__:Worker 6: Finished collecting 256 steps.
INFO:__mp_main__:Worker 7: Finished collecting 256 steps.
INFO:__mp_main__:Worker 13: Finished collecting 256 steps.
INFO:__mp_main__:Worker 4: Finished collecting 256 steps.
INFO:__mp_main__:Worker 10: Finished collecting 256 steps.
INFO:__mp_main__:Worker 2: Finished collecting 256 steps.
INFO:__mp_main__:Worker 15: Finished collecting 256 steps.
INFO:__mp_main__:Worker 14: Finished collecting 256 steps.
INFO:__mp_main__:Worker 0: Finished collecting 256 steps.
INFO:__mp_main__:Worker 11: Finished collecting 256 steps.
INFO:__mp_main__:Worker 12: Finished collecting 256 steps.
INFO:__mp_main__:Worker 5: Finished collecting 256 steps.
INFO:__mp_main__:Worker 9: Finished collecting 256 steps.
INFO:__mp_main__:Worker 8: Finished collecting 256 steps.
INFO:__mp_main__:Worker 3: Finished collecting 256 steps.
INFO:__mp_main__:Worker 1: Finished collecting 256 steps.
INFO:__main__:Update: 30/146, Timesteps: 122880/600000, FPS: 65, Episodes: 4800, Avg Reward (Last 100): 20.90, Avg Length (Last 100): 49.00
/home/kxu/miniforge3/envs/sgym-hab/lib/python3.9/site-packages/networkx/utils/backends.py:135: RuntimeWarning: networkx backend defined more than once: nx-loopback
  backends.update(_get_backends("networkx.backends"))
/home/kxu/miniforge3/envs/sgym-hab/lib/python3.9/site-packages/networkx/utils/backends.py:135: RuntimeWarning: networkx backend defined more than once: nx-loopback
  backends.update(_get_backends("networkx.backends"))
/home/kxu/miniforge3/envs/sgym-hab/lib/python3.9/site-packages/networkx/utils/backends.py:135: RuntimeWarning: networkx backend defined more than once: nx-loopback
  backends.update(_get_backends("networkx.backends"))
/home/kxu/miniforge3/envs/sgym-hab/lib/python3.9/site-packages/networkx/utils/backends.py:135: RuntimeWarning: networkx backend defined more than once: nx-loopback
  backends.update(_get_backends("networkx.backends"))
/home/kxu/miniforge3/envs/sgym-hab/lib/python3.9/site-packages/networkx/utils/backends.py:135: RuntimeWarning: networkx backend defined more than once: nx-loopback
  backends.update(_get_backends("networkx.backends"))
/home/kxu/miniforge3/envs/sgym-hab/lib/python3.9/site-packages/networkx/utils/backends.py:135: RuntimeWarning: networkx backend defined more than once: nx-loopback
  backends.update(_get_backends("networkx.backends"))
/home/kxu/miniforge3/envs/sgym-hab/lib/python3.9/site-packages/networkx/utils/backends.py:135: RuntimeWarning: networkx backend defined more than once: nx-loopback
  backends.update(_get_backends("networkx.backends"))
/home/kxu/miniforge3/envs/sgym-hab/lib/python3.9/site-packages/networkx/utils/backends.py:135: RuntimeWarning: networkx backend defined more than once: nx-loopback
  backends.update(_get_backends("networkx.backends"))
/home/kxu/miniforge3/envs/sgym-hab/lib/python3.9/site-packages/networkx/utils/backends.py:135: RuntimeWarning: networkx backend defined more than once: nx-loopback
  backends.update(_get_backends("networkx.backends"))
/home/kxu/miniforge3/envs/sgym-hab/lib/python3.9/site-packages/networkx/utils/backends.py:135: RuntimeWarning: networkx backend defined more than once: nx-loopback
  backends.update(_get_backends("networkx.backends"))
/home/kxu/miniforge3/envs/sgym-hab/lib/python3.9/site-packages/networkx/utils/backends.py:135: RuntimeWarning: networkx backend defined more than once: nx-loopback
  backends.update(_get_backends("networkx.backends"))
/home/kxu/miniforge3/envs/sgym-hab/lib/python3.9/site-packages/networkx/utils/backends.py:135: RuntimeWarning: networkx backend defined more than once: nx-loopback
  backends.update(_get_backends("networkx.backends"))
/home/kxu/miniforge3/envs/sgym-hab/lib/python3.9/site-packages/networkx/utils/backends.py:135: RuntimeWarning: networkx backend defined more than once: nx-loopback
  backends.update(_get_backends("networkx.backends"))
/home/kxu/miniforge3/envs/sgym-hab/lib/python3.9/site-packages/networkx/utils/backends.py:135: RuntimeWarning: networkx backend defined more than once: nx-loopback
  backends.update(_get_backends("networkx.backends"))
/home/kxu/miniforge3/envs/sgym-hab/lib/python3.9/site-packages/networkx/utils/backends.py:135: RuntimeWarning: networkx backend defined more than once: nx-loopback
  backends.update(_get_backends("networkx.backends"))
/home/kxu/miniforge3/envs/sgym-hab/lib/python3.9/site-packages/networkx/utils/backends.py:135: RuntimeWarning: networkx backend defined more than once: nx-loopback
  backends.update(_get_backends("networkx.backends"))
INFO:__mp_main__:Worker 3: Finished collecting 256 steps.
INFO:__mp_main__:Worker 2: Finished collecting 256 steps.
INFO:__mp_main__:Worker 15: Finished collecting 256 steps.
INFO:__mp_main__:Worker 14: Finished collecting 256 steps.
INFO:__mp_main__:Worker 4: Finished collecting 256 steps.
INFO:__mp_main__:Worker 7: Finished collecting 256 steps.
INFO:__mp_main__:Worker 1: Finished collecting 256 steps.
INFO:__mp_main__:Worker 0: Finished collecting 256 steps.
INFO:__mp_main__:Worker 8: Finished collecting 256 steps.
INFO:__mp_main__:Worker 9: Finished collecting 256 steps.
INFO:__mp_main__:Worker 5: Finished collecting 256 steps.
INFO:__mp_main__:Worker 13: Finished collecting 256 steps.
INFO:__mp_main__:Worker 11: Finished collecting 256 steps.
INFO:__mp_main__:Worker 12: Finished collecting 256 steps.
INFO:__mp_main__:Worker 10: Finished collecting 256 steps.
INFO:__mp_main__:Worker 6: Finished collecting 256 steps.
INFO:__main__:Update: 31/146, Timesteps: 126976/600000, FPS: 65, Episodes: 4960, Avg Reward (Last 100): 20.86, Avg Length (Last 100): 49.00
/home/kxu/miniforge3/envs/sgym-hab/lib/python3.9/site-packages/networkx/utils/backends.py:135: RuntimeWarning: networkx backend defined more than once: nx-loopback
  backends.update(_get_backends("networkx.backends"))
/home/kxu/miniforge3/envs/sgym-hab/lib/python3.9/site-packages/networkx/utils/backends.py:135: RuntimeWarning: networkx backend defined more than once: nx-loopback
  backends.update(_get_backends("networkx.backends"))
/home/kxu/miniforge3/envs/sgym-hab/lib/python3.9/site-packages/networkx/utils/backends.py:135: RuntimeWarning: networkx backend defined more than once: nx-loopback
  backends.update(_get_backends("networkx.backends"))
/home/kxu/miniforge3/envs/sgym-hab/lib/python3.9/site-packages/networkx/utils/backends.py:135: RuntimeWarning: networkx backend defined more than once: nx-loopback
  backends.update(_get_backends("networkx.backends"))
/home/kxu/miniforge3/envs/sgym-hab/lib/python3.9/site-packages/networkx/utils/backends.py:135: RuntimeWarning: networkx backend defined more than once: nx-loopback
  backends.update(_get_backends("networkx.backends"))
/home/kxu/miniforge3/envs/sgym-hab/lib/python3.9/site-packages/networkx/utils/backends.py:135: RuntimeWarning: networkx backend defined more than once: nx-loopback
  backends.update(_get_backends("networkx.backends"))
/home/kxu/miniforge3/envs/sgym-hab/lib/python3.9/site-packages/networkx/utils/backends.py:135: RuntimeWarning: networkx backend defined more than once: nx-loopback
  backends.update(_get_backends("networkx.backends"))
/home/kxu/miniforge3/envs/sgym-hab/lib/python3.9/site-packages/networkx/utils/backends.py:135: RuntimeWarning: networkx backend defined more than once: nx-loopback
  backends.update(_get_backends("networkx.backends"))
/home/kxu/miniforge3/envs/sgym-hab/lib/python3.9/site-packages/networkx/utils/backends.py:135: RuntimeWarning: networkx backend defined more than once: nx-loopback
  backends.update(_get_backends("networkx.backends"))
/home/kxu/miniforge3/envs/sgym-hab/lib/python3.9/site-packages/networkx/utils/backends.py:135: RuntimeWarning: networkx backend defined more than once: nx-loopback
  backends.update(_get_backends("networkx.backends"))
/home/kxu/miniforge3/envs/sgym-hab/lib/python3.9/site-packages/networkx/utils/backends.py:135: RuntimeWarning: networkx backend defined more than once: nx-loopback
  backends.update(_get_backends("networkx.backends"))
/home/kxu/miniforge3/envs/sgym-hab/lib/python3.9/site-packages/networkx/utils/backends.py:135: RuntimeWarning: networkx backend defined more than once: nx-loopback
  backends.update(_get_backends("networkx.backends"))
/home/kxu/miniforge3/envs/sgym-hab/lib/python3.9/site-packages/networkx/utils/backends.py:135: RuntimeWarning: networkx backend defined more than once: nx-loopback
  backends.update(_get_backends("networkx.backends"))
/home/kxu/miniforge3/envs/sgym-hab/lib/python3.9/site-packages/networkx/utils/backends.py:135: RuntimeWarning: networkx backend defined more than once: nx-loopback
  backends.update(_get_backends("networkx.backends"))
/home/kxu/miniforge3/envs/sgym-hab/lib/python3.9/site-packages/networkx/utils/backends.py:135: RuntimeWarning: networkx backend defined more than once: nx-loopback
  backends.update(_get_backends("networkx.backends"))
/home/kxu/miniforge3/envs/sgym-hab/lib/python3.9/site-packages/networkx/utils/backends.py:135: RuntimeWarning: networkx backend defined more than once: nx-loopback
  backends.update(_get_backends("networkx.backends"))
INFO:__mp_main__:Worker 10: Finished collecting 256 steps.
INFO:__mp_main__:Worker 14: Finished collecting 256 steps.
INFO:__mp_main__:Worker 15: Finished collecting 256 steps.
INFO:__mp_main__:Worker 5: Finished collecting 256 steps.
INFO:__mp_main__:Worker 9: Finished collecting 256 steps.
INFO:__mp_main__:Worker 0: Finished collecting 256 steps.
INFO:__mp_main__:Worker 7: Finished collecting 256 steps.
INFO:__mp_main__:Worker 2: Finished collecting 256 steps.
INFO:__mp_main__:Worker 4: Finished collecting 256 steps.
INFO:__mp_main__:Worker 3: Finished collecting 256 steps.
INFO:__mp_main__:Worker 6: Finished collecting 256 steps.
INFO:__mp_main__:Worker 8: Finished collecting 256 steps.
INFO:__mp_main__:Worker 12: Finished collecting 256 steps.
INFO:__mp_main__:Worker 11: Finished collecting 256 steps.
INFO:__mp_main__:Worker 1: Finished collecting 256 steps.
INFO:__mp_main__:Worker 13: Finished collecting 256 steps.
INFO:__main__:Update: 32/146, Timesteps: 131072/600000, FPS: 65, Episodes: 5120, Avg Reward (Last 100): 22.04, Avg Length (Last 100): 49.00
/home/kxu/miniforge3/envs/sgym-hab/lib/python3.9/site-packages/networkx/utils/backends.py:135: RuntimeWarning: networkx backend defined more than once: nx-loopback
  backends.update(_get_backends("networkx.backends"))
/home/kxu/miniforge3/envs/sgym-hab/lib/python3.9/site-packages/networkx/utils/backends.py:135: RuntimeWarning: networkx backend defined more than once: nx-loopback
  backends.update(_get_backends("networkx.backends"))
/home/kxu/miniforge3/envs/sgym-hab/lib/python3.9/site-packages/networkx/utils/backends.py:135: RuntimeWarning: networkx backend defined more than once: nx-loopback
  backends.update(_get_backends("networkx.backends"))
/home/kxu/miniforge3/envs/sgym-hab/lib/python3.9/site-packages/networkx/utils/backends.py:135: RuntimeWarning: networkx backend defined more than once: nx-loopback
  backends.update(_get_backends("networkx.backends"))
/home/kxu/miniforge3/envs/sgym-hab/lib/python3.9/site-packages/networkx/utils/backends.py:135: RuntimeWarning: networkx backend defined more than once: nx-loopback
  backends.update(_get_backends("networkx.backends"))
/home/kxu/miniforge3/envs/sgym-hab/lib/python3.9/site-packages/networkx/utils/backends.py:135: RuntimeWarning: networkx backend defined more than once: nx-loopback
  backends.update(_get_backends("networkx.backends"))
/home/kxu/miniforge3/envs/sgym-hab/lib/python3.9/site-packages/networkx/utils/backends.py:135: RuntimeWarning: networkx backend defined more than once: nx-loopback
  backends.update(_get_backends("networkx.backends"))
/home/kxu/miniforge3/envs/sgym-hab/lib/python3.9/site-packages/networkx/utils/backends.py:135: RuntimeWarning: networkx backend defined more than once: nx-loopback
  backends.update(_get_backends("networkx.backends"))
/home/kxu/miniforge3/envs/sgym-hab/lib/python3.9/site-packages/networkx/utils/backends.py:135: RuntimeWarning: networkx backend defined more than once: nx-loopback
  backends.update(_get_backends("networkx.backends"))
/home/kxu/miniforge3/envs/sgym-hab/lib/python3.9/site-packages/networkx/utils/backends.py:135: RuntimeWarning: networkx backend defined more than once: nx-loopback
  backends.update(_get_backends("networkx.backends"))
/home/kxu/miniforge3/envs/sgym-hab/lib/python3.9/site-packages/networkx/utils/backends.py:135: RuntimeWarning: networkx backend defined more than once: nx-loopback
  backends.update(_get_backends("networkx.backends"))
/home/kxu/miniforge3/envs/sgym-hab/lib/python3.9/site-packages/networkx/utils/backends.py:135: RuntimeWarning: networkx backend defined more than once: nx-loopback
  backends.update(_get_backends("networkx.backends"))
/home/kxu/miniforge3/envs/sgym-hab/lib/python3.9/site-packages/networkx/utils/backends.py:135: RuntimeWarning: networkx backend defined more than once: nx-loopback
  backends.update(_get_backends("networkx.backends"))
/home/kxu/miniforge3/envs/sgym-hab/lib/python3.9/site-packages/networkx/utils/backends.py:135: RuntimeWarning: networkx backend defined more than once: nx-loopback
  backends.update(_get_backends("networkx.backends"))
/home/kxu/miniforge3/envs/sgym-hab/lib/python3.9/site-packages/networkx/utils/backends.py:135: RuntimeWarning: networkx backend defined more than once: nx-loopback
  backends.update(_get_backends("networkx.backends"))
/home/kxu/miniforge3/envs/sgym-hab/lib/python3.9/site-packages/networkx/utils/backends.py:135: RuntimeWarning: networkx backend defined more than once: nx-loopback
  backends.update(_get_backends("networkx.backends"))
INFO:__mp_main__:Worker 3: Finished collecting 256 steps.
INFO:__mp_main__:Worker 0: Finished collecting 256 steps.
INFO:__mp_main__:Worker 13: Finished collecting 256 steps.
INFO:__mp_main__:Worker 5: Finished collecting 256 steps.
INFO:__mp_main__:Worker 1: Finished collecting 256 steps.
INFO:__mp_main__:Worker 10: Finished collecting 256 steps.
INFO:__mp_main__:Worker 6: Finished collecting 256 steps.
INFO:__mp_main__:Worker 15: Finished collecting 256 steps.
INFO:__mp_main__:Worker 8: Finished collecting 256 steps.
INFO:__mp_main__:Worker 4: Finished collecting 256 steps.
INFO:__mp_main__:Worker 2: Finished collecting 256 steps.
INFO:__mp_main__:Worker 9: Finished collecting 256 steps.
INFO:__mp_main__:Worker 7: Finished collecting 256 steps.
INFO:__mp_main__:Worker 12: Finished collecting 256 steps.
INFO:__mp_main__:Worker 11: Finished collecting 256 steps.
INFO:__mp_main__:Worker 14: Finished collecting 256 steps.
INFO:__main__:Update: 33/146, Timesteps: 135168/600000, FPS: 65, Episodes: 5280, Avg Reward (Last 100): 21.47, Avg Length (Last 100): 49.00
/home/kxu/miniforge3/envs/sgym-hab/lib/python3.9/site-packages/networkx/utils/backends.py:135: RuntimeWarning: networkx backend defined more than once: nx-loopback
  backends.update(_get_backends("networkx.backends"))
/home/kxu/miniforge3/envs/sgym-hab/lib/python3.9/site-packages/networkx/utils/backends.py:135: RuntimeWarning: networkx backend defined more than once: nx-loopback
  backends.update(_get_backends("networkx.backends"))
/home/kxu/miniforge3/envs/sgym-hab/lib/python3.9/site-packages/networkx/utils/backends.py:135: RuntimeWarning: networkx backend defined more than once: nx-loopback
  backends.update(_get_backends("networkx.backends"))
/home/kxu/miniforge3/envs/sgym-hab/lib/python3.9/site-packages/networkx/utils/backends.py:135: RuntimeWarning: networkx backend defined more than once: nx-loopback
  backends.update(_get_backends("networkx.backends"))
/home/kxu/miniforge3/envs/sgym-hab/lib/python3.9/site-packages/networkx/utils/backends.py:135: RuntimeWarning: networkx backend defined more than once: nx-loopback
  backends.update(_get_backends("networkx.backends"))
/home/kxu/miniforge3/envs/sgym-hab/lib/python3.9/site-packages/networkx/utils/backends.py:135: RuntimeWarning: networkx backend defined more than once: nx-loopback
  backends.update(_get_backends("networkx.backends"))
/home/kxu/miniforge3/envs/sgym-hab/lib/python3.9/site-packages/networkx/utils/backends.py:135: RuntimeWarning: networkx backend defined more than once: nx-loopback
  backends.update(_get_backends("networkx.backends"))
/home/kxu/miniforge3/envs/sgym-hab/lib/python3.9/site-packages/networkx/utils/backends.py:135: RuntimeWarning: networkx backend defined more than once: nx-loopback
  backends.update(_get_backends("networkx.backends"))
/home/kxu/miniforge3/envs/sgym-hab/lib/python3.9/site-packages/networkx/utils/backends.py:135: RuntimeWarning: networkx backend defined more than once: nx-loopback
  backends.update(_get_backends("networkx.backends"))
/home/kxu/miniforge3/envs/sgym-hab/lib/python3.9/site-packages/networkx/utils/backends.py:135: RuntimeWarning: networkx backend defined more than once: nx-loopback
  backends.update(_get_backends("networkx.backends"))
/home/kxu/miniforge3/envs/sgym-hab/lib/python3.9/site-packages/networkx/utils/backends.py:135: RuntimeWarning: networkx backend defined more than once: nx-loopback
  backends.update(_get_backends("networkx.backends"))
/home/kxu/miniforge3/envs/sgym-hab/lib/python3.9/site-packages/networkx/utils/backends.py:135: RuntimeWarning: networkx backend defined more than once: nx-loopback
  backends.update(_get_backends("networkx.backends"))
/home/kxu/miniforge3/envs/sgym-hab/lib/python3.9/site-packages/networkx/utils/backends.py:135: RuntimeWarning: networkx backend defined more than once: nx-loopback
  backends.update(_get_backends("networkx.backends"))
/home/kxu/miniforge3/envs/sgym-hab/lib/python3.9/site-packages/networkx/utils/backends.py:135: RuntimeWarning: networkx backend defined more than once: nx-loopback
  backends.update(_get_backends("networkx.backends"))
/home/kxu/miniforge3/envs/sgym-hab/lib/python3.9/site-packages/networkx/utils/backends.py:135: RuntimeWarning: networkx backend defined more than once: nx-loopback
  backends.update(_get_backends("networkx.backends"))
/home/kxu/miniforge3/envs/sgym-hab/lib/python3.9/site-packages/networkx/utils/backends.py:135: RuntimeWarning: networkx backend defined more than once: nx-loopback
  backends.update(_get_backends("networkx.backends"))
INFO:__mp_main__:Worker 2: Finished collecting 256 steps.
INFO:__mp_main__:Worker 4: Finished collecting 256 steps.
INFO:__mp_main__:Worker 1: Finished collecting 256 steps.
INFO:__mp_main__:Worker 15: Finished collecting 256 steps.
INFO:__mp_main__:Worker 5: Finished collecting 256 steps.
INFO:__mp_main__:Worker 8: Finished collecting 256 steps.
INFO:__mp_main__:Worker 0: Finished collecting 256 steps.
INFO:__mp_main__:Worker 14: Finished collecting 256 steps.
INFO:__mp_main__:Worker 7: Finished collecting 256 steps.
INFO:__mp_main__:Worker 3: Finished collecting 256 steps.
INFO:__mp_main__:Worker 9: Finished collecting 256 steps.
INFO:__mp_main__:Worker 13: Finished collecting 256 steps.
INFO:__mp_main__:Worker 6: Finished collecting 256 steps.
INFO:__mp_main__:Worker 11: Finished collecting 256 steps.
INFO:__mp_main__:Worker 10: Finished collecting 256 steps.
INFO:__mp_main__:Worker 12: Finished collecting 256 steps.
INFO:__main__:Update: 34/146, Timesteps: 139264/600000, FPS: 65, Episodes: 5440, Avg Reward (Last 100): 21.10, Avg Length (Last 100): 49.00
/home/kxu/miniforge3/envs/sgym-hab/lib/python3.9/site-packages/networkx/utils/backends.py:135: RuntimeWarning: networkx backend defined more than once: nx-loopback
  backends.update(_get_backends("networkx.backends"))
/home/kxu/miniforge3/envs/sgym-hab/lib/python3.9/site-packages/networkx/utils/backends.py:135: RuntimeWarning: networkx backend defined more than once: nx-loopback
  backends.update(_get_backends("networkx.backends"))
/home/kxu/miniforge3/envs/sgym-hab/lib/python3.9/site-packages/networkx/utils/backends.py:135: RuntimeWarning: networkx backend defined more than once: nx-loopback
  backends.update(_get_backends("networkx.backends"))
/home/kxu/miniforge3/envs/sgym-hab/lib/python3.9/site-packages/networkx/utils/backends.py:135: RuntimeWarning: networkx backend defined more than once: nx-loopback
  backends.update(_get_backends("networkx.backends"))
/home/kxu/miniforge3/envs/sgym-hab/lib/python3.9/site-packages/networkx/utils/backends.py:135: RuntimeWarning: networkx backend defined more than once: nx-loopback
  backends.update(_get_backends("networkx.backends"))
/home/kxu/miniforge3/envs/sgym-hab/lib/python3.9/site-packages/networkx/utils/backends.py:135: RuntimeWarning: networkx backend defined more than once: nx-loopback
  backends.update(_get_backends("networkx.backends"))
/home/kxu/miniforge3/envs/sgym-hab/lib/python3.9/site-packages/networkx/utils/backends.py:135: RuntimeWarning: networkx backend defined more than once: nx-loopback
  backends.update(_get_backends("networkx.backends"))
/home/kxu/miniforge3/envs/sgym-hab/lib/python3.9/site-packages/networkx/utils/backends.py:135: RuntimeWarning: networkx backend defined more than once: nx-loopback
  backends.update(_get_backends("networkx.backends"))
/home/kxu/miniforge3/envs/sgym-hab/lib/python3.9/site-packages/networkx/utils/backends.py:135: RuntimeWarning: networkx backend defined more than once: nx-loopback
  backends.update(_get_backends("networkx.backends"))
/home/kxu/miniforge3/envs/sgym-hab/lib/python3.9/site-packages/networkx/utils/backends.py:135: RuntimeWarning: networkx backend defined more than once: nx-loopback
  backends.update(_get_backends("networkx.backends"))
/home/kxu/miniforge3/envs/sgym-hab/lib/python3.9/site-packages/networkx/utils/backends.py:135: RuntimeWarning: networkx backend defined more than once: nx-loopback
  backends.update(_get_backends("networkx.backends"))
/home/kxu/miniforge3/envs/sgym-hab/lib/python3.9/site-packages/networkx/utils/backends.py:135: RuntimeWarning: networkx backend defined more than once: nx-loopback
  backends.update(_get_backends("networkx.backends"))
/home/kxu/miniforge3/envs/sgym-hab/lib/python3.9/site-packages/networkx/utils/backends.py:135: RuntimeWarning: networkx backend defined more than once: nx-loopback
  backends.update(_get_backends("networkx.backends"))
/home/kxu/miniforge3/envs/sgym-hab/lib/python3.9/site-packages/networkx/utils/backends.py:135: RuntimeWarning: networkx backend defined more than once: nx-loopback
  backends.update(_get_backends("networkx.backends"))
/home/kxu/miniforge3/envs/sgym-hab/lib/python3.9/site-packages/networkx/utils/backends.py:135: RuntimeWarning: networkx backend defined more than once: nx-loopback
  backends.update(_get_backends("networkx.backends"))
/home/kxu/miniforge3/envs/sgym-hab/lib/python3.9/site-packages/networkx/utils/backends.py:135: RuntimeWarning: networkx backend defined more than once: nx-loopback
  backends.update(_get_backends("networkx.backends"))
INFO:__mp_main__:Worker 5: Finished collecting 256 steps.
INFO:__mp_main__:Worker 1: Finished collecting 256 steps.
INFO:__mp_main__:Worker 9: Finished collecting 256 steps.
INFO:__mp_main__:Worker 6: Finished collecting 256 steps.
INFO:__mp_main__:Worker 4: Finished collecting 256 steps.
INFO:__mp_main__:Worker 10: Finished collecting 256 steps.
INFO:__mp_main__:Worker 12: Finished collecting 256 steps.
INFO:__mp_main__:Worker 15: Finished collecting 256 steps.
INFO:__mp_main__:Worker 8: Finished collecting 256 steps.
INFO:__mp_main__:Worker 2: Finished collecting 256 steps.
INFO:__mp_main__:Worker 7: Finished collecting 256 steps.
INFO:__mp_main__:Worker 3: Finished collecting 256 steps.
INFO:__mp_main__:Worker 11: Finished collecting 256 steps.
INFO:__mp_main__:Worker 0: Finished collecting 256 steps.
INFO:__mp_main__:Worker 14: Finished collecting 256 steps.
INFO:__mp_main__:Worker 13: Finished collecting 256 steps.
INFO:__main__:Update: 35/146, Timesteps: 143360/600000, FPS: 65, Episodes: 5600, Avg Reward (Last 100): 21.48, Avg Length (Last 100): 48.92
/home/kxu/miniforge3/envs/sgym-hab/lib/python3.9/site-packages/networkx/utils/backends.py:135: RuntimeWarning: networkx backend defined more than once: nx-loopback
  backends.update(_get_backends("networkx.backends"))
/home/kxu/miniforge3/envs/sgym-hab/lib/python3.9/site-packages/networkx/utils/backends.py:135: RuntimeWarning: networkx backend defined more than once: nx-loopback
  backends.update(_get_backends("networkx.backends"))
/home/kxu/miniforge3/envs/sgym-hab/lib/python3.9/site-packages/networkx/utils/backends.py:135: RuntimeWarning: networkx backend defined more than once: nx-loopback
  backends.update(_get_backends("networkx.backends"))
/home/kxu/miniforge3/envs/sgym-hab/lib/python3.9/site-packages/networkx/utils/backends.py:135: RuntimeWarning: networkx backend defined more than once: nx-loopback
  backends.update(_get_backends("networkx.backends"))
/home/kxu/miniforge3/envs/sgym-hab/lib/python3.9/site-packages/networkx/utils/backends.py:135: RuntimeWarning: networkx backend defined more than once: nx-loopback
  backends.update(_get_backends("networkx.backends"))
/home/kxu/miniforge3/envs/sgym-hab/lib/python3.9/site-packages/networkx/utils/backends.py:135: RuntimeWarning: networkx backend defined more than once: nx-loopback
  backends.update(_get_backends("networkx.backends"))
/home/kxu/miniforge3/envs/sgym-hab/lib/python3.9/site-packages/networkx/utils/backends.py:135: RuntimeWarning: networkx backend defined more than once: nx-loopback
  backends.update(_get_backends("networkx.backends"))
/home/kxu/miniforge3/envs/sgym-hab/lib/python3.9/site-packages/networkx/utils/backends.py:135: RuntimeWarning: networkx backend defined more than once: nx-loopback
  backends.update(_get_backends("networkx.backends"))
/home/kxu/miniforge3/envs/sgym-hab/lib/python3.9/site-packages/networkx/utils/backends.py:135: RuntimeWarning: networkx backend defined more than once: nx-loopback
  backends.update(_get_backends("networkx.backends"))
/home/kxu/miniforge3/envs/sgym-hab/lib/python3.9/site-packages/networkx/utils/backends.py:135: RuntimeWarning: networkx backend defined more than once: nx-loopback
  backends.update(_get_backends("networkx.backends"))
/home/kxu/miniforge3/envs/sgym-hab/lib/python3.9/site-packages/networkx/utils/backends.py:135: RuntimeWarning: networkx backend defined more than once: nx-loopback
  backends.update(_get_backends("networkx.backends"))
/home/kxu/miniforge3/envs/sgym-hab/lib/python3.9/site-packages/networkx/utils/backends.py:135: RuntimeWarning: networkx backend defined more than once: nx-loopback
  backends.update(_get_backends("networkx.backends"))
/home/kxu/miniforge3/envs/sgym-hab/lib/python3.9/site-packages/networkx/utils/backends.py:135: RuntimeWarning: networkx backend defined more than once: nx-loopback
  backends.update(_get_backends("networkx.backends"))
/home/kxu/miniforge3/envs/sgym-hab/lib/python3.9/site-packages/networkx/utils/backends.py:135: RuntimeWarning: networkx backend defined more than once: nx-loopback
  backends.update(_get_backends("networkx.backends"))
/home/kxu/miniforge3/envs/sgym-hab/lib/python3.9/site-packages/networkx/utils/backends.py:135: RuntimeWarning: networkx backend defined more than once: nx-loopback
  backends.update(_get_backends("networkx.backends"))
/home/kxu/miniforge3/envs/sgym-hab/lib/python3.9/site-packages/networkx/utils/backends.py:135: RuntimeWarning: networkx backend defined more than once: nx-loopback
  backends.update(_get_backends("networkx.backends"))
INFO:__mp_main__:Worker 0: Finished collecting 256 steps.
INFO:__mp_main__:Worker 5: Finished collecting 256 steps.
INFO:__mp_main__:Worker 9: Finished collecting 256 steps.
INFO:__mp_main__:Worker 1: Finished collecting 256 steps.
INFO:__mp_main__:Worker 2: Finished collecting 256 steps.
INFO:__mp_main__:Worker 10: Finished collecting 256 steps.
INFO:__mp_main__:Worker 3: Finished collecting 256 steps.
INFO:__mp_main__:Worker 8: Finished collecting 256 steps.
INFO:__mp_main__:Worker 15: Finished collecting 256 steps.
INFO:__mp_main__:Worker 4: Finished collecting 256 steps.
INFO:__mp_main__:Worker 14: Finished collecting 256 steps.
INFO:__mp_main__:Worker 7: Finished collecting 256 steps.
INFO:__mp_main__:Worker 6: Finished collecting 256 steps.
INFO:__mp_main__:Worker 12: Finished collecting 256 steps.
INFO:__mp_main__:Worker 13: Finished collecting 256 steps.
INFO:__mp_main__:Worker 11: Finished collecting 256 steps.
INFO:__main__:Update: 36/146, Timesteps: 147456/600000, FPS: 65, Episodes: 5760, Avg Reward (Last 100): 20.61, Avg Length (Last 100): 48.82
/home/kxu/miniforge3/envs/sgym-hab/lib/python3.9/site-packages/networkx/utils/backends.py:135: RuntimeWarning: networkx backend defined more than once: nx-loopback
  backends.update(_get_backends("networkx.backends"))
/home/kxu/miniforge3/envs/sgym-hab/lib/python3.9/site-packages/networkx/utils/backends.py:135: RuntimeWarning: networkx backend defined more than once: nx-loopback
  backends.update(_get_backends("networkx.backends"))
/home/kxu/miniforge3/envs/sgym-hab/lib/python3.9/site-packages/networkx/utils/backends.py:135: RuntimeWarning: networkx backend defined more than once: nx-loopback
  backends.update(_get_backends("networkx.backends"))
/home/kxu/miniforge3/envs/sgym-hab/lib/python3.9/site-packages/networkx/utils/backends.py:135: RuntimeWarning: networkx backend defined more than once: nx-loopback
  backends.update(_get_backends("networkx.backends"))
/home/kxu/miniforge3/envs/sgym-hab/lib/python3.9/site-packages/networkx/utils/backends.py:135: RuntimeWarning: networkx backend defined more than once: nx-loopback
  backends.update(_get_backends("networkx.backends"))
/home/kxu/miniforge3/envs/sgym-hab/lib/python3.9/site-packages/networkx/utils/backends.py:135: RuntimeWarning: networkx backend defined more than once: nx-loopback
  backends.update(_get_backends("networkx.backends"))
/home/kxu/miniforge3/envs/sgym-hab/lib/python3.9/site-packages/networkx/utils/backends.py:135: RuntimeWarning: networkx backend defined more than once: nx-loopback
  backends.update(_get_backends("networkx.backends"))
/home/kxu/miniforge3/envs/sgym-hab/lib/python3.9/site-packages/networkx/utils/backends.py:135: RuntimeWarning: networkx backend defined more than once: nx-loopback
  backends.update(_get_backends("networkx.backends"))
/home/kxu/miniforge3/envs/sgym-hab/lib/python3.9/site-packages/networkx/utils/backends.py:135: RuntimeWarning: networkx backend defined more than once: nx-loopback
  backends.update(_get_backends("networkx.backends"))
/home/kxu/miniforge3/envs/sgym-hab/lib/python3.9/site-packages/networkx/utils/backends.py:135: RuntimeWarning: networkx backend defined more than once: nx-loopback
  backends.update(_get_backends("networkx.backends"))
/home/kxu/miniforge3/envs/sgym-hab/lib/python3.9/site-packages/networkx/utils/backends.py:135: RuntimeWarning: networkx backend defined more than once: nx-loopback
  backends.update(_get_backends("networkx.backends"))
/home/kxu/miniforge3/envs/sgym-hab/lib/python3.9/site-packages/networkx/utils/backends.py:135: RuntimeWarning: networkx backend defined more than once: nx-loopback
  backends.update(_get_backends("networkx.backends"))
/home/kxu/miniforge3/envs/sgym-hab/lib/python3.9/site-packages/networkx/utils/backends.py:135: RuntimeWarning: networkx backend defined more than once: nx-loopback
  backends.update(_get_backends("networkx.backends"))
/home/kxu/miniforge3/envs/sgym-hab/lib/python3.9/site-packages/networkx/utils/backends.py:135: RuntimeWarning: networkx backend defined more than once: nx-loopback
  backends.update(_get_backends("networkx.backends"))
/home/kxu/miniforge3/envs/sgym-hab/lib/python3.9/site-packages/networkx/utils/backends.py:135: RuntimeWarning: networkx backend defined more than once: nx-loopback
  backends.update(_get_backends("networkx.backends"))
/home/kxu/miniforge3/envs/sgym-hab/lib/python3.9/site-packages/networkx/utils/backends.py:135: RuntimeWarning: networkx backend defined more than once: nx-loopback
  backends.update(_get_backends("networkx.backends"))
INFO:__mp_main__:Worker 0: Finished collecting 256 steps.
INFO:__mp_main__:Worker 5: Finished collecting 256 steps.
INFO:__mp_main__:Worker 15: Finished collecting 256 steps.
INFO:__mp_main__:Worker 9: Finished collecting 256 steps.
INFO:__mp_main__:Worker 10: Finished collecting 256 steps.
INFO:__mp_main__:Worker 4: Finished collecting 256 steps.
INFO:__mp_main__:Worker 6: Finished collecting 256 steps.
INFO:__mp_main__:Worker 14: Finished collecting 256 steps.
INFO:__mp_main__:Worker 1: Finished collecting 256 steps.
INFO:__mp_main__:Worker 11: Finished collecting 256 steps.
INFO:__mp_main__:Worker 3: Finished collecting 256 steps.
INFO:__mp_main__:Worker 8: Finished collecting 256 steps.
INFO:__mp_main__:Worker 12: Finished collecting 256 steps.
INFO:__mp_main__:Worker 13: Finished collecting 256 steps.
INFO:__mp_main__:Worker 7: Finished collecting 256 steps.
INFO:__mp_main__:Worker 2: Finished collecting 256 steps.
INFO:__main__:Update: 37/146, Timesteps: 151552/600000, FPS: 65, Episodes: 5920, Avg Reward (Last 100): 21.23, Avg Length (Last 100): 48.32
/home/kxu/miniforge3/envs/sgym-hab/lib/python3.9/site-packages/networkx/utils/backends.py:135: RuntimeWarning: networkx backend defined more than once: nx-loopback
  backends.update(_get_backends("networkx.backends"))
/home/kxu/miniforge3/envs/sgym-hab/lib/python3.9/site-packages/networkx/utils/backends.py:135: RuntimeWarning: networkx backend defined more than once: nx-loopback
  backends.update(_get_backends("networkx.backends"))
/home/kxu/miniforge3/envs/sgym-hab/lib/python3.9/site-packages/networkx/utils/backends.py:135: RuntimeWarning: networkx backend defined more than once: nx-loopback
  backends.update(_get_backends("networkx.backends"))
/home/kxu/miniforge3/envs/sgym-hab/lib/python3.9/site-packages/networkx/utils/backends.py:135: RuntimeWarning: networkx backend defined more than once: nx-loopback
  backends.update(_get_backends("networkx.backends"))
/home/kxu/miniforge3/envs/sgym-hab/lib/python3.9/site-packages/networkx/utils/backends.py:135: RuntimeWarning: networkx backend defined more than once: nx-loopback
  backends.update(_get_backends("networkx.backends"))
/home/kxu/miniforge3/envs/sgym-hab/lib/python3.9/site-packages/networkx/utils/backends.py:135: RuntimeWarning: networkx backend defined more than once: nx-loopback
  backends.update(_get_backends("networkx.backends"))
/home/kxu/miniforge3/envs/sgym-hab/lib/python3.9/site-packages/networkx/utils/backends.py:135: RuntimeWarning: networkx backend defined more than once: nx-loopback
  backends.update(_get_backends("networkx.backends"))
/home/kxu/miniforge3/envs/sgym-hab/lib/python3.9/site-packages/networkx/utils/backends.py:135: RuntimeWarning: networkx backend defined more than once: nx-loopback
  backends.update(_get_backends("networkx.backends"))
/home/kxu/miniforge3/envs/sgym-hab/lib/python3.9/site-packages/networkx/utils/backends.py:135: RuntimeWarning: networkx backend defined more than once: nx-loopback
  backends.update(_get_backends("networkx.backends"))
/home/kxu/miniforge3/envs/sgym-hab/lib/python3.9/site-packages/networkx/utils/backends.py:135: RuntimeWarning: networkx backend defined more than once: nx-loopback
  backends.update(_get_backends("networkx.backends"))
/home/kxu/miniforge3/envs/sgym-hab/lib/python3.9/site-packages/networkx/utils/backends.py:135: RuntimeWarning: networkx backend defined more than once: nx-loopback
  backends.update(_get_backends("networkx.backends"))
/home/kxu/miniforge3/envs/sgym-hab/lib/python3.9/site-packages/networkx/utils/backends.py:135: RuntimeWarning: networkx backend defined more than once: nx-loopback
  backends.update(_get_backends("networkx.backends"))
/home/kxu/miniforge3/envs/sgym-hab/lib/python3.9/site-packages/networkx/utils/backends.py:135: RuntimeWarning: networkx backend defined more than once: nx-loopback
  backends.update(_get_backends("networkx.backends"))
/home/kxu/miniforge3/envs/sgym-hab/lib/python3.9/site-packages/networkx/utils/backends.py:135: RuntimeWarning: networkx backend defined more than once: nx-loopback
  backends.update(_get_backends("networkx.backends"))
/home/kxu/miniforge3/envs/sgym-hab/lib/python3.9/site-packages/networkx/utils/backends.py:135: RuntimeWarning: networkx backend defined more than once: nx-loopback
  backends.update(_get_backends("networkx.backends"))
/home/kxu/miniforge3/envs/sgym-hab/lib/python3.9/site-packages/networkx/utils/backends.py:135: RuntimeWarning: networkx backend defined more than once: nx-loopback
  backends.update(_get_backends("networkx.backends"))
INFO:__mp_main__:Worker 0: Finished collecting 256 steps.
INFO:__mp_main__:Worker 8: Finished collecting 256 steps.
INFO:__mp_main__:Worker 4: Finished collecting 256 steps.
INFO:__mp_main__:Worker 3: Finished collecting 256 steps.
INFO:__mp_main__:Worker 7: Finished collecting 256 steps.
INFO:__mp_main__:Worker 14: Finished collecting 256 steps.
INFO:__mp_main__:Worker 15: Finished collecting 256 steps.
INFO:__mp_main__:Worker 12: Finished collecting 256 steps.
INFO:__mp_main__:Worker 10: Finished collecting 256 steps.
INFO:__mp_main__:Worker 2: Finished collecting 256 steps.
INFO:__mp_main__:Worker 1: Finished collecting 256 steps.
INFO:__mp_main__:Worker 5: Finished collecting 256 steps.
INFO:__mp_main__:Worker 13: Finished collecting 256 steps.
INFO:__mp_main__:Worker 6: Finished collecting 256 steps.
INFO:__mp_main__:Worker 9: Finished collecting 256 steps.
INFO:__mp_main__:Worker 11: Finished collecting 256 steps.
INFO:__main__:Update: 38/146, Timesteps: 155648/600000, FPS: 65, Episodes: 6080, Avg Reward (Last 100): 20.26, Avg Length (Last 100): 49.00
/home/kxu/miniforge3/envs/sgym-hab/lib/python3.9/site-packages/networkx/utils/backends.py:135: RuntimeWarning: networkx backend defined more than once: nx-loopback
  backends.update(_get_backends("networkx.backends"))
/home/kxu/miniforge3/envs/sgym-hab/lib/python3.9/site-packages/networkx/utils/backends.py:135: RuntimeWarning: networkx backend defined more than once: nx-loopback
  backends.update(_get_backends("networkx.backends"))
/home/kxu/miniforge3/envs/sgym-hab/lib/python3.9/site-packages/networkx/utils/backends.py:135: RuntimeWarning: networkx backend defined more than once: nx-loopback
  backends.update(_get_backends("networkx.backends"))
/home/kxu/miniforge3/envs/sgym-hab/lib/python3.9/site-packages/networkx/utils/backends.py:135: RuntimeWarning: networkx backend defined more than once: nx-loopback
  backends.update(_get_backends("networkx.backends"))
/home/kxu/miniforge3/envs/sgym-hab/lib/python3.9/site-packages/networkx/utils/backends.py:135: RuntimeWarning: networkx backend defined more than once: nx-loopback
  backends.update(_get_backends("networkx.backends"))
/home/kxu/miniforge3/envs/sgym-hab/lib/python3.9/site-packages/networkx/utils/backends.py:135: RuntimeWarning: networkx backend defined more than once: nx-loopback
  backends.update(_get_backends("networkx.backends"))
/home/kxu/miniforge3/envs/sgym-hab/lib/python3.9/site-packages/networkx/utils/backends.py:135: RuntimeWarning: networkx backend defined more than once: nx-loopback
  backends.update(_get_backends("networkx.backends"))
/home/kxu/miniforge3/envs/sgym-hab/lib/python3.9/site-packages/networkx/utils/backends.py:135: RuntimeWarning: networkx backend defined more than once: nx-loopback
  backends.update(_get_backends("networkx.backends"))
/home/kxu/miniforge3/envs/sgym-hab/lib/python3.9/site-packages/networkx/utils/backends.py:135: RuntimeWarning: networkx backend defined more than once: nx-loopback
  backends.update(_get_backends("networkx.backends"))
/home/kxu/miniforge3/envs/sgym-hab/lib/python3.9/site-packages/networkx/utils/backends.py:135: RuntimeWarning: networkx backend defined more than once: nx-loopback
  backends.update(_get_backends("networkx.backends"))
/home/kxu/miniforge3/envs/sgym-hab/lib/python3.9/site-packages/networkx/utils/backends.py:135: RuntimeWarning: networkx backend defined more than once: nx-loopback
  backends.update(_get_backends("networkx.backends"))
/home/kxu/miniforge3/envs/sgym-hab/lib/python3.9/site-packages/networkx/utils/backends.py:135: RuntimeWarning: networkx backend defined more than once: nx-loopback
  backends.update(_get_backends("networkx.backends"))
/home/kxu/miniforge3/envs/sgym-hab/lib/python3.9/site-packages/networkx/utils/backends.py:135: RuntimeWarning: networkx backend defined more than once: nx-loopback
  backends.update(_get_backends("networkx.backends"))
/home/kxu/miniforge3/envs/sgym-hab/lib/python3.9/site-packages/networkx/utils/backends.py:135: RuntimeWarning: networkx backend defined more than once: nx-loopback
  backends.update(_get_backends("networkx.backends"))
/home/kxu/miniforge3/envs/sgym-hab/lib/python3.9/site-packages/networkx/utils/backends.py:135: RuntimeWarning: networkx backend defined more than once: nx-loopback
  backends.update(_get_backends("networkx.backends"))
/home/kxu/miniforge3/envs/sgym-hab/lib/python3.9/site-packages/networkx/utils/backends.py:135: RuntimeWarning: networkx backend defined more than once: nx-loopback
  backends.update(_get_backends("networkx.backends"))
INFO:__mp_main__:Worker 0: Finished collecting 256 steps.
INFO:__mp_main__:Worker 11: Finished collecting 256 steps.
INFO:__mp_main__:Worker 15: Finished collecting 256 steps.
INFO:__mp_main__:Worker 6: Finished collecting 256 steps.
INFO:__mp_main__:Worker 3: Finished collecting 256 steps.
INFO:__mp_main__:Worker 12: Finished collecting 256 steps.
INFO:__mp_main__:Worker 4: Finished collecting 256 steps.
INFO:__mp_main__:Worker 14: Finished collecting 256 steps.
INFO:__mp_main__:Worker 13: Finished collecting 256 steps.
INFO:__mp_main__:Worker 1: Finished collecting 256 steps.
INFO:__mp_main__:Worker 9: Finished collecting 256 steps.
INFO:__mp_main__:Worker 2: Finished collecting 256 steps.
INFO:__mp_main__:Worker 5: Finished collecting 256 steps.
INFO:__mp_main__:Worker 7: Finished collecting 256 steps.
INFO:__mp_main__:Worker 10: Finished collecting 256 steps.
INFO:__mp_main__:Worker 8: Finished collecting 256 steps.
INFO:__main__:Update: 39/146, Timesteps: 159744/600000, FPS: 65, Episodes: 6240, Avg Reward (Last 100): 21.16, Avg Length (Last 100): 49.00
/home/kxu/miniforge3/envs/sgym-hab/lib/python3.9/site-packages/networkx/utils/backends.py:135: RuntimeWarning: networkx backend defined more than once: nx-loopback
  backends.update(_get_backends("networkx.backends"))
/home/kxu/miniforge3/envs/sgym-hab/lib/python3.9/site-packages/networkx/utils/backends.py:135: RuntimeWarning: networkx backend defined more than once: nx-loopback
  backends.update(_get_backends("networkx.backends"))
/home/kxu/miniforge3/envs/sgym-hab/lib/python3.9/site-packages/networkx/utils/backends.py:135: RuntimeWarning: networkx backend defined more than once: nx-loopback
  backends.update(_get_backends("networkx.backends"))
/home/kxu/miniforge3/envs/sgym-hab/lib/python3.9/site-packages/networkx/utils/backends.py:135: RuntimeWarning: networkx backend defined more than once: nx-loopback
  backends.update(_get_backends("networkx.backends"))
/home/kxu/miniforge3/envs/sgym-hab/lib/python3.9/site-packages/networkx/utils/backends.py:135: RuntimeWarning: networkx backend defined more than once: nx-loopback
  backends.update(_get_backends("networkx.backends"))
/home/kxu/miniforge3/envs/sgym-hab/lib/python3.9/site-packages/networkx/utils/backends.py:135: RuntimeWarning: networkx backend defined more than once: nx-loopback
  backends.update(_get_backends("networkx.backends"))
/home/kxu/miniforge3/envs/sgym-hab/lib/python3.9/site-packages/networkx/utils/backends.py:135: RuntimeWarning: networkx backend defined more than once: nx-loopback
  backends.update(_get_backends("networkx.backends"))
/home/kxu/miniforge3/envs/sgym-hab/lib/python3.9/site-packages/networkx/utils/backends.py:135: RuntimeWarning: networkx backend defined more than once: nx-loopback
  backends.update(_get_backends("networkx.backends"))
/home/kxu/miniforge3/envs/sgym-hab/lib/python3.9/site-packages/networkx/utils/backends.py:135: RuntimeWarning: networkx backend defined more than once: nx-loopback
  backends.update(_get_backends("networkx.backends"))
/home/kxu/miniforge3/envs/sgym-hab/lib/python3.9/site-packages/networkx/utils/backends.py:135: RuntimeWarning: networkx backend defined more than once: nx-loopback
  backends.update(_get_backends("networkx.backends"))
/home/kxu/miniforge3/envs/sgym-hab/lib/python3.9/site-packages/networkx/utils/backends.py:135: RuntimeWarning: networkx backend defined more than once: nx-loopback
  backends.update(_get_backends("networkx.backends"))
/home/kxu/miniforge3/envs/sgym-hab/lib/python3.9/site-packages/networkx/utils/backends.py:135: RuntimeWarning: networkx backend defined more than once: nx-loopback
  backends.update(_get_backends("networkx.backends"))
/home/kxu/miniforge3/envs/sgym-hab/lib/python3.9/site-packages/networkx/utils/backends.py:135: RuntimeWarning: networkx backend defined more than once: nx-loopback
  backends.update(_get_backends("networkx.backends"))
/home/kxu/miniforge3/envs/sgym-hab/lib/python3.9/site-packages/networkx/utils/backends.py:135: RuntimeWarning: networkx backend defined more than once: nx-loopback
  backends.update(_get_backends("networkx.backends"))
/home/kxu/miniforge3/envs/sgym-hab/lib/python3.9/site-packages/networkx/utils/backends.py:135: RuntimeWarning: networkx backend defined more than once: nx-loopback
  backends.update(_get_backends("networkx.backends"))
/home/kxu/miniforge3/envs/sgym-hab/lib/python3.9/site-packages/networkx/utils/backends.py:135: RuntimeWarning: networkx backend defined more than once: nx-loopback
  backends.update(_get_backends("networkx.backends"))
INFO:__mp_main__:Worker 7: Finished collecting 256 steps.
INFO:__mp_main__:Worker 4: Finished collecting 256 steps.
INFO:__mp_main__:Worker 3: Finished collecting 256 steps.
INFO:__mp_main__:Worker 0: Finished collecting 256 steps.
INFO:__mp_main__:Worker 12: Finished collecting 256 steps.
INFO:__mp_main__:Worker 13: Finished collecting 256 steps.
INFO:__mp_main__:Worker 9: Finished collecting 256 steps.
INFO:__mp_main__:Worker 1: Finished collecting 256 steps.
INFO:__mp_main__:Worker 15: Finished collecting 256 steps.
INFO:__mp_main__:Worker 8: Finished collecting 256 steps.
INFO:__mp_main__:Worker 6: Finished collecting 256 steps.
INFO:__mp_main__:Worker 5: Finished collecting 256 steps.
INFO:__mp_main__:Worker 10: Finished collecting 256 steps.
INFO:__mp_main__:Worker 2: Finished collecting 256 steps.
INFO:__mp_main__:Worker 11: Finished collecting 256 steps.
INFO:__mp_main__:Worker 14: Finished collecting 256 steps.
INFO:__main__:Update: 40/146, Timesteps: 163840/600000, FPS: 65, Episodes: 6400, Avg Reward (Last 100): 21.53, Avg Length (Last 100): 48.64
/home/kxu/miniforge3/envs/sgym-hab/lib/python3.9/site-packages/networkx/utils/backends.py:135: RuntimeWarning: networkx backend defined more than once: nx-loopback
  backends.update(_get_backends("networkx.backends"))
/home/kxu/miniforge3/envs/sgym-hab/lib/python3.9/site-packages/networkx/utils/backends.py:135: RuntimeWarning: networkx backend defined more than once: nx-loopback
  backends.update(_get_backends("networkx.backends"))
/home/kxu/miniforge3/envs/sgym-hab/lib/python3.9/site-packages/networkx/utils/backends.py:135: RuntimeWarning: networkx backend defined more than once: nx-loopback
  backends.update(_get_backends("networkx.backends"))
/home/kxu/miniforge3/envs/sgym-hab/lib/python3.9/site-packages/networkx/utils/backends.py:135: RuntimeWarning: networkx backend defined more than once: nx-loopback
  backends.update(_get_backends("networkx.backends"))
/home/kxu/miniforge3/envs/sgym-hab/lib/python3.9/site-packages/networkx/utils/backends.py:135: RuntimeWarning: networkx backend defined more than once: nx-loopback
  backends.update(_get_backends("networkx.backends"))
/home/kxu/miniforge3/envs/sgym-hab/lib/python3.9/site-packages/networkx/utils/backends.py:135: RuntimeWarning: networkx backend defined more than once: nx-loopback
  backends.update(_get_backends("networkx.backends"))
/home/kxu/miniforge3/envs/sgym-hab/lib/python3.9/site-packages/networkx/utils/backends.py:135: RuntimeWarning: networkx backend defined more than once: nx-loopback
  backends.update(_get_backends("networkx.backends"))
/home/kxu/miniforge3/envs/sgym-hab/lib/python3.9/site-packages/networkx/utils/backends.py:135: RuntimeWarning: networkx backend defined more than once: nx-loopback
  backends.update(_get_backends("networkx.backends"))
/home/kxu/miniforge3/envs/sgym-hab/lib/python3.9/site-packages/networkx/utils/backends.py:135: RuntimeWarning: networkx backend defined more than once: nx-loopback
  backends.update(_get_backends("networkx.backends"))
/home/kxu/miniforge3/envs/sgym-hab/lib/python3.9/site-packages/networkx/utils/backends.py:135: RuntimeWarning: networkx backend defined more than once: nx-loopback
  backends.update(_get_backends("networkx.backends"))
/home/kxu/miniforge3/envs/sgym-hab/lib/python3.9/site-packages/networkx/utils/backends.py:135: RuntimeWarning: networkx backend defined more than once: nx-loopback
  backends.update(_get_backends("networkx.backends"))
/home/kxu/miniforge3/envs/sgym-hab/lib/python3.9/site-packages/networkx/utils/backends.py:135: RuntimeWarning: networkx backend defined more than once: nx-loopback
  backends.update(_get_backends("networkx.backends"))
/home/kxu/miniforge3/envs/sgym-hab/lib/python3.9/site-packages/networkx/utils/backends.py:135: RuntimeWarning: networkx backend defined more than once: nx-loopback
  backends.update(_get_backends("networkx.backends"))
/home/kxu/miniforge3/envs/sgym-hab/lib/python3.9/site-packages/networkx/utils/backends.py:135: RuntimeWarning: networkx backend defined more than once: nx-loopback
  backends.update(_get_backends("networkx.backends"))
/home/kxu/miniforge3/envs/sgym-hab/lib/python3.9/site-packages/networkx/utils/backends.py:135: RuntimeWarning: networkx backend defined more than once: nx-loopback
  backends.update(_get_backends("networkx.backends"))
/home/kxu/miniforge3/envs/sgym-hab/lib/python3.9/site-packages/networkx/utils/backends.py:135: RuntimeWarning: networkx backend defined more than once: nx-loopback
  backends.update(_get_backends("networkx.backends"))
INFO:__mp_main__:Worker 6: Finished collecting 256 steps.
INFO:__mp_main__:Worker 7: Finished collecting 256 steps.
INFO:__mp_main__:Worker 10: Finished collecting 256 steps.
INFO:__mp_main__:Worker 1: Finished collecting 256 steps.
INFO:__mp_main__:Worker 3: Finished collecting 256 steps.
INFO:__mp_main__:Worker 0: Finished collecting 256 steps.
INFO:__mp_main__:Worker 9: Finished collecting 256 steps.
INFO:__mp_main__:Worker 2: Finished collecting 256 steps.
INFO:__mp_main__:Worker 4: Finished collecting 256 steps.
INFO:__mp_main__:Worker 13: Finished collecting 256 steps.
INFO:__mp_main__:Worker 5: Finished collecting 256 steps.
INFO:__mp_main__:Worker 14: Finished collecting 256 steps.
INFO:__mp_main__:Worker 8: Finished collecting 256 steps.
INFO:__mp_main__:Worker 11: Finished collecting 256 steps.
INFO:__mp_main__:Worker 12: Finished collecting 256 steps.
INFO:__mp_main__:Worker 15: Finished collecting 256 steps.
INFO:__main__:Update: 41/146, Timesteps: 167936/600000, FPS: 65, Episodes: 6560, Avg Reward (Last 100): 22.30, Avg Length (Last 100): 48.82
/home/kxu/miniforge3/envs/sgym-hab/lib/python3.9/site-packages/networkx/utils/backends.py:135: RuntimeWarning: networkx backend defined more than once: nx-loopback
  backends.update(_get_backends("networkx.backends"))
/home/kxu/miniforge3/envs/sgym-hab/lib/python3.9/site-packages/networkx/utils/backends.py:135: RuntimeWarning: networkx backend defined more than once: nx-loopback
  backends.update(_get_backends("networkx.backends"))
/home/kxu/miniforge3/envs/sgym-hab/lib/python3.9/site-packages/networkx/utils/backends.py:135: RuntimeWarning: networkx backend defined more than once: nx-loopback
  backends.update(_get_backends("networkx.backends"))
/home/kxu/miniforge3/envs/sgym-hab/lib/python3.9/site-packages/networkx/utils/backends.py:135: RuntimeWarning: networkx backend defined more than once: nx-loopback
  backends.update(_get_backends("networkx.backends"))
/home/kxu/miniforge3/envs/sgym-hab/lib/python3.9/site-packages/networkx/utils/backends.py:135: RuntimeWarning: networkx backend defined more than once: nx-loopback
  backends.update(_get_backends("networkx.backends"))
/home/kxu/miniforge3/envs/sgym-hab/lib/python3.9/site-packages/networkx/utils/backends.py:135: RuntimeWarning: networkx backend defined more than once: nx-loopback
  backends.update(_get_backends("networkx.backends"))
/home/kxu/miniforge3/envs/sgym-hab/lib/python3.9/site-packages/networkx/utils/backends.py:135: RuntimeWarning: networkx backend defined more than once: nx-loopback
  backends.update(_get_backends("networkx.backends"))
/home/kxu/miniforge3/envs/sgym-hab/lib/python3.9/site-packages/networkx/utils/backends.py:135: RuntimeWarning: networkx backend defined more than once: nx-loopback
  backends.update(_get_backends("networkx.backends"))
/home/kxu/miniforge3/envs/sgym-hab/lib/python3.9/site-packages/networkx/utils/backends.py:135: RuntimeWarning: networkx backend defined more than once: nx-loopback
  backends.update(_get_backends("networkx.backends"))
/home/kxu/miniforge3/envs/sgym-hab/lib/python3.9/site-packages/networkx/utils/backends.py:135: RuntimeWarning: networkx backend defined more than once: nx-loopback
  backends.update(_get_backends("networkx.backends"))
/home/kxu/miniforge3/envs/sgym-hab/lib/python3.9/site-packages/networkx/utils/backends.py:135: RuntimeWarning: networkx backend defined more than once: nx-loopback
  backends.update(_get_backends("networkx.backends"))
/home/kxu/miniforge3/envs/sgym-hab/lib/python3.9/site-packages/networkx/utils/backends.py:135: RuntimeWarning: networkx backend defined more than once: nx-loopback
  backends.update(_get_backends("networkx.backends"))
/home/kxu/miniforge3/envs/sgym-hab/lib/python3.9/site-packages/networkx/utils/backends.py:135: RuntimeWarning: networkx backend defined more than once: nx-loopback
  backends.update(_get_backends("networkx.backends"))
/home/kxu/miniforge3/envs/sgym-hab/lib/python3.9/site-packages/networkx/utils/backends.py:135: RuntimeWarning: networkx backend defined more than once: nx-loopback
  backends.update(_get_backends("networkx.backends"))
/home/kxu/miniforge3/envs/sgym-hab/lib/python3.9/site-packages/networkx/utils/backends.py:135: RuntimeWarning: networkx backend defined more than once: nx-loopback
  backends.update(_get_backends("networkx.backends"))
/home/kxu/miniforge3/envs/sgym-hab/lib/python3.9/site-packages/networkx/utils/backends.py:135: RuntimeWarning: networkx backend defined more than once: nx-loopback
  backends.update(_get_backends("networkx.backends"))
INFO:__mp_main__:Worker 3: Finished collecting 256 steps.
INFO:__mp_main__:Worker 15: Finished collecting 256 steps.
INFO:__mp_main__:Worker 14: Finished collecting 256 steps.
INFO:__mp_main__:Worker 2: Finished collecting 256 steps.
INFO:__mp_main__:Worker 8: Finished collecting 256 steps.
INFO:__mp_main__:Worker 4: Finished collecting 256 steps.
INFO:__mp_main__:Worker 11: Finished collecting 256 steps.
INFO:__mp_main__:Worker 0: Finished collecting 256 steps.
INFO:__mp_main__:Worker 12: Finished collecting 256 steps.
INFO:__mp_main__:Worker 7: Finished collecting 256 steps.
INFO:__mp_main__:Worker 9: Finished collecting 256 steps.
INFO:__mp_main__:Worker 1: Finished collecting 256 steps.
INFO:__mp_main__:Worker 5: Finished collecting 256 steps.
INFO:__mp_main__:Worker 6: Finished collecting 256 steps.
INFO:__mp_main__:Worker 13: Finished collecting 256 steps.
INFO:__mp_main__:Worker 10: Finished collecting 256 steps.
INFO:__main__:Update: 42/146, Timesteps: 172032/600000, FPS: 65, Episodes: 6720, Avg Reward (Last 100): 20.79, Avg Length (Last 100): 48.74
/home/kxu/miniforge3/envs/sgym-hab/lib/python3.9/site-packages/networkx/utils/backends.py:135: RuntimeWarning: networkx backend defined more than once: nx-loopback
  backends.update(_get_backends("networkx.backends"))
/home/kxu/miniforge3/envs/sgym-hab/lib/python3.9/site-packages/networkx/utils/backends.py:135: RuntimeWarning: networkx backend defined more than once: nx-loopback
  backends.update(_get_backends("networkx.backends"))
/home/kxu/miniforge3/envs/sgym-hab/lib/python3.9/site-packages/networkx/utils/backends.py:135: RuntimeWarning: networkx backend defined more than once: nx-loopback
  backends.update(_get_backends("networkx.backends"))
/home/kxu/miniforge3/envs/sgym-hab/lib/python3.9/site-packages/networkx/utils/backends.py:135: RuntimeWarning: networkx backend defined more than once: nx-loopback
  backends.update(_get_backends("networkx.backends"))
/home/kxu/miniforge3/envs/sgym-hab/lib/python3.9/site-packages/networkx/utils/backends.py:135: RuntimeWarning: networkx backend defined more than once: nx-loopback
  backends.update(_get_backends("networkx.backends"))
/home/kxu/miniforge3/envs/sgym-hab/lib/python3.9/site-packages/networkx/utils/backends.py:135: RuntimeWarning: networkx backend defined more than once: nx-loopback
  backends.update(_get_backends("networkx.backends"))
/home/kxu/miniforge3/envs/sgym-hab/lib/python3.9/site-packages/networkx/utils/backends.py:135: RuntimeWarning: networkx backend defined more than once: nx-loopback
  backends.update(_get_backends("networkx.backends"))
/home/kxu/miniforge3/envs/sgym-hab/lib/python3.9/site-packages/networkx/utils/backends.py:135: RuntimeWarning: networkx backend defined more than once: nx-loopback
  backends.update(_get_backends("networkx.backends"))
/home/kxu/miniforge3/envs/sgym-hab/lib/python3.9/site-packages/networkx/utils/backends.py:135: RuntimeWarning: networkx backend defined more than once: nx-loopback
  backends.update(_get_backends("networkx.backends"))
/home/kxu/miniforge3/envs/sgym-hab/lib/python3.9/site-packages/networkx/utils/backends.py:135: RuntimeWarning: networkx backend defined more than once: nx-loopback
  backends.update(_get_backends("networkx.backends"))
/home/kxu/miniforge3/envs/sgym-hab/lib/python3.9/site-packages/networkx/utils/backends.py:135: RuntimeWarning: networkx backend defined more than once: nx-loopback
  backends.update(_get_backends("networkx.backends"))
/home/kxu/miniforge3/envs/sgym-hab/lib/python3.9/site-packages/networkx/utils/backends.py:135: RuntimeWarning: networkx backend defined more than once: nx-loopback
  backends.update(_get_backends("networkx.backends"))
/home/kxu/miniforge3/envs/sgym-hab/lib/python3.9/site-packages/networkx/utils/backends.py:135: RuntimeWarning: networkx backend defined more than once: nx-loopback
  backends.update(_get_backends("networkx.backends"))
/home/kxu/miniforge3/envs/sgym-hab/lib/python3.9/site-packages/networkx/utils/backends.py:135: RuntimeWarning: networkx backend defined more than once: nx-loopback
  backends.update(_get_backends("networkx.backends"))
/home/kxu/miniforge3/envs/sgym-hab/lib/python3.9/site-packages/networkx/utils/backends.py:135: RuntimeWarning: networkx backend defined more than once: nx-loopback
  backends.update(_get_backends("networkx.backends"))
/home/kxu/miniforge3/envs/sgym-hab/lib/python3.9/site-packages/networkx/utils/backends.py:135: RuntimeWarning: networkx backend defined more than once: nx-loopback
  backends.update(_get_backends("networkx.backends"))
INFO:__mp_main__:Worker 9: Finished collecting 256 steps.
INFO:__mp_main__:Worker 11: Finished collecting 256 steps.
INFO:__mp_main__:Worker 14: Finished collecting 256 steps.
INFO:__mp_main__:Worker 5: Finished collecting 256 steps.
INFO:__mp_main__:Worker 10: Finished collecting 256 steps.
INFO:__mp_main__:Worker 3: Finished collecting 256 steps.
INFO:__mp_main__:Worker 15: Finished collecting 256 steps.
INFO:__mp_main__:Worker 1: Finished collecting 256 steps.
INFO:__mp_main__:Worker 0: Finished collecting 256 steps.
INFO:__mp_main__:Worker 2: Finished collecting 256 steps.
INFO:__mp_main__:Worker 7: Finished collecting 256 steps.
INFO:__mp_main__:Worker 8: Finished collecting 256 steps.
INFO:__mp_main__:Worker 12: Finished collecting 256 steps.
INFO:__mp_main__:Worker 6: Finished collecting 256 steps.
INFO:__mp_main__:Worker 4: Finished collecting 256 steps.
INFO:__mp_main__:Worker 13: Finished collecting 256 steps.
INFO:__main__:Update: 43/146, Timesteps: 176128/600000, FPS: 65, Episodes: 6880, Avg Reward (Last 100): 20.59, Avg Length (Last 100): 49.00
/home/kxu/miniforge3/envs/sgym-hab/lib/python3.9/site-packages/networkx/utils/backends.py:135: RuntimeWarning: networkx backend defined more than once: nx-loopback
  backends.update(_get_backends("networkx.backends"))
/home/kxu/miniforge3/envs/sgym-hab/lib/python3.9/site-packages/networkx/utils/backends.py:135: RuntimeWarning: networkx backend defined more than once: nx-loopback
  backends.update(_get_backends("networkx.backends"))
/home/kxu/miniforge3/envs/sgym-hab/lib/python3.9/site-packages/networkx/utils/backends.py:135: RuntimeWarning: networkx backend defined more than once: nx-loopback
  backends.update(_get_backends("networkx.backends"))
/home/kxu/miniforge3/envs/sgym-hab/lib/python3.9/site-packages/networkx/utils/backends.py:135: RuntimeWarning: networkx backend defined more than once: nx-loopback
  backends.update(_get_backends("networkx.backends"))
/home/kxu/miniforge3/envs/sgym-hab/lib/python3.9/site-packages/networkx/utils/backends.py:135: RuntimeWarning: networkx backend defined more than once: nx-loopback
  backends.update(_get_backends("networkx.backends"))
/home/kxu/miniforge3/envs/sgym-hab/lib/python3.9/site-packages/networkx/utils/backends.py:135: RuntimeWarning: networkx backend defined more than once: nx-loopback
  backends.update(_get_backends("networkx.backends"))
/home/kxu/miniforge3/envs/sgym-hab/lib/python3.9/site-packages/networkx/utils/backends.py:135: RuntimeWarning: networkx backend defined more than once: nx-loopback
  backends.update(_get_backends("networkx.backends"))
/home/kxu/miniforge3/envs/sgym-hab/lib/python3.9/site-packages/networkx/utils/backends.py:135: RuntimeWarning: networkx backend defined more than once: nx-loopback
  backends.update(_get_backends("networkx.backends"))
/home/kxu/miniforge3/envs/sgym-hab/lib/python3.9/site-packages/networkx/utils/backends.py:135: RuntimeWarning: networkx backend defined more than once: nx-loopback
  backends.update(_get_backends("networkx.backends"))
/home/kxu/miniforge3/envs/sgym-hab/lib/python3.9/site-packages/networkx/utils/backends.py:135: RuntimeWarning: networkx backend defined more than once: nx-loopback
  backends.update(_get_backends("networkx.backends"))
/home/kxu/miniforge3/envs/sgym-hab/lib/python3.9/site-packages/networkx/utils/backends.py:135: RuntimeWarning: networkx backend defined more than once: nx-loopback
  backends.update(_get_backends("networkx.backends"))
/home/kxu/miniforge3/envs/sgym-hab/lib/python3.9/site-packages/networkx/utils/backends.py:135: RuntimeWarning: networkx backend defined more than once: nx-loopback
  backends.update(_get_backends("networkx.backends"))
/home/kxu/miniforge3/envs/sgym-hab/lib/python3.9/site-packages/networkx/utils/backends.py:135: RuntimeWarning: networkx backend defined more than once: nx-loopback
  backends.update(_get_backends("networkx.backends"))
/home/kxu/miniforge3/envs/sgym-hab/lib/python3.9/site-packages/networkx/utils/backends.py:135: RuntimeWarning: networkx backend defined more than once: nx-loopback
  backends.update(_get_backends("networkx.backends"))
/home/kxu/miniforge3/envs/sgym-hab/lib/python3.9/site-packages/networkx/utils/backends.py:135: RuntimeWarning: networkx backend defined more than once: nx-loopback
  backends.update(_get_backends("networkx.backends"))
/home/kxu/miniforge3/envs/sgym-hab/lib/python3.9/site-packages/networkx/utils/backends.py:135: RuntimeWarning: networkx backend defined more than once: nx-loopback
  backends.update(_get_backends("networkx.backends"))
INFO:__mp_main__:Worker 1: Finished collecting 256 steps.
INFO:__mp_main__:Worker 5: Finished collecting 256 steps.
INFO:__mp_main__:Worker 12: Finished collecting 256 steps.
INFO:__mp_main__:Worker 2: Finished collecting 256 steps.
INFO:__mp_main__:Worker 7: Finished collecting 256 steps.
INFO:__mp_main__:Worker 8: Finished collecting 256 steps.
INFO:__mp_main__:Worker 11: Finished collecting 256 steps.
INFO:__mp_main__:Worker 10: Finished collecting 256 steps.
INFO:__mp_main__:Worker 14: Finished collecting 256 steps.
INFO:__mp_main__:Worker 13: Finished collecting 256 steps.
INFO:__mp_main__:Worker 6: Finished collecting 256 steps.
INFO:__mp_main__:Worker 0: Finished collecting 256 steps.
INFO:__mp_main__:Worker 4: Finished collecting 256 steps.
INFO:__mp_main__:Worker 9: Finished collecting 256 steps.
INFO:__mp_main__:Worker 15: Finished collecting 256 steps.
INFO:__mp_main__:Worker 3: Finished collecting 256 steps.
INFO:__main__:Update: 44/146, Timesteps: 180224/600000, FPS: 65, Episodes: 7040, Avg Reward (Last 100): 18.79, Avg Length (Last 100): 48.32
/home/kxu/miniforge3/envs/sgym-hab/lib/python3.9/site-packages/networkx/utils/backends.py:135: RuntimeWarning: networkx backend defined more than once: nx-loopback
  backends.update(_get_backends("networkx.backends"))
/home/kxu/miniforge3/envs/sgym-hab/lib/python3.9/site-packages/networkx/utils/backends.py:135: RuntimeWarning: networkx backend defined more than once: nx-loopback
  backends.update(_get_backends("networkx.backends"))
/home/kxu/miniforge3/envs/sgym-hab/lib/python3.9/site-packages/networkx/utils/backends.py:135: RuntimeWarning: networkx backend defined more than once: nx-loopback
  backends.update(_get_backends("networkx.backends"))
/home/kxu/miniforge3/envs/sgym-hab/lib/python3.9/site-packages/networkx/utils/backends.py:135: RuntimeWarning: networkx backend defined more than once: nx-loopback
  backends.update(_get_backends("networkx.backends"))
/home/kxu/miniforge3/envs/sgym-hab/lib/python3.9/site-packages/networkx/utils/backends.py:135: RuntimeWarning: networkx backend defined more than once: nx-loopback
  backends.update(_get_backends("networkx.backends"))
/home/kxu/miniforge3/envs/sgym-hab/lib/python3.9/site-packages/networkx/utils/backends.py:135: RuntimeWarning: networkx backend defined more than once: nx-loopback
  backends.update(_get_backends("networkx.backends"))
/home/kxu/miniforge3/envs/sgym-hab/lib/python3.9/site-packages/networkx/utils/backends.py:135: RuntimeWarning: networkx backend defined more than once: nx-loopback
  backends.update(_get_backends("networkx.backends"))
/home/kxu/miniforge3/envs/sgym-hab/lib/python3.9/site-packages/networkx/utils/backends.py:135: RuntimeWarning: networkx backend defined more than once: nx-loopback
  backends.update(_get_backends("networkx.backends"))
/home/kxu/miniforge3/envs/sgym-hab/lib/python3.9/site-packages/networkx/utils/backends.py:135: RuntimeWarning: networkx backend defined more than once: nx-loopback
  backends.update(_get_backends("networkx.backends"))
/home/kxu/miniforge3/envs/sgym-hab/lib/python3.9/site-packages/networkx/utils/backends.py:135: RuntimeWarning: networkx backend defined more than once: nx-loopback
  backends.update(_get_backends("networkx.backends"))
/home/kxu/miniforge3/envs/sgym-hab/lib/python3.9/site-packages/networkx/utils/backends.py:135: RuntimeWarning: networkx backend defined more than once: nx-loopback
  backends.update(_get_backends("networkx.backends"))
/home/kxu/miniforge3/envs/sgym-hab/lib/python3.9/site-packages/networkx/utils/backends.py:135: RuntimeWarning: networkx backend defined more than once: nx-loopback
  backends.update(_get_backends("networkx.backends"))
/home/kxu/miniforge3/envs/sgym-hab/lib/python3.9/site-packages/networkx/utils/backends.py:135: RuntimeWarning: networkx backend defined more than once: nx-loopback
  backends.update(_get_backends("networkx.backends"))
/home/kxu/miniforge3/envs/sgym-hab/lib/python3.9/site-packages/networkx/utils/backends.py:135: RuntimeWarning: networkx backend defined more than once: nx-loopback
  backends.update(_get_backends("networkx.backends"))
/home/kxu/miniforge3/envs/sgym-hab/lib/python3.9/site-packages/networkx/utils/backends.py:135: RuntimeWarning: networkx backend defined more than once: nx-loopback
  backends.update(_get_backends("networkx.backends"))
/home/kxu/miniforge3/envs/sgym-hab/lib/python3.9/site-packages/networkx/utils/backends.py:135: RuntimeWarning: networkx backend defined more than once: nx-loopback
  backends.update(_get_backends("networkx.backends"))
INFO:__mp_main__:Worker 1: Finished collecting 256 steps.
INFO:__mp_main__:Worker 11: Finished collecting 256 steps.
INFO:__mp_main__:Worker 8: Finished collecting 256 steps.
INFO:__mp_main__:Worker 0: Finished collecting 256 steps.
INFO:__mp_main__:Worker 6: Finished collecting 256 steps.
INFO:__mp_main__:Worker 2: Finished collecting 256 steps.
INFO:__mp_main__:Worker 14: Finished collecting 256 steps.
INFO:__mp_main__:Worker 15: Finished collecting 256 steps.
INFO:__mp_main__:Worker 4: Finished collecting 256 steps.
INFO:__mp_main__:Worker 10: Finished collecting 256 steps.
INFO:__mp_main__:Worker 9: Finished collecting 256 steps.
INFO:__mp_main__:Worker 7: Finished collecting 256 steps.
INFO:__mp_main__:Worker 3: Finished collecting 256 steps.
INFO:__mp_main__:Worker 5: Finished collecting 256 steps.
INFO:__mp_main__:Worker 12: Finished collecting 256 steps.
INFO:__mp_main__:Worker 13: Finished collecting 256 steps.
INFO:__main__:Update: 45/146, Timesteps: 184320/600000, FPS: 65, Episodes: 7200, Avg Reward (Last 100): 20.51, Avg Length (Last 100): 49.00
/home/kxu/miniforge3/envs/sgym-hab/lib/python3.9/site-packages/networkx/utils/backends.py:135: RuntimeWarning: networkx backend defined more than once: nx-loopback
  backends.update(_get_backends("networkx.backends"))
/home/kxu/miniforge3/envs/sgym-hab/lib/python3.9/site-packages/networkx/utils/backends.py:135: RuntimeWarning: networkx backend defined more than once: nx-loopback
  backends.update(_get_backends("networkx.backends"))
/home/kxu/miniforge3/envs/sgym-hab/lib/python3.9/site-packages/networkx/utils/backends.py:135: RuntimeWarning: networkx backend defined more than once: nx-loopback
  backends.update(_get_backends("networkx.backends"))
/home/kxu/miniforge3/envs/sgym-hab/lib/python3.9/site-packages/networkx/utils/backends.py:135: RuntimeWarning: networkx backend defined more than once: nx-loopback
  backends.update(_get_backends("networkx.backends"))
/home/kxu/miniforge3/envs/sgym-hab/lib/python3.9/site-packages/networkx/utils/backends.py:135: RuntimeWarning: networkx backend defined more than once: nx-loopback
  backends.update(_get_backends("networkx.backends"))
/home/kxu/miniforge3/envs/sgym-hab/lib/python3.9/site-packages/networkx/utils/backends.py:135: RuntimeWarning: networkx backend defined more than once: nx-loopback
  backends.update(_get_backends("networkx.backends"))
/home/kxu/miniforge3/envs/sgym-hab/lib/python3.9/site-packages/networkx/utils/backends.py:135: RuntimeWarning: networkx backend defined more than once: nx-loopback
  backends.update(_get_backends("networkx.backends"))
/home/kxu/miniforge3/envs/sgym-hab/lib/python3.9/site-packages/networkx/utils/backends.py:135: RuntimeWarning: networkx backend defined more than once: nx-loopback
  backends.update(_get_backends("networkx.backends"))
/home/kxu/miniforge3/envs/sgym-hab/lib/python3.9/site-packages/networkx/utils/backends.py:135: RuntimeWarning: networkx backend defined more than once: nx-loopback
  backends.update(_get_backends("networkx.backends"))
/home/kxu/miniforge3/envs/sgym-hab/lib/python3.9/site-packages/networkx/utils/backends.py:135: RuntimeWarning: networkx backend defined more than once: nx-loopback
  backends.update(_get_backends("networkx.backends"))
/home/kxu/miniforge3/envs/sgym-hab/lib/python3.9/site-packages/networkx/utils/backends.py:135: RuntimeWarning: networkx backend defined more than once: nx-loopback
  backends.update(_get_backends("networkx.backends"))
/home/kxu/miniforge3/envs/sgym-hab/lib/python3.9/site-packages/networkx/utils/backends.py:135: RuntimeWarning: networkx backend defined more than once: nx-loopback
  backends.update(_get_backends("networkx.backends"))
/home/kxu/miniforge3/envs/sgym-hab/lib/python3.9/site-packages/networkx/utils/backends.py:135: RuntimeWarning: networkx backend defined more than once: nx-loopback
  backends.update(_get_backends("networkx.backends"))
/home/kxu/miniforge3/envs/sgym-hab/lib/python3.9/site-packages/networkx/utils/backends.py:135: RuntimeWarning: networkx backend defined more than once: nx-loopback
  backends.update(_get_backends("networkx.backends"))
/home/kxu/miniforge3/envs/sgym-hab/lib/python3.9/site-packages/networkx/utils/backends.py:135: RuntimeWarning: networkx backend defined more than once: nx-loopback
  backends.update(_get_backends("networkx.backends"))
/home/kxu/miniforge3/envs/sgym-hab/lib/python3.9/site-packages/networkx/utils/backends.py:135: RuntimeWarning: networkx backend defined more than once: nx-loopback
  backends.update(_get_backends("networkx.backends"))
INFO:__mp_main__:Worker 0: Finished collecting 256 steps.
INFO:__mp_main__:Worker 3: Finished collecting 256 steps.
INFO:__mp_main__:Worker 6: Finished collecting 256 steps.
INFO:__mp_main__:Worker 4: Finished collecting 256 steps.
INFO:__mp_main__:Worker 10: Finished collecting 256 steps.
INFO:__mp_main__:Worker 9: Finished collecting 256 steps.
INFO:__mp_main__:Worker 14: Finished collecting 256 steps.
INFO:__mp_main__:Worker 1: Finished collecting 256 steps.
INFO:__mp_main__:Worker 5: Finished collecting 256 steps.
INFO:__mp_main__:Worker 13: Finished collecting 256 steps.
INFO:__mp_main__:Worker 15: Finished collecting 256 steps.
INFO:__mp_main__:Worker 2: Finished collecting 256 steps.
INFO:__mp_main__:Worker 12: Finished collecting 256 steps.
INFO:__mp_main__:Worker 11: Finished collecting 256 steps.
INFO:__mp_main__:Worker 7: Finished collecting 256 steps.
INFO:__mp_main__:Worker 8: Finished collecting 256 steps.
INFO:__main__:Update: 46/146, Timesteps: 188416/600000, FPS: 65, Episodes: 7360, Avg Reward (Last 100): 20.70, Avg Length (Last 100): 48.96
/home/kxu/miniforge3/envs/sgym-hab/lib/python3.9/site-packages/networkx/utils/backends.py:135: RuntimeWarning: networkx backend defined more than once: nx-loopback
  backends.update(_get_backends("networkx.backends"))
/home/kxu/miniforge3/envs/sgym-hab/lib/python3.9/site-packages/networkx/utils/backends.py:135: RuntimeWarning: networkx backend defined more than once: nx-loopback
  backends.update(_get_backends("networkx.backends"))
/home/kxu/miniforge3/envs/sgym-hab/lib/python3.9/site-packages/networkx/utils/backends.py:135: RuntimeWarning: networkx backend defined more than once: nx-loopback
  backends.update(_get_backends("networkx.backends"))
/home/kxu/miniforge3/envs/sgym-hab/lib/python3.9/site-packages/networkx/utils/backends.py:135: RuntimeWarning: networkx backend defined more than once: nx-loopback
  backends.update(_get_backends("networkx.backends"))
/home/kxu/miniforge3/envs/sgym-hab/lib/python3.9/site-packages/networkx/utils/backends.py:135: RuntimeWarning: networkx backend defined more than once: nx-loopback
  backends.update(_get_backends("networkx.backends"))
/home/kxu/miniforge3/envs/sgym-hab/lib/python3.9/site-packages/networkx/utils/backends.py:135: RuntimeWarning: networkx backend defined more than once: nx-loopback
  backends.update(_get_backends("networkx.backends"))
/home/kxu/miniforge3/envs/sgym-hab/lib/python3.9/site-packages/networkx/utils/backends.py:135: RuntimeWarning: networkx backend defined more than once: nx-loopback
  backends.update(_get_backends("networkx.backends"))
/home/kxu/miniforge3/envs/sgym-hab/lib/python3.9/site-packages/networkx/utils/backends.py:135: RuntimeWarning: networkx backend defined more than once: nx-loopback
  backends.update(_get_backends("networkx.backends"))
/home/kxu/miniforge3/envs/sgym-hab/lib/python3.9/site-packages/networkx/utils/backends.py:135: RuntimeWarning: networkx backend defined more than once: nx-loopback
  backends.update(_get_backends("networkx.backends"))
/home/kxu/miniforge3/envs/sgym-hab/lib/python3.9/site-packages/networkx/utils/backends.py:135: RuntimeWarning: networkx backend defined more than once: nx-loopback
  backends.update(_get_backends("networkx.backends"))
/home/kxu/miniforge3/envs/sgym-hab/lib/python3.9/site-packages/networkx/utils/backends.py:135: RuntimeWarning: networkx backend defined more than once: nx-loopback
  backends.update(_get_backends("networkx.backends"))
/home/kxu/miniforge3/envs/sgym-hab/lib/python3.9/site-packages/networkx/utils/backends.py:135: RuntimeWarning: networkx backend defined more than once: nx-loopback
  backends.update(_get_backends("networkx.backends"))
/home/kxu/miniforge3/envs/sgym-hab/lib/python3.9/site-packages/networkx/utils/backends.py:135: RuntimeWarning: networkx backend defined more than once: nx-loopback
  backends.update(_get_backends("networkx.backends"))
/home/kxu/miniforge3/envs/sgym-hab/lib/python3.9/site-packages/networkx/utils/backends.py:135: RuntimeWarning: networkx backend defined more than once: nx-loopback
  backends.update(_get_backends("networkx.backends"))
/home/kxu/miniforge3/envs/sgym-hab/lib/python3.9/site-packages/networkx/utils/backends.py:135: RuntimeWarning: networkx backend defined more than once: nx-loopback
  backends.update(_get_backends("networkx.backends"))
/home/kxu/miniforge3/envs/sgym-hab/lib/python3.9/site-packages/networkx/utils/backends.py:135: RuntimeWarning: networkx backend defined more than once: nx-loopback
  backends.update(_get_backends("networkx.backends"))
INFO:__mp_main__:Worker 14: Finished collecting 256 steps.
INFO:__mp_main__:Worker 12: Finished collecting 256 steps.
INFO:__mp_main__:Worker 4: Finished collecting 256 steps.
INFO:__mp_main__:Worker 1: Finished collecting 256 steps.
INFO:__mp_main__:Worker 3: Finished collecting 256 steps.
INFO:__mp_main__:Worker 15: Finished collecting 256 steps.
INFO:__mp_main__:Worker 13: Finished collecting 256 steps.
INFO:__mp_main__:Worker 10: Finished collecting 256 steps.
INFO:__mp_main__:Worker 5: Finished collecting 256 steps.
INFO:__mp_main__:Worker 6: Finished collecting 256 steps.
INFO:__mp_main__:Worker 7: Finished collecting 256 steps.
INFO:__mp_main__:Worker 2: Finished collecting 256 steps.
INFO:__mp_main__:Worker 0: Finished collecting 256 steps.
INFO:__mp_main__:Worker 9: Finished collecting 256 steps.
INFO:__mp_main__:Worker 8: Finished collecting 256 steps.
INFO:__mp_main__:Worker 11: Finished collecting 256 steps.
INFO:__main__:Update: 47/146, Timesteps: 192512/600000, FPS: 65, Episodes: 7520, Avg Reward (Last 100): 18.98, Avg Length (Last 100): 48.98
/home/kxu/miniforge3/envs/sgym-hab/lib/python3.9/site-packages/networkx/utils/backends.py:135: RuntimeWarning: networkx backend defined more than once: nx-loopback
  backends.update(_get_backends("networkx.backends"))
/home/kxu/miniforge3/envs/sgym-hab/lib/python3.9/site-packages/networkx/utils/backends.py:135: RuntimeWarning: networkx backend defined more than once: nx-loopback
  backends.update(_get_backends("networkx.backends"))
/home/kxu/miniforge3/envs/sgym-hab/lib/python3.9/site-packages/networkx/utils/backends.py:135: RuntimeWarning: networkx backend defined more than once: nx-loopback
  backends.update(_get_backends("networkx.backends"))
/home/kxu/miniforge3/envs/sgym-hab/lib/python3.9/site-packages/networkx/utils/backends.py:135: RuntimeWarning: networkx backend defined more than once: nx-loopback
  backends.update(_get_backends("networkx.backends"))
/home/kxu/miniforge3/envs/sgym-hab/lib/python3.9/site-packages/networkx/utils/backends.py:135: RuntimeWarning: networkx backend defined more than once: nx-loopback
  backends.update(_get_backends("networkx.backends"))
/home/kxu/miniforge3/envs/sgym-hab/lib/python3.9/site-packages/networkx/utils/backends.py:135: RuntimeWarning: networkx backend defined more than once: nx-loopback
  backends.update(_get_backends("networkx.backends"))
/home/kxu/miniforge3/envs/sgym-hab/lib/python3.9/site-packages/networkx/utils/backends.py:135: RuntimeWarning: networkx backend defined more than once: nx-loopback
  backends.update(_get_backends("networkx.backends"))
/home/kxu/miniforge3/envs/sgym-hab/lib/python3.9/site-packages/networkx/utils/backends.py:135: RuntimeWarning: networkx backend defined more than once: nx-loopback
  backends.update(_get_backends("networkx.backends"))
/home/kxu/miniforge3/envs/sgym-hab/lib/python3.9/site-packages/networkx/utils/backends.py:135: RuntimeWarning: networkx backend defined more than once: nx-loopback
  backends.update(_get_backends("networkx.backends"))
/home/kxu/miniforge3/envs/sgym-hab/lib/python3.9/site-packages/networkx/utils/backends.py:135: RuntimeWarning: networkx backend defined more than once: nx-loopback
  backends.update(_get_backends("networkx.backends"))
/home/kxu/miniforge3/envs/sgym-hab/lib/python3.9/site-packages/networkx/utils/backends.py:135: RuntimeWarning: networkx backend defined more than once: nx-loopback
  backends.update(_get_backends("networkx.backends"))
/home/kxu/miniforge3/envs/sgym-hab/lib/python3.9/site-packages/networkx/utils/backends.py:135: RuntimeWarning: networkx backend defined more than once: nx-loopback
  backends.update(_get_backends("networkx.backends"))
/home/kxu/miniforge3/envs/sgym-hab/lib/python3.9/site-packages/networkx/utils/backends.py:135: RuntimeWarning: networkx backend defined more than once: nx-loopback
  backends.update(_get_backends("networkx.backends"))
/home/kxu/miniforge3/envs/sgym-hab/lib/python3.9/site-packages/networkx/utils/backends.py:135: RuntimeWarning: networkx backend defined more than once: nx-loopback
  backends.update(_get_backends("networkx.backends"))
/home/kxu/miniforge3/envs/sgym-hab/lib/python3.9/site-packages/networkx/utils/backends.py:135: RuntimeWarning: networkx backend defined more than once: nx-loopback
  backends.update(_get_backends("networkx.backends"))
/home/kxu/miniforge3/envs/sgym-hab/lib/python3.9/site-packages/networkx/utils/backends.py:135: RuntimeWarning: networkx backend defined more than once: nx-loopback
  backends.update(_get_backends("networkx.backends"))
INFO:__mp_main__:Worker 3: Finished collecting 256 steps.
INFO:__mp_main__:Worker 5: Finished collecting 256 steps.
INFO:__mp_main__:Worker 2: Finished collecting 256 steps.
INFO:__mp_main__:Worker 13: Finished collecting 256 steps.
INFO:__mp_main__:Worker 0: Finished collecting 256 steps.
INFO:__mp_main__:Worker 1: Finished collecting 256 steps.
INFO:__mp_main__:Worker 10: Finished collecting 256 steps.
INFO:__mp_main__:Worker 9: Finished collecting 256 steps.
INFO:__mp_main__:Worker 15: Finished collecting 256 steps.
INFO:__mp_main__:Worker 14: Finished collecting 256 steps.
INFO:__mp_main__:Worker 7: Finished collecting 256 steps.
INFO:__mp_main__:Worker 6: Finished collecting 256 steps.
INFO:__mp_main__:Worker 4: Finished collecting 256 steps.
INFO:__mp_main__:Worker 12: Finished collecting 256 steps.
INFO:__mp_main__:Worker 11: Finished collecting 256 steps.
INFO:__mp_main__:Worker 8: Finished collecting 256 steps.
INFO:__main__:Update: 48/146, Timesteps: 196608/600000, FPS: 65, Episodes: 7680, Avg Reward (Last 100): 18.40, Avg Length (Last 100): 48.94
/home/kxu/miniforge3/envs/sgym-hab/lib/python3.9/site-packages/networkx/utils/backends.py:135: RuntimeWarning: networkx backend defined more than once: nx-loopback
  backends.update(_get_backends("networkx.backends"))
/home/kxu/miniforge3/envs/sgym-hab/lib/python3.9/site-packages/networkx/utils/backends.py:135: RuntimeWarning: networkx backend defined more than once: nx-loopback
  backends.update(_get_backends("networkx.backends"))
/home/kxu/miniforge3/envs/sgym-hab/lib/python3.9/site-packages/networkx/utils/backends.py:135: RuntimeWarning: networkx backend defined more than once: nx-loopback
  backends.update(_get_backends("networkx.backends"))
/home/kxu/miniforge3/envs/sgym-hab/lib/python3.9/site-packages/networkx/utils/backends.py:135: RuntimeWarning: networkx backend defined more than once: nx-loopback
  backends.update(_get_backends("networkx.backends"))
/home/kxu/miniforge3/envs/sgym-hab/lib/python3.9/site-packages/networkx/utils/backends.py:135: RuntimeWarning: networkx backend defined more than once: nx-loopback
  backends.update(_get_backends("networkx.backends"))
/home/kxu/miniforge3/envs/sgym-hab/lib/python3.9/site-packages/networkx/utils/backends.py:135: RuntimeWarning: networkx backend defined more than once: nx-loopback
  backends.update(_get_backends("networkx.backends"))
/home/kxu/miniforge3/envs/sgym-hab/lib/python3.9/site-packages/networkx/utils/backends.py:135: RuntimeWarning: networkx backend defined more than once: nx-loopback
  backends.update(_get_backends("networkx.backends"))
/home/kxu/miniforge3/envs/sgym-hab/lib/python3.9/site-packages/networkx/utils/backends.py:135: RuntimeWarning: networkx backend defined more than once: nx-loopback
  backends.update(_get_backends("networkx.backends"))
/home/kxu/miniforge3/envs/sgym-hab/lib/python3.9/site-packages/networkx/utils/backends.py:135: RuntimeWarning: networkx backend defined more than once: nx-loopback
  backends.update(_get_backends("networkx.backends"))
/home/kxu/miniforge3/envs/sgym-hab/lib/python3.9/site-packages/networkx/utils/backends.py:135: RuntimeWarning: networkx backend defined more than once: nx-loopback
  backends.update(_get_backends("networkx.backends"))
/home/kxu/miniforge3/envs/sgym-hab/lib/python3.9/site-packages/networkx/utils/backends.py:135: RuntimeWarning: networkx backend defined more than once: nx-loopback
  backends.update(_get_backends("networkx.backends"))
/home/kxu/miniforge3/envs/sgym-hab/lib/python3.9/site-packages/networkx/utils/backends.py:135: RuntimeWarning: networkx backend defined more than once: nx-loopback
  backends.update(_get_backends("networkx.backends"))
/home/kxu/miniforge3/envs/sgym-hab/lib/python3.9/site-packages/networkx/utils/backends.py:135: RuntimeWarning: networkx backend defined more than once: nx-loopback
  backends.update(_get_backends("networkx.backends"))
/home/kxu/miniforge3/envs/sgym-hab/lib/python3.9/site-packages/networkx/utils/backends.py:135: RuntimeWarning: networkx backend defined more than once: nx-loopback
  backends.update(_get_backends("networkx.backends"))
/home/kxu/miniforge3/envs/sgym-hab/lib/python3.9/site-packages/networkx/utils/backends.py:135: RuntimeWarning: networkx backend defined more than once: nx-loopback
  backends.update(_get_backends("networkx.backends"))
/home/kxu/miniforge3/envs/sgym-hab/lib/python3.9/site-packages/networkx/utils/backends.py:135: RuntimeWarning: networkx backend defined more than once: nx-loopback
  backends.update(_get_backends("networkx.backends"))
INFO:__mp_main__:Worker 10: Finished collecting 256 steps.
INFO:__mp_main__:Worker 9: Finished collecting 256 steps.
INFO:__mp_main__:Worker 1: Finished collecting 256 steps.
INFO:__mp_main__:Worker 2: Finished collecting 256 steps.
INFO:__mp_main__:Worker 4: Finished collecting 256 steps.
INFO:__mp_main__:Worker 3: Finished collecting 256 steps.
INFO:__mp_main__:Worker 8: Finished collecting 256 steps.
INFO:__mp_main__:Worker 15: Finished collecting 256 steps.
INFO:__mp_main__:Worker 6: Finished collecting 256 steps.
INFO:__mp_main__:Worker 12: Finished collecting 256 steps.
INFO:__mp_main__:Worker 7: Finished collecting 256 steps.
INFO:__mp_main__:Worker 5: Finished collecting 256 steps.
INFO:__mp_main__:Worker 0: Finished collecting 256 steps.
INFO:__mp_main__:Worker 13: Finished collecting 256 steps.
INFO:__mp_main__:Worker 14: Finished collecting 256 steps.
INFO:__mp_main__:Worker 11: Finished collecting 256 steps.
INFO:__main__:Update: 49/146, Timesteps: 200704/600000, FPS: 65, Episodes: 7840, Avg Reward (Last 100): 19.00, Avg Length (Last 100): 48.60
/home/kxu/miniforge3/envs/sgym-hab/lib/python3.9/site-packages/networkx/utils/backends.py:135: RuntimeWarning: networkx backend defined more than once: nx-loopback
  backends.update(_get_backends("networkx.backends"))
/home/kxu/miniforge3/envs/sgym-hab/lib/python3.9/site-packages/networkx/utils/backends.py:135: RuntimeWarning: networkx backend defined more than once: nx-loopback
  backends.update(_get_backends("networkx.backends"))
/home/kxu/miniforge3/envs/sgym-hab/lib/python3.9/site-packages/networkx/utils/backends.py:135: RuntimeWarning: networkx backend defined more than once: nx-loopback
  backends.update(_get_backends("networkx.backends"))
/home/kxu/miniforge3/envs/sgym-hab/lib/python3.9/site-packages/networkx/utils/backends.py:135: RuntimeWarning: networkx backend defined more than once: nx-loopback
  backends.update(_get_backends("networkx.backends"))
/home/kxu/miniforge3/envs/sgym-hab/lib/python3.9/site-packages/networkx/utils/backends.py:135: RuntimeWarning: networkx backend defined more than once: nx-loopback
  backends.update(_get_backends("networkx.backends"))
/home/kxu/miniforge3/envs/sgym-hab/lib/python3.9/site-packages/networkx/utils/backends.py:135: RuntimeWarning: networkx backend defined more than once: nx-loopback
  backends.update(_get_backends("networkx.backends"))
/home/kxu/miniforge3/envs/sgym-hab/lib/python3.9/site-packages/networkx/utils/backends.py:135: RuntimeWarning: networkx backend defined more than once: nx-loopback
  backends.update(_get_backends("networkx.backends"))
/home/kxu/miniforge3/envs/sgym-hab/lib/python3.9/site-packages/networkx/utils/backends.py:135: RuntimeWarning: networkx backend defined more than once: nx-loopback
  backends.update(_get_backends("networkx.backends"))
/home/kxu/miniforge3/envs/sgym-hab/lib/python3.9/site-packages/networkx/utils/backends.py:135: RuntimeWarning: networkx backend defined more than once: nx-loopback
  backends.update(_get_backends("networkx.backends"))
/home/kxu/miniforge3/envs/sgym-hab/lib/python3.9/site-packages/networkx/utils/backends.py:135: RuntimeWarning: networkx backend defined more than once: nx-loopback
  backends.update(_get_backends("networkx.backends"))
/home/kxu/miniforge3/envs/sgym-hab/lib/python3.9/site-packages/networkx/utils/backends.py:135: RuntimeWarning: networkx backend defined more than once: nx-loopback
  backends.update(_get_backends("networkx.backends"))
/home/kxu/miniforge3/envs/sgym-hab/lib/python3.9/site-packages/networkx/utils/backends.py:135: RuntimeWarning: networkx backend defined more than once: nx-loopback
  backends.update(_get_backends("networkx.backends"))
/home/kxu/miniforge3/envs/sgym-hab/lib/python3.9/site-packages/networkx/utils/backends.py:135: RuntimeWarning: networkx backend defined more than once: nx-loopback
  backends.update(_get_backends("networkx.backends"))
/home/kxu/miniforge3/envs/sgym-hab/lib/python3.9/site-packages/networkx/utils/backends.py:135: RuntimeWarning: networkx backend defined more than once: nx-loopback
  backends.update(_get_backends("networkx.backends"))
/home/kxu/miniforge3/envs/sgym-hab/lib/python3.9/site-packages/networkx/utils/backends.py:135: RuntimeWarning: networkx backend defined more than once: nx-loopback
  backends.update(_get_backends("networkx.backends"))
/home/kxu/miniforge3/envs/sgym-hab/lib/python3.9/site-packages/networkx/utils/backends.py:135: RuntimeWarning: networkx backend defined more than once: nx-loopback
  backends.update(_get_backends("networkx.backends"))
INFO:__mp_main__:Worker 5: Finished collecting 256 steps.
INFO:__mp_main__:Worker 2: Finished collecting 256 steps.
INFO:__mp_main__:Worker 9: Finished collecting 256 steps.
INFO:__mp_main__:Worker 4: Finished collecting 256 steps.
INFO:__mp_main__:Worker 6: Finished collecting 256 steps.
INFO:__mp_main__:Worker 11: Finished collecting 256 steps.
INFO:__mp_main__:Worker 14: Finished collecting 256 steps.
INFO:__mp_main__:Worker 7: Finished collecting 256 steps.
INFO:__mp_main__:Worker 15: Finished collecting 256 steps.
INFO:__mp_main__:Worker 3: Finished collecting 256 steps.
INFO:__mp_main__:Worker 8: Finished collecting 256 steps.
INFO:__mp_main__:Worker 1: Finished collecting 256 steps.
INFO:__mp_main__:Worker 0: Finished collecting 256 steps.
INFO:__mp_main__:Worker 13: Finished collecting 256 steps.
INFO:__mp_main__:Worker 12: Finished collecting 256 steps.
INFO:__mp_main__:Worker 10: Finished collecting 256 steps.
INFO:__main__:Update: 50/146, Timesteps: 204800/600000, FPS: 65, Episodes: 8000, Avg Reward (Last 100): 16.96, Avg Length (Last 100): 49.00
/home/kxu/miniforge3/envs/sgym-hab/lib/python3.9/site-packages/networkx/utils/backends.py:135: RuntimeWarning: networkx backend defined more than once: nx-loopback
  backends.update(_get_backends("networkx.backends"))
/home/kxu/miniforge3/envs/sgym-hab/lib/python3.9/site-packages/networkx/utils/backends.py:135: RuntimeWarning: networkx backend defined more than once: nx-loopback
  backends.update(_get_backends("networkx.backends"))
/home/kxu/miniforge3/envs/sgym-hab/lib/python3.9/site-packages/networkx/utils/backends.py:135: RuntimeWarning: networkx backend defined more than once: nx-loopback
  backends.update(_get_backends("networkx.backends"))
/home/kxu/miniforge3/envs/sgym-hab/lib/python3.9/site-packages/networkx/utils/backends.py:135: RuntimeWarning: networkx backend defined more than once: nx-loopback
  backends.update(_get_backends("networkx.backends"))
/home/kxu/miniforge3/envs/sgym-hab/lib/python3.9/site-packages/networkx/utils/backends.py:135: RuntimeWarning: networkx backend defined more than once: nx-loopback
  backends.update(_get_backends("networkx.backends"))
/home/kxu/miniforge3/envs/sgym-hab/lib/python3.9/site-packages/networkx/utils/backends.py:135: RuntimeWarning: networkx backend defined more than once: nx-loopback
  backends.update(_get_backends("networkx.backends"))
/home/kxu/miniforge3/envs/sgym-hab/lib/python3.9/site-packages/networkx/utils/backends.py:135: RuntimeWarning: networkx backend defined more than once: nx-loopback
  backends.update(_get_backends("networkx.backends"))
/home/kxu/miniforge3/envs/sgym-hab/lib/python3.9/site-packages/networkx/utils/backends.py:135: RuntimeWarning: networkx backend defined more than once: nx-loopback
  backends.update(_get_backends("networkx.backends"))
/home/kxu/miniforge3/envs/sgym-hab/lib/python3.9/site-packages/networkx/utils/backends.py:135: RuntimeWarning: networkx backend defined more than once: nx-loopback
  backends.update(_get_backends("networkx.backends"))
/home/kxu/miniforge3/envs/sgym-hab/lib/python3.9/site-packages/networkx/utils/backends.py:135: RuntimeWarning: networkx backend defined more than once: nx-loopback
  backends.update(_get_backends("networkx.backends"))
/home/kxu/miniforge3/envs/sgym-hab/lib/python3.9/site-packages/networkx/utils/backends.py:135: RuntimeWarning: networkx backend defined more than once: nx-loopback
  backends.update(_get_backends("networkx.backends"))
/home/kxu/miniforge3/envs/sgym-hab/lib/python3.9/site-packages/networkx/utils/backends.py:135: RuntimeWarning: networkx backend defined more than once: nx-loopback
  backends.update(_get_backends("networkx.backends"))
/home/kxu/miniforge3/envs/sgym-hab/lib/python3.9/site-packages/networkx/utils/backends.py:135: RuntimeWarning: networkx backend defined more than once: nx-loopback
  backends.update(_get_backends("networkx.backends"))
/home/kxu/miniforge3/envs/sgym-hab/lib/python3.9/site-packages/networkx/utils/backends.py:135: RuntimeWarning: networkx backend defined more than once: nx-loopback
  backends.update(_get_backends("networkx.backends"))
/home/kxu/miniforge3/envs/sgym-hab/lib/python3.9/site-packages/networkx/utils/backends.py:135: RuntimeWarning: networkx backend defined more than once: nx-loopback
  backends.update(_get_backends("networkx.backends"))
/home/kxu/miniforge3/envs/sgym-hab/lib/python3.9/site-packages/networkx/utils/backends.py:135: RuntimeWarning: networkx backend defined more than once: nx-loopback
  backends.update(_get_backends("networkx.backends"))
INFO:__mp_main__:Worker 0: Finished collecting 256 steps.
INFO:__mp_main__:Worker 6: Finished collecting 256 steps.
INFO:__mp_main__:Worker 4: Finished collecting 256 steps.
INFO:__mp_main__:Worker 8: Finished collecting 256 steps.
INFO:__mp_main__:Worker 7: Finished collecting 256 steps.
INFO:__mp_main__:Worker 14: Finished collecting 256 steps.
INFO:__mp_main__:Worker 11: Finished collecting 256 steps.
INFO:__mp_main__:Worker 2: Finished collecting 256 steps.
INFO:__mp_main__:Worker 10: Finished collecting 256 steps.
INFO:__mp_main__:Worker 13: Finished collecting 256 steps.
INFO:__mp_main__:Worker 1: Finished collecting 256 steps.
INFO:__mp_main__:Worker 3: Finished collecting 256 steps.
INFO:__mp_main__:Worker 12: Finished collecting 256 steps.
INFO:__mp_main__:Worker 9: Finished collecting 256 steps.
INFO:__mp_main__:Worker 5: Finished collecting 256 steps.
INFO:__mp_main__:Worker 15: Finished collecting 256 steps.
INFO:__main__:Update: 51/146, Timesteps: 208896/600000, FPS: 65, Episodes: 8160, Avg Reward (Last 100): 17.08, Avg Length (Last 100): 48.88
/home/kxu/miniforge3/envs/sgym-hab/lib/python3.9/site-packages/networkx/utils/backends.py:135: RuntimeWarning: networkx backend defined more than once: nx-loopback
  backends.update(_get_backends("networkx.backends"))
/home/kxu/miniforge3/envs/sgym-hab/lib/python3.9/site-packages/networkx/utils/backends.py:135: RuntimeWarning: networkx backend defined more than once: nx-loopback
  backends.update(_get_backends("networkx.backends"))
/home/kxu/miniforge3/envs/sgym-hab/lib/python3.9/site-packages/networkx/utils/backends.py:135: RuntimeWarning: networkx backend defined more than once: nx-loopback
  backends.update(_get_backends("networkx.backends"))
/home/kxu/miniforge3/envs/sgym-hab/lib/python3.9/site-packages/networkx/utils/backends.py:135: RuntimeWarning: networkx backend defined more than once: nx-loopback
  backends.update(_get_backends("networkx.backends"))
/home/kxu/miniforge3/envs/sgym-hab/lib/python3.9/site-packages/networkx/utils/backends.py:135: RuntimeWarning: networkx backend defined more than once: nx-loopback
  backends.update(_get_backends("networkx.backends"))
/home/kxu/miniforge3/envs/sgym-hab/lib/python3.9/site-packages/networkx/utils/backends.py:135: RuntimeWarning: networkx backend defined more than once: nx-loopback
  backends.update(_get_backends("networkx.backends"))
/home/kxu/miniforge3/envs/sgym-hab/lib/python3.9/site-packages/networkx/utils/backends.py:135: RuntimeWarning: networkx backend defined more than once: nx-loopback
  backends.update(_get_backends("networkx.backends"))
/home/kxu/miniforge3/envs/sgym-hab/lib/python3.9/site-packages/networkx/utils/backends.py:135: RuntimeWarning: networkx backend defined more than once: nx-loopback
  backends.update(_get_backends("networkx.backends"))
/home/kxu/miniforge3/envs/sgym-hab/lib/python3.9/site-packages/networkx/utils/backends.py:135: RuntimeWarning: networkx backend defined more than once: nx-loopback
  backends.update(_get_backends("networkx.backends"))
/home/kxu/miniforge3/envs/sgym-hab/lib/python3.9/site-packages/networkx/utils/backends.py:135: RuntimeWarning: networkx backend defined more than once: nx-loopback
  backends.update(_get_backends("networkx.backends"))
/home/kxu/miniforge3/envs/sgym-hab/lib/python3.9/site-packages/networkx/utils/backends.py:135: RuntimeWarning: networkx backend defined more than once: nx-loopback
  backends.update(_get_backends("networkx.backends"))
/home/kxu/miniforge3/envs/sgym-hab/lib/python3.9/site-packages/networkx/utils/backends.py:135: RuntimeWarning: networkx backend defined more than once: nx-loopback
  backends.update(_get_backends("networkx.backends"))
/home/kxu/miniforge3/envs/sgym-hab/lib/python3.9/site-packages/networkx/utils/backends.py:135: RuntimeWarning: networkx backend defined more than once: nx-loopback
  backends.update(_get_backends("networkx.backends"))
/home/kxu/miniforge3/envs/sgym-hab/lib/python3.9/site-packages/networkx/utils/backends.py:135: RuntimeWarning: networkx backend defined more than once: nx-loopback
  backends.update(_get_backends("networkx.backends"))
/home/kxu/miniforge3/envs/sgym-hab/lib/python3.9/site-packages/networkx/utils/backends.py:135: RuntimeWarning: networkx backend defined more than once: nx-loopback
  backends.update(_get_backends("networkx.backends"))
/home/kxu/miniforge3/envs/sgym-hab/lib/python3.9/site-packages/networkx/utils/backends.py:135: RuntimeWarning: networkx backend defined more than once: nx-loopback
  backends.update(_get_backends("networkx.backends"))
INFO:__mp_main__:Worker 8: Finished collecting 256 steps.
INFO:__mp_main__:Worker 9: Finished collecting 256 steps.
INFO:__mp_main__:Worker 5: Finished collecting 256 steps.
INFO:__mp_main__:Worker 12: Finished collecting 256 steps.
INFO:__mp_main__:Worker 3: Finished collecting 256 steps.
INFO:__mp_main__:Worker 2: Finished collecting 256 steps.
INFO:__mp_main__:Worker 11: Finished collecting 256 steps.
INFO:__mp_main__:Worker 7: Finished collecting 256 steps.
INFO:__mp_main__:Worker 14: Finished collecting 256 steps.
INFO:__mp_main__:Worker 1: Finished collecting 256 steps.
INFO:__mp_main__:Worker 0: Finished collecting 256 steps.
INFO:__mp_main__:Worker 13: Finished collecting 256 steps.
INFO:__mp_main__:Worker 4: Finished collecting 256 steps.
INFO:__mp_main__:Worker 10: Finished collecting 256 steps.
INFO:__mp_main__:Worker 6: Finished collecting 256 steps.
INFO:__mp_main__:Worker 15: Finished collecting 256 steps.
INFO:__main__:Update: 52/146, Timesteps: 212992/600000, FPS: 65, Episodes: 8320, Avg Reward (Last 100): 16.53, Avg Length (Last 100): 49.00
/home/kxu/miniforge3/envs/sgym-hab/lib/python3.9/site-packages/networkx/utils/backends.py:135: RuntimeWarning: networkx backend defined more than once: nx-loopback
  backends.update(_get_backends("networkx.backends"))
/home/kxu/miniforge3/envs/sgym-hab/lib/python3.9/site-packages/networkx/utils/backends.py:135: RuntimeWarning: networkx backend defined more than once: nx-loopback
  backends.update(_get_backends("networkx.backends"))
/home/kxu/miniforge3/envs/sgym-hab/lib/python3.9/site-packages/networkx/utils/backends.py:135: RuntimeWarning: networkx backend defined more than once: nx-loopback
  backends.update(_get_backends("networkx.backends"))
/home/kxu/miniforge3/envs/sgym-hab/lib/python3.9/site-packages/networkx/utils/backends.py:135: RuntimeWarning: networkx backend defined more than once: nx-loopback
  backends.update(_get_backends("networkx.backends"))
/home/kxu/miniforge3/envs/sgym-hab/lib/python3.9/site-packages/networkx/utils/backends.py:135: RuntimeWarning: networkx backend defined more than once: nx-loopback
  backends.update(_get_backends("networkx.backends"))
/home/kxu/miniforge3/envs/sgym-hab/lib/python3.9/site-packages/networkx/utils/backends.py:135: RuntimeWarning: networkx backend defined more than once: nx-loopback
  backends.update(_get_backends("networkx.backends"))
/home/kxu/miniforge3/envs/sgym-hab/lib/python3.9/site-packages/networkx/utils/backends.py:135: RuntimeWarning: networkx backend defined more than once: nx-loopback
  backends.update(_get_backends("networkx.backends"))
/home/kxu/miniforge3/envs/sgym-hab/lib/python3.9/site-packages/networkx/utils/backends.py:135: RuntimeWarning: networkx backend defined more than once: nx-loopback
  backends.update(_get_backends("networkx.backends"))
/home/kxu/miniforge3/envs/sgym-hab/lib/python3.9/site-packages/networkx/utils/backends.py:135: RuntimeWarning: networkx backend defined more than once: nx-loopback
  backends.update(_get_backends("networkx.backends"))
/home/kxu/miniforge3/envs/sgym-hab/lib/python3.9/site-packages/networkx/utils/backends.py:135: RuntimeWarning: networkx backend defined more than once: nx-loopback
  backends.update(_get_backends("networkx.backends"))
/home/kxu/miniforge3/envs/sgym-hab/lib/python3.9/site-packages/networkx/utils/backends.py:135: RuntimeWarning: networkx backend defined more than once: nx-loopback
  backends.update(_get_backends("networkx.backends"))
/home/kxu/miniforge3/envs/sgym-hab/lib/python3.9/site-packages/networkx/utils/backends.py:135: RuntimeWarning: networkx backend defined more than once: nx-loopback
  backends.update(_get_backends("networkx.backends"))
/home/kxu/miniforge3/envs/sgym-hab/lib/python3.9/site-packages/networkx/utils/backends.py:135: RuntimeWarning: networkx backend defined more than once: nx-loopback
  backends.update(_get_backends("networkx.backends"))
/home/kxu/miniforge3/envs/sgym-hab/lib/python3.9/site-packages/networkx/utils/backends.py:135: RuntimeWarning: networkx backend defined more than once: nx-loopback
  backends.update(_get_backends("networkx.backends"))
/home/kxu/miniforge3/envs/sgym-hab/lib/python3.9/site-packages/networkx/utils/backends.py:135: RuntimeWarning: networkx backend defined more than once: nx-loopback
  backends.update(_get_backends("networkx.backends"))
/home/kxu/miniforge3/envs/sgym-hab/lib/python3.9/site-packages/networkx/utils/backends.py:135: RuntimeWarning: networkx backend defined more than once: nx-loopback
  backends.update(_get_backends("networkx.backends"))
INFO:__mp_main__:Worker 5: Finished collecting 256 steps.
INFO:__mp_main__:Worker 8: Finished collecting 256 steps.
INFO:__mp_main__:Worker 3: Finished collecting 256 steps.
INFO:__mp_main__:Worker 4: Finished collecting 256 steps.
INFO:__mp_main__:Worker 10: Finished collecting 256 steps.
INFO:__mp_main__:Worker 2: Finished collecting 256 steps.
INFO:__mp_main__:Worker 9: Finished collecting 256 steps.
INFO:__mp_main__:Worker 15: Finished collecting 256 steps.
INFO:__mp_main__:Worker 0: Finished collecting 256 steps.
INFO:__mp_main__:Worker 14: Finished collecting 256 steps.
INFO:__mp_main__:Worker 1: Finished collecting 256 steps.
INFO:__mp_main__:Worker 6: Finished collecting 256 steps.
INFO:__mp_main__:Worker 7: Finished collecting 256 steps.
INFO:__mp_main__:Worker 13: Finished collecting 256 steps.
INFO:__mp_main__:Worker 12: Finished collecting 256 steps.
INFO:__mp_main__:Worker 11: Finished collecting 256 steps.
INFO:__main__:Update: 53/146, Timesteps: 217088/600000, FPS: 65, Episodes: 8480, Avg Reward (Last 100): 16.92, Avg Length (Last 100): 48.94
/home/kxu/miniforge3/envs/sgym-hab/lib/python3.9/site-packages/networkx/utils/backends.py:135: RuntimeWarning: networkx backend defined more than once: nx-loopback
  backends.update(_get_backends("networkx.backends"))
/home/kxu/miniforge3/envs/sgym-hab/lib/python3.9/site-packages/networkx/utils/backends.py:135: RuntimeWarning: networkx backend defined more than once: nx-loopback
  backends.update(_get_backends("networkx.backends"))
/home/kxu/miniforge3/envs/sgym-hab/lib/python3.9/site-packages/networkx/utils/backends.py:135: RuntimeWarning: networkx backend defined more than once: nx-loopback
  backends.update(_get_backends("networkx.backends"))
/home/kxu/miniforge3/envs/sgym-hab/lib/python3.9/site-packages/networkx/utils/backends.py:135: RuntimeWarning: networkx backend defined more than once: nx-loopback
  backends.update(_get_backends("networkx.backends"))
/home/kxu/miniforge3/envs/sgym-hab/lib/python3.9/site-packages/networkx/utils/backends.py:135: RuntimeWarning: networkx backend defined more than once: nx-loopback
  backends.update(_get_backends("networkx.backends"))
/home/kxu/miniforge3/envs/sgym-hab/lib/python3.9/site-packages/networkx/utils/backends.py:135: RuntimeWarning: networkx backend defined more than once: nx-loopback
  backends.update(_get_backends("networkx.backends"))
/home/kxu/miniforge3/envs/sgym-hab/lib/python3.9/site-packages/networkx/utils/backends.py:135: RuntimeWarning: networkx backend defined more than once: nx-loopback
  backends.update(_get_backends("networkx.backends"))
/home/kxu/miniforge3/envs/sgym-hab/lib/python3.9/site-packages/networkx/utils/backends.py:135: RuntimeWarning: networkx backend defined more than once: nx-loopback
  backends.update(_get_backends("networkx.backends"))
/home/kxu/miniforge3/envs/sgym-hab/lib/python3.9/site-packages/networkx/utils/backends.py:135: RuntimeWarning: networkx backend defined more than once: nx-loopback
  backends.update(_get_backends("networkx.backends"))
/home/kxu/miniforge3/envs/sgym-hab/lib/python3.9/site-packages/networkx/utils/backends.py:135: RuntimeWarning: networkx backend defined more than once: nx-loopback
  backends.update(_get_backends("networkx.backends"))
/home/kxu/miniforge3/envs/sgym-hab/lib/python3.9/site-packages/networkx/utils/backends.py:135: RuntimeWarning: networkx backend defined more than once: nx-loopback
  backends.update(_get_backends("networkx.backends"))
/home/kxu/miniforge3/envs/sgym-hab/lib/python3.9/site-packages/networkx/utils/backends.py:135: RuntimeWarning: networkx backend defined more than once: nx-loopback
  backends.update(_get_backends("networkx.backends"))
/home/kxu/miniforge3/envs/sgym-hab/lib/python3.9/site-packages/networkx/utils/backends.py:135: RuntimeWarning: networkx backend defined more than once: nx-loopback
  backends.update(_get_backends("networkx.backends"))
/home/kxu/miniforge3/envs/sgym-hab/lib/python3.9/site-packages/networkx/utils/backends.py:135: RuntimeWarning: networkx backend defined more than once: nx-loopback
  backends.update(_get_backends("networkx.backends"))
/home/kxu/miniforge3/envs/sgym-hab/lib/python3.9/site-packages/networkx/utils/backends.py:135: RuntimeWarning: networkx backend defined more than once: nx-loopback
  backends.update(_get_backends("networkx.backends"))
/home/kxu/miniforge3/envs/sgym-hab/lib/python3.9/site-packages/networkx/utils/backends.py:135: RuntimeWarning: networkx backend defined more than once: nx-loopback
  backends.update(_get_backends("networkx.backends"))
INFO:__mp_main__:Worker 0: Finished collecting 256 steps.
INFO:__mp_main__:Worker 13: Finished collecting 256 steps.
INFO:__mp_main__:Worker 4: Finished collecting 256 steps.
INFO:__mp_main__:Worker 6: Finished collecting 256 steps.
INFO:__mp_main__:Worker 3: Finished collecting 256 steps.
INFO:__mp_main__:Worker 15: Finished collecting 256 steps.
INFO:__mp_main__:Worker 14: Finished collecting 256 steps.
INFO:__mp_main__:Worker 8: Finished collecting 256 steps.
INFO:__mp_main__:Worker 12: Finished collecting 256 steps.
INFO:__mp_main__:Worker 1: Finished collecting 256 steps.
INFO:__mp_main__:Worker 2: Finished collecting 256 steps.
INFO:__mp_main__:Worker 7: Finished collecting 256 steps.
INFO:__mp_main__:Worker 9: Finished collecting 256 steps.
INFO:__mp_main__:Worker 10: Finished collecting 256 steps.
INFO:__mp_main__:Worker 5: Finished collecting 256 steps.
INFO:__mp_main__:Worker 11: Finished collecting 256 steps.
INFO:__main__:Update: 54/146, Timesteps: 221184/600000, FPS: 65, Episodes: 8640, Avg Reward (Last 100): 15.49, Avg Length (Last 100): 49.00
/home/kxu/miniforge3/envs/sgym-hab/lib/python3.9/site-packages/networkx/utils/backends.py:135: RuntimeWarning: networkx backend defined more than once: nx-loopback
  backends.update(_get_backends("networkx.backends"))
/home/kxu/miniforge3/envs/sgym-hab/lib/python3.9/site-packages/networkx/utils/backends.py:135: RuntimeWarning: networkx backend defined more than once: nx-loopback
  backends.update(_get_backends("networkx.backends"))
/home/kxu/miniforge3/envs/sgym-hab/lib/python3.9/site-packages/networkx/utils/backends.py:135: RuntimeWarning: networkx backend defined more than once: nx-loopback
  backends.update(_get_backends("networkx.backends"))
/home/kxu/miniforge3/envs/sgym-hab/lib/python3.9/site-packages/networkx/utils/backends.py:135: RuntimeWarning: networkx backend defined more than once: nx-loopback
  backends.update(_get_backends("networkx.backends"))
/home/kxu/miniforge3/envs/sgym-hab/lib/python3.9/site-packages/networkx/utils/backends.py:135: RuntimeWarning: networkx backend defined more than once: nx-loopback
  backends.update(_get_backends("networkx.backends"))
/home/kxu/miniforge3/envs/sgym-hab/lib/python3.9/site-packages/networkx/utils/backends.py:135: RuntimeWarning: networkx backend defined more than once: nx-loopback
  backends.update(_get_backends("networkx.backends"))
/home/kxu/miniforge3/envs/sgym-hab/lib/python3.9/site-packages/networkx/utils/backends.py:135: RuntimeWarning: networkx backend defined more than once: nx-loopback
  backends.update(_get_backends("networkx.backends"))
/home/kxu/miniforge3/envs/sgym-hab/lib/python3.9/site-packages/networkx/utils/backends.py:135: RuntimeWarning: networkx backend defined more than once: nx-loopback
  backends.update(_get_backends("networkx.backends"))
/home/kxu/miniforge3/envs/sgym-hab/lib/python3.9/site-packages/networkx/utils/backends.py:135: RuntimeWarning: networkx backend defined more than once: nx-loopback
  backends.update(_get_backends("networkx.backends"))
/home/kxu/miniforge3/envs/sgym-hab/lib/python3.9/site-packages/networkx/utils/backends.py:135: RuntimeWarning: networkx backend defined more than once: nx-loopback
  backends.update(_get_backends("networkx.backends"))
/home/kxu/miniforge3/envs/sgym-hab/lib/python3.9/site-packages/networkx/utils/backends.py:135: RuntimeWarning: networkx backend defined more than once: nx-loopback
  backends.update(_get_backends("networkx.backends"))
/home/kxu/miniforge3/envs/sgym-hab/lib/python3.9/site-packages/networkx/utils/backends.py:135: RuntimeWarning: networkx backend defined more than once: nx-loopback
  backends.update(_get_backends("networkx.backends"))
/home/kxu/miniforge3/envs/sgym-hab/lib/python3.9/site-packages/networkx/utils/backends.py:135: RuntimeWarning: networkx backend defined more than once: nx-loopback
  backends.update(_get_backends("networkx.backends"))
/home/kxu/miniforge3/envs/sgym-hab/lib/python3.9/site-packages/networkx/utils/backends.py:135: RuntimeWarning: networkx backend defined more than once: nx-loopback
  backends.update(_get_backends("networkx.backends"))
/home/kxu/miniforge3/envs/sgym-hab/lib/python3.9/site-packages/networkx/utils/backends.py:135: RuntimeWarning: networkx backend defined more than once: nx-loopback
  backends.update(_get_backends("networkx.backends"))
/home/kxu/miniforge3/envs/sgym-hab/lib/python3.9/site-packages/networkx/utils/backends.py:135: RuntimeWarning: networkx backend defined more than once: nx-loopback
  backends.update(_get_backends("networkx.backends"))
INFO:__mp_main__:Worker 1: Finished collecting 256 steps.
INFO:__mp_main__:Worker 4: Finished collecting 256 steps.
INFO:__mp_main__:Worker 15: Finished collecting 256 steps.
INFO:__mp_main__:Worker 8: Finished collecting 256 steps.
INFO:__mp_main__:Worker 2: Finished collecting 256 steps.
INFO:__mp_main__:Worker 14: Finished collecting 256 steps.
INFO:__mp_main__:Worker 3: Finished collecting 256 steps.
INFO:__mp_main__:Worker 12: Finished collecting 256 steps.
INFO:__mp_main__:Worker 7: Finished collecting 256 steps.
INFO:__mp_main__:Worker 11: Finished collecting 256 steps.
INFO:__mp_main__:Worker 6: Finished collecting 256 steps.
INFO:__mp_main__:Worker 0: Finished collecting 256 steps.
INFO:__mp_main__:Worker 5: Finished collecting 256 steps.
INFO:__mp_main__:Worker 10: Finished collecting 256 steps.
INFO:__mp_main__:Worker 9: Finished collecting 256 steps.
INFO:__mp_main__:Worker 13: Finished collecting 256 steps.
INFO:__main__:Update: 55/146, Timesteps: 225280/600000, FPS: 65, Episodes: 8800, Avg Reward (Last 100): 16.26, Avg Length (Last 100): 49.00
/home/kxu/miniforge3/envs/sgym-hab/lib/python3.9/site-packages/networkx/utils/backends.py:135: RuntimeWarning: networkx backend defined more than once: nx-loopback
  backends.update(_get_backends("networkx.backends"))
/home/kxu/miniforge3/envs/sgym-hab/lib/python3.9/site-packages/networkx/utils/backends.py:135: RuntimeWarning: networkx backend defined more than once: nx-loopback
  backends.update(_get_backends("networkx.backends"))
/home/kxu/miniforge3/envs/sgym-hab/lib/python3.9/site-packages/networkx/utils/backends.py:135: RuntimeWarning: networkx backend defined more than once: nx-loopback
  backends.update(_get_backends("networkx.backends"))
/home/kxu/miniforge3/envs/sgym-hab/lib/python3.9/site-packages/networkx/utils/backends.py:135: RuntimeWarning: networkx backend defined more than once: nx-loopback
  backends.update(_get_backends("networkx.backends"))
/home/kxu/miniforge3/envs/sgym-hab/lib/python3.9/site-packages/networkx/utils/backends.py:135: RuntimeWarning: networkx backend defined more than once: nx-loopback
  backends.update(_get_backends("networkx.backends"))
/home/kxu/miniforge3/envs/sgym-hab/lib/python3.9/site-packages/networkx/utils/backends.py:135: RuntimeWarning: networkx backend defined more than once: nx-loopback
  backends.update(_get_backends("networkx.backends"))
/home/kxu/miniforge3/envs/sgym-hab/lib/python3.9/site-packages/networkx/utils/backends.py:135: RuntimeWarning: networkx backend defined more than once: nx-loopback
  backends.update(_get_backends("networkx.backends"))
/home/kxu/miniforge3/envs/sgym-hab/lib/python3.9/site-packages/networkx/utils/backends.py:135: RuntimeWarning: networkx backend defined more than once: nx-loopback
  backends.update(_get_backends("networkx.backends"))
/home/kxu/miniforge3/envs/sgym-hab/lib/python3.9/site-packages/networkx/utils/backends.py:135: RuntimeWarning: networkx backend defined more than once: nx-loopback
  backends.update(_get_backends("networkx.backends"))
/home/kxu/miniforge3/envs/sgym-hab/lib/python3.9/site-packages/networkx/utils/backends.py:135: RuntimeWarning: networkx backend defined more than once: nx-loopback
  backends.update(_get_backends("networkx.backends"))
/home/kxu/miniforge3/envs/sgym-hab/lib/python3.9/site-packages/networkx/utils/backends.py:135: RuntimeWarning: networkx backend defined more than once: nx-loopback
  backends.update(_get_backends("networkx.backends"))
/home/kxu/miniforge3/envs/sgym-hab/lib/python3.9/site-packages/networkx/utils/backends.py:135: RuntimeWarning: networkx backend defined more than once: nx-loopback
  backends.update(_get_backends("networkx.backends"))
/home/kxu/miniforge3/envs/sgym-hab/lib/python3.9/site-packages/networkx/utils/backends.py:135: RuntimeWarning: networkx backend defined more than once: nx-loopback
  backends.update(_get_backends("networkx.backends"))
/home/kxu/miniforge3/envs/sgym-hab/lib/python3.9/site-packages/networkx/utils/backends.py:135: RuntimeWarning: networkx backend defined more than once: nx-loopback
  backends.update(_get_backends("networkx.backends"))
/home/kxu/miniforge3/envs/sgym-hab/lib/python3.9/site-packages/networkx/utils/backends.py:135: RuntimeWarning: networkx backend defined more than once: nx-loopback
  backends.update(_get_backends("networkx.backends"))
/home/kxu/miniforge3/envs/sgym-hab/lib/python3.9/site-packages/networkx/utils/backends.py:135: RuntimeWarning: networkx backend defined more than once: nx-loopback
  backends.update(_get_backends("networkx.backends"))
INFO:__mp_main__:Worker 2: Finished collecting 256 steps.
INFO:__mp_main__:Worker 8: Finished collecting 256 steps.
INFO:__mp_main__:Worker 14: Finished collecting 256 steps.
INFO:__mp_main__:Worker 3: Finished collecting 256 steps.
INFO:__mp_main__:Worker 1: Finished collecting 256 steps.
INFO:__mp_main__:Worker 6: Finished collecting 256 steps.
INFO:__mp_main__:Worker 10: Finished collecting 256 steps.
INFO:__mp_main__:Worker 13: Finished collecting 256 steps.
INFO:__mp_main__:Worker 9: Finished collecting 256 steps.
INFO:__mp_main__:Worker 5: Finished collecting 256 steps.
INFO:__mp_main__:Worker 4: Finished collecting 256 steps.
INFO:__mp_main__:Worker 0: Finished collecting 256 steps.
INFO:__mp_main__:Worker 15: Finished collecting 256 steps.
INFO:__mp_main__:Worker 7: Finished collecting 256 steps.
INFO:__mp_main__:Worker 12: Finished collecting 256 steps.
INFO:__mp_main__:Worker 11: Finished collecting 256 steps.
INFO:__main__:Update: 56/146, Timesteps: 229376/600000, FPS: 65, Episodes: 8960, Avg Reward (Last 100): 17.23, Avg Length (Last 100): 48.66
/home/kxu/miniforge3/envs/sgym-hab/lib/python3.9/site-packages/networkx/utils/backends.py:135: RuntimeWarning: networkx backend defined more than once: nx-loopback
  backends.update(_get_backends("networkx.backends"))
/home/kxu/miniforge3/envs/sgym-hab/lib/python3.9/site-packages/networkx/utils/backends.py:135: RuntimeWarning: networkx backend defined more than once: nx-loopback
  backends.update(_get_backends("networkx.backends"))
/home/kxu/miniforge3/envs/sgym-hab/lib/python3.9/site-packages/networkx/utils/backends.py:135: RuntimeWarning: networkx backend defined more than once: nx-loopback
  backends.update(_get_backends("networkx.backends"))
/home/kxu/miniforge3/envs/sgym-hab/lib/python3.9/site-packages/networkx/utils/backends.py:135: RuntimeWarning: networkx backend defined more than once: nx-loopback
  backends.update(_get_backends("networkx.backends"))
/home/kxu/miniforge3/envs/sgym-hab/lib/python3.9/site-packages/networkx/utils/backends.py:135: RuntimeWarning: networkx backend defined more than once: nx-loopback
  backends.update(_get_backends("networkx.backends"))
/home/kxu/miniforge3/envs/sgym-hab/lib/python3.9/site-packages/networkx/utils/backends.py:135: RuntimeWarning: networkx backend defined more than once: nx-loopback
  backends.update(_get_backends("networkx.backends"))
/home/kxu/miniforge3/envs/sgym-hab/lib/python3.9/site-packages/networkx/utils/backends.py:135: RuntimeWarning: networkx backend defined more than once: nx-loopback
  backends.update(_get_backends("networkx.backends"))
/home/kxu/miniforge3/envs/sgym-hab/lib/python3.9/site-packages/networkx/utils/backends.py:135: RuntimeWarning: networkx backend defined more than once: nx-loopback
  backends.update(_get_backends("networkx.backends"))
/home/kxu/miniforge3/envs/sgym-hab/lib/python3.9/site-packages/networkx/utils/backends.py:135: RuntimeWarning: networkx backend defined more than once: nx-loopback
  backends.update(_get_backends("networkx.backends"))
/home/kxu/miniforge3/envs/sgym-hab/lib/python3.9/site-packages/networkx/utils/backends.py:135: RuntimeWarning: networkx backend defined more than once: nx-loopback
  backends.update(_get_backends("networkx.backends"))
/home/kxu/miniforge3/envs/sgym-hab/lib/python3.9/site-packages/networkx/utils/backends.py:135: RuntimeWarning: networkx backend defined more than once: nx-loopback
  backends.update(_get_backends("networkx.backends"))
/home/kxu/miniforge3/envs/sgym-hab/lib/python3.9/site-packages/networkx/utils/backends.py:135: RuntimeWarning: networkx backend defined more than once: nx-loopback
  backends.update(_get_backends("networkx.backends"))
/home/kxu/miniforge3/envs/sgym-hab/lib/python3.9/site-packages/networkx/utils/backends.py:135: RuntimeWarning: networkx backend defined more than once: nx-loopback
  backends.update(_get_backends("networkx.backends"))
/home/kxu/miniforge3/envs/sgym-hab/lib/python3.9/site-packages/networkx/utils/backends.py:135: RuntimeWarning: networkx backend defined more than once: nx-loopback
  backends.update(_get_backends("networkx.backends"))
/home/kxu/miniforge3/envs/sgym-hab/lib/python3.9/site-packages/networkx/utils/backends.py:135: RuntimeWarning: networkx backend defined more than once: nx-loopback
  backends.update(_get_backends("networkx.backends"))
/home/kxu/miniforge3/envs/sgym-hab/lib/python3.9/site-packages/networkx/utils/backends.py:135: RuntimeWarning: networkx backend defined more than once: nx-loopback
  backends.update(_get_backends("networkx.backends"))
INFO:__mp_main__:Worker 7: Finished collecting 256 steps.
INFO:__mp_main__:Worker 8: Finished collecting 256 steps.
INFO:__mp_main__:Worker 2: Finished collecting 256 steps.
INFO:__mp_main__:Worker 0: Finished collecting 256 steps.
INFO:__mp_main__:Worker 12: Finished collecting 256 steps.
INFO:__mp_main__:Worker 10: Finished collecting 256 steps.
INFO:__mp_main__:Worker 11: Finished collecting 256 steps.
INFO:__mp_main__:Worker 5: Finished collecting 256 steps.
INFO:__mp_main__:Worker 13: Finished collecting 256 steps.
INFO:__mp_main__:Worker 4: Finished collecting 256 steps.
INFO:__mp_main__:Worker 3: Finished collecting 256 steps.
INFO:__mp_main__:Worker 1: Finished collecting 256 steps.
INFO:__mp_main__:Worker 9: Finished collecting 256 steps.
INFO:__mp_main__:Worker 14: Finished collecting 256 steps.
INFO:__mp_main__:Worker 6: Finished collecting 256 steps.
INFO:__mp_main__:Worker 15: Finished collecting 256 steps.
INFO:__main__:Update: 57/146, Timesteps: 233472/600000, FPS: 65, Episodes: 9120, Avg Reward (Last 100): 18.75, Avg Length (Last 100): 49.00
/home/kxu/miniforge3/envs/sgym-hab/lib/python3.9/site-packages/networkx/utils/backends.py:135: RuntimeWarning: networkx backend defined more than once: nx-loopback
  backends.update(_get_backends("networkx.backends"))
/home/kxu/miniforge3/envs/sgym-hab/lib/python3.9/site-packages/networkx/utils/backends.py:135: RuntimeWarning: networkx backend defined more than once: nx-loopback
  backends.update(_get_backends("networkx.backends"))
/home/kxu/miniforge3/envs/sgym-hab/lib/python3.9/site-packages/networkx/utils/backends.py:135: RuntimeWarning: networkx backend defined more than once: nx-loopback
  backends.update(_get_backends("networkx.backends"))
/home/kxu/miniforge3/envs/sgym-hab/lib/python3.9/site-packages/networkx/utils/backends.py:135: RuntimeWarning: networkx backend defined more than once: nx-loopback
  backends.update(_get_backends("networkx.backends"))
/home/kxu/miniforge3/envs/sgym-hab/lib/python3.9/site-packages/networkx/utils/backends.py:135: RuntimeWarning: networkx backend defined more than once: nx-loopback
  backends.update(_get_backends("networkx.backends"))
/home/kxu/miniforge3/envs/sgym-hab/lib/python3.9/site-packages/networkx/utils/backends.py:135: RuntimeWarning: networkx backend defined more than once: nx-loopback
  backends.update(_get_backends("networkx.backends"))
/home/kxu/miniforge3/envs/sgym-hab/lib/python3.9/site-packages/networkx/utils/backends.py:135: RuntimeWarning: networkx backend defined more than once: nx-loopback
  backends.update(_get_backends("networkx.backends"))
/home/kxu/miniforge3/envs/sgym-hab/lib/python3.9/site-packages/networkx/utils/backends.py:135: RuntimeWarning: networkx backend defined more than once: nx-loopback
  backends.update(_get_backends("networkx.backends"))
/home/kxu/miniforge3/envs/sgym-hab/lib/python3.9/site-packages/networkx/utils/backends.py:135: RuntimeWarning: networkx backend defined more than once: nx-loopback
  backends.update(_get_backends("networkx.backends"))
/home/kxu/miniforge3/envs/sgym-hab/lib/python3.9/site-packages/networkx/utils/backends.py:135: RuntimeWarning: networkx backend defined more than once: nx-loopback
  backends.update(_get_backends("networkx.backends"))
/home/kxu/miniforge3/envs/sgym-hab/lib/python3.9/site-packages/networkx/utils/backends.py:135: RuntimeWarning: networkx backend defined more than once: nx-loopback
  backends.update(_get_backends("networkx.backends"))
/home/kxu/miniforge3/envs/sgym-hab/lib/python3.9/site-packages/networkx/utils/backends.py:135: RuntimeWarning: networkx backend defined more than once: nx-loopback
  backends.update(_get_backends("networkx.backends"))
/home/kxu/miniforge3/envs/sgym-hab/lib/python3.9/site-packages/networkx/utils/backends.py:135: RuntimeWarning: networkx backend defined more than once: nx-loopback
  backends.update(_get_backends("networkx.backends"))
/home/kxu/miniforge3/envs/sgym-hab/lib/python3.9/site-packages/networkx/utils/backends.py:135: RuntimeWarning: networkx backend defined more than once: nx-loopback
  backends.update(_get_backends("networkx.backends"))
/home/kxu/miniforge3/envs/sgym-hab/lib/python3.9/site-packages/networkx/utils/backends.py:135: RuntimeWarning: networkx backend defined more than once: nx-loopback
  backends.update(_get_backends("networkx.backends"))
/home/kxu/miniforge3/envs/sgym-hab/lib/python3.9/site-packages/networkx/utils/backends.py:135: RuntimeWarning: networkx backend defined more than once: nx-loopback
  backends.update(_get_backends("networkx.backends"))
INFO:__mp_main__:Worker 4: Finished collecting 256 steps.
INFO:__mp_main__:Worker 3: Finished collecting 256 steps.
INFO:__mp_main__:Worker 7: Finished collecting 256 steps.
INFO:__mp_main__:Worker 5: Finished collecting 256 steps.
INFO:__mp_main__:Worker 1: Finished collecting 256 steps.
INFO:__mp_main__:Worker 15: Finished collecting 256 steps.
INFO:__mp_main__:Worker 2: Finished collecting 256 steps.
INFO:__mp_main__:Worker 8: Finished collecting 256 steps.
INFO:__mp_main__:Worker 10: Finished collecting 256 steps.
INFO:__mp_main__:Worker 13: Finished collecting 256 steps.
INFO:__mp_main__:Worker 0: Finished collecting 256 steps.
INFO:__mp_main__:Worker 6: Finished collecting 256 steps.
INFO:__mp_main__:Worker 9: Finished collecting 256 steps.
INFO:__mp_main__:Worker 11: Finished collecting 256 steps.
INFO:__mp_main__:Worker 12: Finished collecting 256 steps.
INFO:__mp_main__:Worker 14: Finished collecting 256 steps.
INFO:__main__:Update: 58/146, Timesteps: 237568/600000, FPS: 65, Episodes: 9280, Avg Reward (Last 100): 15.10, Avg Length (Last 100): 49.00
/home/kxu/miniforge3/envs/sgym-hab/lib/python3.9/site-packages/networkx/utils/backends.py:135: RuntimeWarning: networkx backend defined more than once: nx-loopback
  backends.update(_get_backends("networkx.backends"))
/home/kxu/miniforge3/envs/sgym-hab/lib/python3.9/site-packages/networkx/utils/backends.py:135: RuntimeWarning: networkx backend defined more than once: nx-loopback
  backends.update(_get_backends("networkx.backends"))
/home/kxu/miniforge3/envs/sgym-hab/lib/python3.9/site-packages/networkx/utils/backends.py:135: RuntimeWarning: networkx backend defined more than once: nx-loopback
  backends.update(_get_backends("networkx.backends"))
/home/kxu/miniforge3/envs/sgym-hab/lib/python3.9/site-packages/networkx/utils/backends.py:135: RuntimeWarning: networkx backend defined more than once: nx-loopback
  backends.update(_get_backends("networkx.backends"))
/home/kxu/miniforge3/envs/sgym-hab/lib/python3.9/site-packages/networkx/utils/backends.py:135: RuntimeWarning: networkx backend defined more than once: nx-loopback
  backends.update(_get_backends("networkx.backends"))
/home/kxu/miniforge3/envs/sgym-hab/lib/python3.9/site-packages/networkx/utils/backends.py:135: RuntimeWarning: networkx backend defined more than once: nx-loopback
  backends.update(_get_backends("networkx.backends"))
/home/kxu/miniforge3/envs/sgym-hab/lib/python3.9/site-packages/networkx/utils/backends.py:135: RuntimeWarning: networkx backend defined more than once: nx-loopback
  backends.update(_get_backends("networkx.backends"))
/home/kxu/miniforge3/envs/sgym-hab/lib/python3.9/site-packages/networkx/utils/backends.py:135: RuntimeWarning: networkx backend defined more than once: nx-loopback
  backends.update(_get_backends("networkx.backends"))
/home/kxu/miniforge3/envs/sgym-hab/lib/python3.9/site-packages/networkx/utils/backends.py:135: RuntimeWarning: networkx backend defined more than once: nx-loopback
  backends.update(_get_backends("networkx.backends"))
/home/kxu/miniforge3/envs/sgym-hab/lib/python3.9/site-packages/networkx/utils/backends.py:135: RuntimeWarning: networkx backend defined more than once: nx-loopback
  backends.update(_get_backends("networkx.backends"))
/home/kxu/miniforge3/envs/sgym-hab/lib/python3.9/site-packages/networkx/utils/backends.py:135: RuntimeWarning: networkx backend defined more than once: nx-loopback
  backends.update(_get_backends("networkx.backends"))
/home/kxu/miniforge3/envs/sgym-hab/lib/python3.9/site-packages/networkx/utils/backends.py:135: RuntimeWarning: networkx backend defined more than once: nx-loopback
  backends.update(_get_backends("networkx.backends"))
/home/kxu/miniforge3/envs/sgym-hab/lib/python3.9/site-packages/networkx/utils/backends.py:135: RuntimeWarning: networkx backend defined more than once: nx-loopback
  backends.update(_get_backends("networkx.backends"))
/home/kxu/miniforge3/envs/sgym-hab/lib/python3.9/site-packages/networkx/utils/backends.py:135: RuntimeWarning: networkx backend defined more than once: nx-loopback
  backends.update(_get_backends("networkx.backends"))
/home/kxu/miniforge3/envs/sgym-hab/lib/python3.9/site-packages/networkx/utils/backends.py:135: RuntimeWarning: networkx backend defined more than once: nx-loopback
  backends.update(_get_backends("networkx.backends"))
/home/kxu/miniforge3/envs/sgym-hab/lib/python3.9/site-packages/networkx/utils/backends.py:135: RuntimeWarning: networkx backend defined more than once: nx-loopback
  backends.update(_get_backends("networkx.backends"))
INFO:__mp_main__:Worker 6: Finished collecting 256 steps.
INFO:__mp_main__:Worker 11: Finished collecting 256 steps.
INFO:__mp_main__:Worker 12: Finished collecting 256 steps.
INFO:__mp_main__:Worker 8: Finished collecting 256 steps.
INFO:__mp_main__:Worker 13: Finished collecting 256 steps.
INFO:__mp_main__:Worker 0: Finished collecting 256 steps.
INFO:__mp_main__:Worker 1: Finished collecting 256 steps.
INFO:__mp_main__:Worker 7: Finished collecting 256 steps.
INFO:__mp_main__:Worker 4: Finished collecting 256 steps.
INFO:__mp_main__:Worker 3: Finished collecting 256 steps.
INFO:__mp_main__:Worker 5: Finished collecting 256 steps.
INFO:__mp_main__:Worker 14: Finished collecting 256 steps.
INFO:__mp_main__:Worker 2: Finished collecting 256 steps.
INFO:__mp_main__:Worker 10: Finished collecting 256 steps.
INFO:__mp_main__:Worker 9: Finished collecting 256 steps.
INFO:__mp_main__:Worker 15: Finished collecting 256 steps.
INFO:__main__:Update: 59/146, Timesteps: 241664/600000, FPS: 65, Episodes: 9440, Avg Reward (Last 100): 14.85, Avg Length (Last 100): 49.00
/home/kxu/miniforge3/envs/sgym-hab/lib/python3.9/site-packages/networkx/utils/backends.py:135: RuntimeWarning: networkx backend defined more than once: nx-loopback
  backends.update(_get_backends("networkx.backends"))
/home/kxu/miniforge3/envs/sgym-hab/lib/python3.9/site-packages/networkx/utils/backends.py:135: RuntimeWarning: networkx backend defined more than once: nx-loopback
  backends.update(_get_backends("networkx.backends"))
/home/kxu/miniforge3/envs/sgym-hab/lib/python3.9/site-packages/networkx/utils/backends.py:135: RuntimeWarning: networkx backend defined more than once: nx-loopback
  backends.update(_get_backends("networkx.backends"))
/home/kxu/miniforge3/envs/sgym-hab/lib/python3.9/site-packages/networkx/utils/backends.py:135: RuntimeWarning: networkx backend defined more than once: nx-loopback
  backends.update(_get_backends("networkx.backends"))
/home/kxu/miniforge3/envs/sgym-hab/lib/python3.9/site-packages/networkx/utils/backends.py:135: RuntimeWarning: networkx backend defined more than once: nx-loopback
  backends.update(_get_backends("networkx.backends"))
/home/kxu/miniforge3/envs/sgym-hab/lib/python3.9/site-packages/networkx/utils/backends.py:135: RuntimeWarning: networkx backend defined more than once: nx-loopback
  backends.update(_get_backends("networkx.backends"))
/home/kxu/miniforge3/envs/sgym-hab/lib/python3.9/site-packages/networkx/utils/backends.py:135: RuntimeWarning: networkx backend defined more than once: nx-loopback
  backends.update(_get_backends("networkx.backends"))
/home/kxu/miniforge3/envs/sgym-hab/lib/python3.9/site-packages/networkx/utils/backends.py:135: RuntimeWarning: networkx backend defined more than once: nx-loopback
  backends.update(_get_backends("networkx.backends"))
/home/kxu/miniforge3/envs/sgym-hab/lib/python3.9/site-packages/networkx/utils/backends.py:135: RuntimeWarning: networkx backend defined more than once: nx-loopback
  backends.update(_get_backends("networkx.backends"))
/home/kxu/miniforge3/envs/sgym-hab/lib/python3.9/site-packages/networkx/utils/backends.py:135: RuntimeWarning: networkx backend defined more than once: nx-loopback
  backends.update(_get_backends("networkx.backends"))
/home/kxu/miniforge3/envs/sgym-hab/lib/python3.9/site-packages/networkx/utils/backends.py:135: RuntimeWarning: networkx backend defined more than once: nx-loopback
  backends.update(_get_backends("networkx.backends"))
/home/kxu/miniforge3/envs/sgym-hab/lib/python3.9/site-packages/networkx/utils/backends.py:135: RuntimeWarning: networkx backend defined more than once: nx-loopback
  backends.update(_get_backends("networkx.backends"))
/home/kxu/miniforge3/envs/sgym-hab/lib/python3.9/site-packages/networkx/utils/backends.py:135: RuntimeWarning: networkx backend defined more than once: nx-loopback
  backends.update(_get_backends("networkx.backends"))
/home/kxu/miniforge3/envs/sgym-hab/lib/python3.9/site-packages/networkx/utils/backends.py:135: RuntimeWarning: networkx backend defined more than once: nx-loopback
  backends.update(_get_backends("networkx.backends"))
/home/kxu/miniforge3/envs/sgym-hab/lib/python3.9/site-packages/networkx/utils/backends.py:135: RuntimeWarning: networkx backend defined more than once: nx-loopback
  backends.update(_get_backends("networkx.backends"))
/home/kxu/miniforge3/envs/sgym-hab/lib/python3.9/site-packages/networkx/utils/backends.py:135: RuntimeWarning: networkx backend defined more than once: nx-loopback
  backends.update(_get_backends("networkx.backends"))
INFO:__mp_main__:Worker 4: Finished collecting 256 steps.
INFO:__mp_main__:Worker 9: Finished collecting 256 steps.
INFO:__mp_main__:Worker 8: Finished collecting 256 steps.
INFO:__mp_main__:Worker 0: Finished collecting 256 steps.
INFO:__mp_main__:Worker 14: Finished collecting 256 steps.
INFO:__mp_main__:Worker 13: Finished collecting 256 steps.
INFO:__mp_main__:Worker 10: Finished collecting 256 steps.
INFO:__mp_main__:Worker 15: Finished collecting 256 steps.
INFO:__mp_main__:Worker 1: Finished collecting 256 steps.
INFO:__mp_main__:Worker 3: Finished collecting 256 steps.
INFO:__mp_main__:Worker 5: Finished collecting 256 steps.
INFO:__mp_main__:Worker 7: Finished collecting 256 steps.
INFO:__mp_main__:Worker 11: Finished collecting 256 steps.
INFO:__mp_main__:Worker 12: Finished collecting 256 steps.
INFO:__mp_main__:Worker 6: Finished collecting 256 steps.
INFO:__mp_main__:Worker 2: Finished collecting 256 steps.
INFO:__main__:Update: 60/146, Timesteps: 245760/600000, FPS: 65, Episodes: 9600, Avg Reward (Last 100): 15.63, Avg Length (Last 100): 49.00
/home/kxu/miniforge3/envs/sgym-hab/lib/python3.9/site-packages/networkx/utils/backends.py:135: RuntimeWarning: networkx backend defined more than once: nx-loopback
  backends.update(_get_backends("networkx.backends"))
/home/kxu/miniforge3/envs/sgym-hab/lib/python3.9/site-packages/networkx/utils/backends.py:135: RuntimeWarning: networkx backend defined more than once: nx-loopback
  backends.update(_get_backends("networkx.backends"))
/home/kxu/miniforge3/envs/sgym-hab/lib/python3.9/site-packages/networkx/utils/backends.py:135: RuntimeWarning: networkx backend defined more than once: nx-loopback
  backends.update(_get_backends("networkx.backends"))
/home/kxu/miniforge3/envs/sgym-hab/lib/python3.9/site-packages/networkx/utils/backends.py:135: RuntimeWarning: networkx backend defined more than once: nx-loopback
  backends.update(_get_backends("networkx.backends"))
/home/kxu/miniforge3/envs/sgym-hab/lib/python3.9/site-packages/networkx/utils/backends.py:135: RuntimeWarning: networkx backend defined more than once: nx-loopback
  backends.update(_get_backends("networkx.backends"))
/home/kxu/miniforge3/envs/sgym-hab/lib/python3.9/site-packages/networkx/utils/backends.py:135: RuntimeWarning: networkx backend defined more than once: nx-loopback
  backends.update(_get_backends("networkx.backends"))
/home/kxu/miniforge3/envs/sgym-hab/lib/python3.9/site-packages/networkx/utils/backends.py:135: RuntimeWarning: networkx backend defined more than once: nx-loopback
  backends.update(_get_backends("networkx.backends"))
/home/kxu/miniforge3/envs/sgym-hab/lib/python3.9/site-packages/networkx/utils/backends.py:135: RuntimeWarning: networkx backend defined more than once: nx-loopback
  backends.update(_get_backends("networkx.backends"))
/home/kxu/miniforge3/envs/sgym-hab/lib/python3.9/site-packages/networkx/utils/backends.py:135: RuntimeWarning: networkx backend defined more than once: nx-loopback
  backends.update(_get_backends("networkx.backends"))
/home/kxu/miniforge3/envs/sgym-hab/lib/python3.9/site-packages/networkx/utils/backends.py:135: RuntimeWarning: networkx backend defined more than once: nx-loopback
  backends.update(_get_backends("networkx.backends"))
/home/kxu/miniforge3/envs/sgym-hab/lib/python3.9/site-packages/networkx/utils/backends.py:135: RuntimeWarning: networkx backend defined more than once: nx-loopback
  backends.update(_get_backends("networkx.backends"))
/home/kxu/miniforge3/envs/sgym-hab/lib/python3.9/site-packages/networkx/utils/backends.py:135: RuntimeWarning: networkx backend defined more than once: nx-loopback
  backends.update(_get_backends("networkx.backends"))
/home/kxu/miniforge3/envs/sgym-hab/lib/python3.9/site-packages/networkx/utils/backends.py:135: RuntimeWarning: networkx backend defined more than once: nx-loopback
  backends.update(_get_backends("networkx.backends"))
/home/kxu/miniforge3/envs/sgym-hab/lib/python3.9/site-packages/networkx/utils/backends.py:135: RuntimeWarning: networkx backend defined more than once: nx-loopback
  backends.update(_get_backends("networkx.backends"))
/home/kxu/miniforge3/envs/sgym-hab/lib/python3.9/site-packages/networkx/utils/backends.py:135: RuntimeWarning: networkx backend defined more than once: nx-loopback
  backends.update(_get_backends("networkx.backends"))
/home/kxu/miniforge3/envs/sgym-hab/lib/python3.9/site-packages/networkx/utils/backends.py:135: RuntimeWarning: networkx backend defined more than once: nx-loopback
  backends.update(_get_backends("networkx.backends"))
INFO:__mp_main__:Worker 6: Finished collecting 256 steps.
INFO:__mp_main__:Worker 7: Finished collecting 256 steps.
INFO:__mp_main__:Worker 9: Finished collecting 256 steps.
INFO:__mp_main__:Worker 14: Finished collecting 256 steps.
INFO:__mp_main__:Worker 2: Finished collecting 256 steps.
INFO:__mp_main__:Worker 3: Finished collecting 256 steps.
INFO:__mp_main__:Worker 10: Finished collecting 256 steps.
INFO:__mp_main__:Worker 13: Finished collecting 256 steps.
INFO:__mp_main__:Worker 4: Finished collecting 256 steps.
INFO:__mp_main__:Worker 1: Finished collecting 256 steps.
INFO:__mp_main__:Worker 0: Finished collecting 256 steps.
INFO:__mp_main__:Worker 11: Finished collecting 256 steps.
INFO:__mp_main__:Worker 5: Finished collecting 256 steps.
INFO:__mp_main__:Worker 12: Finished collecting 256 steps.
INFO:__mp_main__:Worker 8: Finished collecting 256 steps.
INFO:__mp_main__:Worker 15: Finished collecting 256 steps.
INFO:__main__:Update: 61/146, Timesteps: 249856/600000, FPS: 65, Episodes: 9760, Avg Reward (Last 100): 14.97, Avg Length (Last 100): 48.82
/home/kxu/miniforge3/envs/sgym-hab/lib/python3.9/site-packages/networkx/utils/backends.py:135: RuntimeWarning: networkx backend defined more than once: nx-loopback
  backends.update(_get_backends("networkx.backends"))
/home/kxu/miniforge3/envs/sgym-hab/lib/python3.9/site-packages/networkx/utils/backends.py:135: RuntimeWarning: networkx backend defined more than once: nx-loopback
  backends.update(_get_backends("networkx.backends"))
/home/kxu/miniforge3/envs/sgym-hab/lib/python3.9/site-packages/networkx/utils/backends.py:135: RuntimeWarning: networkx backend defined more than once: nx-loopback
  backends.update(_get_backends("networkx.backends"))
/home/kxu/miniforge3/envs/sgym-hab/lib/python3.9/site-packages/networkx/utils/backends.py:135: RuntimeWarning: networkx backend defined more than once: nx-loopback
  backends.update(_get_backends("networkx.backends"))
/home/kxu/miniforge3/envs/sgym-hab/lib/python3.9/site-packages/networkx/utils/backends.py:135: RuntimeWarning: networkx backend defined more than once: nx-loopback
  backends.update(_get_backends("networkx.backends"))
/home/kxu/miniforge3/envs/sgym-hab/lib/python3.9/site-packages/networkx/utils/backends.py:135: RuntimeWarning: networkx backend defined more than once: nx-loopback
  backends.update(_get_backends("networkx.backends"))
/home/kxu/miniforge3/envs/sgym-hab/lib/python3.9/site-packages/networkx/utils/backends.py:135: RuntimeWarning: networkx backend defined more than once: nx-loopback
  backends.update(_get_backends("networkx.backends"))
/home/kxu/miniforge3/envs/sgym-hab/lib/python3.9/site-packages/networkx/utils/backends.py:135: RuntimeWarning: networkx backend defined more than once: nx-loopback
  backends.update(_get_backends("networkx.backends"))
/home/kxu/miniforge3/envs/sgym-hab/lib/python3.9/site-packages/networkx/utils/backends.py:135: RuntimeWarning: networkx backend defined more than once: nx-loopback
  backends.update(_get_backends("networkx.backends"))
/home/kxu/miniforge3/envs/sgym-hab/lib/python3.9/site-packages/networkx/utils/backends.py:135: RuntimeWarning: networkx backend defined more than once: nx-loopback
  backends.update(_get_backends("networkx.backends"))
/home/kxu/miniforge3/envs/sgym-hab/lib/python3.9/site-packages/networkx/utils/backends.py:135: RuntimeWarning: networkx backend defined more than once: nx-loopback
  backends.update(_get_backends("networkx.backends"))
/home/kxu/miniforge3/envs/sgym-hab/lib/python3.9/site-packages/networkx/utils/backends.py:135: RuntimeWarning: networkx backend defined more than once: nx-loopback
  backends.update(_get_backends("networkx.backends"))
/home/kxu/miniforge3/envs/sgym-hab/lib/python3.9/site-packages/networkx/utils/backends.py:135: RuntimeWarning: networkx backend defined more than once: nx-loopback
  backends.update(_get_backends("networkx.backends"))
/home/kxu/miniforge3/envs/sgym-hab/lib/python3.9/site-packages/networkx/utils/backends.py:135: RuntimeWarning: networkx backend defined more than once: nx-loopback
  backends.update(_get_backends("networkx.backends"))
/home/kxu/miniforge3/envs/sgym-hab/lib/python3.9/site-packages/networkx/utils/backends.py:135: RuntimeWarning: networkx backend defined more than once: nx-loopback
  backends.update(_get_backends("networkx.backends"))
/home/kxu/miniforge3/envs/sgym-hab/lib/python3.9/site-packages/networkx/utils/backends.py:135: RuntimeWarning: networkx backend defined more than once: nx-loopback
  backends.update(_get_backends("networkx.backends"))
INFO:__mp_main__:Worker 10: Finished collecting 256 steps.
INFO:__mp_main__:Worker 4: Finished collecting 256 steps.
INFO:__mp_main__:Worker 12: Finished collecting 256 steps.
INFO:__mp_main__:Worker 1: Finished collecting 256 steps.
INFO:__mp_main__:Worker 15: Finished collecting 256 steps.
INFO:__mp_main__:Worker 11: Finished collecting 256 steps.
INFO:__mp_main__:Worker 2: Finished collecting 256 steps.
INFO:__mp_main__:Worker 6: Finished collecting 256 steps.
INFO:__mp_main__:Worker 8: Finished collecting 256 steps.
INFO:__mp_main__:Worker 14: Finished collecting 256 steps.
INFO:__mp_main__:Worker 9: Finished collecting 256 steps.
INFO:__mp_main__:Worker 3: Finished collecting 256 steps.
INFO:__mp_main__:Worker 0: Finished collecting 256 steps.
INFO:__mp_main__:Worker 7: Finished collecting 256 steps.
INFO:__mp_main__:Worker 13: Finished collecting 256 steps.
INFO:__mp_main__:Worker 5: Finished collecting 256 steps.
INFO:__main__:Update: 62/146, Timesteps: 253952/600000, FPS: 66, Episodes: 9920, Avg Reward (Last 100): 15.76, Avg Length (Last 100): 48.84
/home/kxu/miniforge3/envs/sgym-hab/lib/python3.9/site-packages/networkx/utils/backends.py:135: RuntimeWarning: networkx backend defined more than once: nx-loopback
  backends.update(_get_backends("networkx.backends"))
/home/kxu/miniforge3/envs/sgym-hab/lib/python3.9/site-packages/networkx/utils/backends.py:135: RuntimeWarning: networkx backend defined more than once: nx-loopback
  backends.update(_get_backends("networkx.backends"))
/home/kxu/miniforge3/envs/sgym-hab/lib/python3.9/site-packages/networkx/utils/backends.py:135: RuntimeWarning: networkx backend defined more than once: nx-loopback
  backends.update(_get_backends("networkx.backends"))
/home/kxu/miniforge3/envs/sgym-hab/lib/python3.9/site-packages/networkx/utils/backends.py:135: RuntimeWarning: networkx backend defined more than once: nx-loopback
  backends.update(_get_backends("networkx.backends"))
/home/kxu/miniforge3/envs/sgym-hab/lib/python3.9/site-packages/networkx/utils/backends.py:135: RuntimeWarning: networkx backend defined more than once: nx-loopback
  backends.update(_get_backends("networkx.backends"))
/home/kxu/miniforge3/envs/sgym-hab/lib/python3.9/site-packages/networkx/utils/backends.py:135: RuntimeWarning: networkx backend defined more than once: nx-loopback
  backends.update(_get_backends("networkx.backends"))
/home/kxu/miniforge3/envs/sgym-hab/lib/python3.9/site-packages/networkx/utils/backends.py:135: RuntimeWarning: networkx backend defined more than once: nx-loopback
  backends.update(_get_backends("networkx.backends"))
/home/kxu/miniforge3/envs/sgym-hab/lib/python3.9/site-packages/networkx/utils/backends.py:135: RuntimeWarning: networkx backend defined more than once: nx-loopback
  backends.update(_get_backends("networkx.backends"))
/home/kxu/miniforge3/envs/sgym-hab/lib/python3.9/site-packages/networkx/utils/backends.py:135: RuntimeWarning: networkx backend defined more than once: nx-loopback
  backends.update(_get_backends("networkx.backends"))
/home/kxu/miniforge3/envs/sgym-hab/lib/python3.9/site-packages/networkx/utils/backends.py:135: RuntimeWarning: networkx backend defined more than once: nx-loopback
  backends.update(_get_backends("networkx.backends"))
/home/kxu/miniforge3/envs/sgym-hab/lib/python3.9/site-packages/networkx/utils/backends.py:135: RuntimeWarning: networkx backend defined more than once: nx-loopback
  backends.update(_get_backends("networkx.backends"))
/home/kxu/miniforge3/envs/sgym-hab/lib/python3.9/site-packages/networkx/utils/backends.py:135: RuntimeWarning: networkx backend defined more than once: nx-loopback
  backends.update(_get_backends("networkx.backends"))
/home/kxu/miniforge3/envs/sgym-hab/lib/python3.9/site-packages/networkx/utils/backends.py:135: RuntimeWarning: networkx backend defined more than once: nx-loopback
  backends.update(_get_backends("networkx.backends"))
/home/kxu/miniforge3/envs/sgym-hab/lib/python3.9/site-packages/networkx/utils/backends.py:135: RuntimeWarning: networkx backend defined more than once: nx-loopback
  backends.update(_get_backends("networkx.backends"))
/home/kxu/miniforge3/envs/sgym-hab/lib/python3.9/site-packages/networkx/utils/backends.py:135: RuntimeWarning: networkx backend defined more than once: nx-loopback
  backends.update(_get_backends("networkx.backends"))
/home/kxu/miniforge3/envs/sgym-hab/lib/python3.9/site-packages/networkx/utils/backends.py:135: RuntimeWarning: networkx backend defined more than once: nx-loopback
  backends.update(_get_backends("networkx.backends"))
INFO:__mp_main__:Worker 3: Finished collecting 256 steps.
INFO:__mp_main__:Worker 11: Finished collecting 256 steps.
INFO:__mp_main__:Worker 13: Finished collecting 256 steps.
INFO:__mp_main__:Worker 4: Finished collecting 256 steps.
INFO:__mp_main__:Worker 1: Finished collecting 256 steps.
INFO:__mp_main__:Worker 5: Finished collecting 256 steps.
INFO:__mp_main__:Worker 2: Finished collecting 256 steps.
INFO:__mp_main__:Worker 14: Finished collecting 256 steps.
INFO:__mp_main__:Worker 9: Finished collecting 256 steps.
INFO:__mp_main__:Worker 15: Finished collecting 256 steps.
INFO:__mp_main__:Worker 6: Finished collecting 256 steps.
INFO:__mp_main__:Worker 7: Finished collecting 256 steps.
INFO:__mp_main__:Worker 0: Finished collecting 256 steps.
INFO:__mp_main__:Worker 12: Finished collecting 256 steps.
INFO:__mp_main__:Worker 8: Finished collecting 256 steps.
INFO:__mp_main__:Worker 10: Finished collecting 256 steps.
INFO:__main__:Update: 63/146, Timesteps: 258048/600000, FPS: 65, Episodes: 10080, Avg Reward (Last 100): 14.72, Avg Length (Last 100): 49.00
/home/kxu/miniforge3/envs/sgym-hab/lib/python3.9/site-packages/networkx/utils/backends.py:135: RuntimeWarning: networkx backend defined more than once: nx-loopback
  backends.update(_get_backends("networkx.backends"))
/home/kxu/miniforge3/envs/sgym-hab/lib/python3.9/site-packages/networkx/utils/backends.py:135: RuntimeWarning: networkx backend defined more than once: nx-loopback
  backends.update(_get_backends("networkx.backends"))
/home/kxu/miniforge3/envs/sgym-hab/lib/python3.9/site-packages/networkx/utils/backends.py:135: RuntimeWarning: networkx backend defined more than once: nx-loopback
  backends.update(_get_backends("networkx.backends"))
/home/kxu/miniforge3/envs/sgym-hab/lib/python3.9/site-packages/networkx/utils/backends.py:135: RuntimeWarning: networkx backend defined more than once: nx-loopback
  backends.update(_get_backends("networkx.backends"))
/home/kxu/miniforge3/envs/sgym-hab/lib/python3.9/site-packages/networkx/utils/backends.py:135: RuntimeWarning: networkx backend defined more than once: nx-loopback
  backends.update(_get_backends("networkx.backends"))
/home/kxu/miniforge3/envs/sgym-hab/lib/python3.9/site-packages/networkx/utils/backends.py:135: RuntimeWarning: networkx backend defined more than once: nx-loopback
  backends.update(_get_backends("networkx.backends"))
/home/kxu/miniforge3/envs/sgym-hab/lib/python3.9/site-packages/networkx/utils/backends.py:135: RuntimeWarning: networkx backend defined more than once: nx-loopback
  backends.update(_get_backends("networkx.backends"))
/home/kxu/miniforge3/envs/sgym-hab/lib/python3.9/site-packages/networkx/utils/backends.py:135: RuntimeWarning: networkx backend defined more than once: nx-loopback
  backends.update(_get_backends("networkx.backends"))
/home/kxu/miniforge3/envs/sgym-hab/lib/python3.9/site-packages/networkx/utils/backends.py:135: RuntimeWarning: networkx backend defined more than once: nx-loopback
  backends.update(_get_backends("networkx.backends"))
/home/kxu/miniforge3/envs/sgym-hab/lib/python3.9/site-packages/networkx/utils/backends.py:135: RuntimeWarning: networkx backend defined more than once: nx-loopback
  backends.update(_get_backends("networkx.backends"))
/home/kxu/miniforge3/envs/sgym-hab/lib/python3.9/site-packages/networkx/utils/backends.py:135: RuntimeWarning: networkx backend defined more than once: nx-loopback
  backends.update(_get_backends("networkx.backends"))
/home/kxu/miniforge3/envs/sgym-hab/lib/python3.9/site-packages/networkx/utils/backends.py:135: RuntimeWarning: networkx backend defined more than once: nx-loopback
  backends.update(_get_backends("networkx.backends"))
/home/kxu/miniforge3/envs/sgym-hab/lib/python3.9/site-packages/networkx/utils/backends.py:135: RuntimeWarning: networkx backend defined more than once: nx-loopback
  backends.update(_get_backends("networkx.backends"))
/home/kxu/miniforge3/envs/sgym-hab/lib/python3.9/site-packages/networkx/utils/backends.py:135: RuntimeWarning: networkx backend defined more than once: nx-loopback
  backends.update(_get_backends("networkx.backends"))
/home/kxu/miniforge3/envs/sgym-hab/lib/python3.9/site-packages/networkx/utils/backends.py:135: RuntimeWarning: networkx backend defined more than once: nx-loopback
  backends.update(_get_backends("networkx.backends"))
/home/kxu/miniforge3/envs/sgym-hab/lib/python3.9/site-packages/networkx/utils/backends.py:135: RuntimeWarning: networkx backend defined more than once: nx-loopback
  backends.update(_get_backends("networkx.backends"))
INFO:__mp_main__:Worker 4: Finished collecting 256 steps.
INFO:__mp_main__:Worker 8: Finished collecting 256 steps.
INFO:__mp_main__:Worker 11: Finished collecting 256 steps.
INFO:__mp_main__:Worker 2: Finished collecting 256 steps.
INFO:__mp_main__:Worker 6: Finished collecting 256 steps.
INFO:__mp_main__:Worker 1: Finished collecting 256 steps.
INFO:__mp_main__:Worker 13: Finished collecting 256 steps.
INFO:__mp_main__:Worker 10: Finished collecting 256 steps.
INFO:__mp_main__:Worker 14: Finished collecting 256 steps.
INFO:__mp_main__:Worker 0: Finished collecting 256 steps.
INFO:__mp_main__:Worker 3: Finished collecting 256 steps.
INFO:__mp_main__:Worker 7: Finished collecting 256 steps.
INFO:__mp_main__:Worker 5: Finished collecting 256 steps.
INFO:__mp_main__:Worker 9: Finished collecting 256 steps.
INFO:__mp_main__:Worker 15: Finished collecting 256 steps.
INFO:__mp_main__:Worker 12: Finished collecting 256 steps.
INFO:__main__:Update: 64/146, Timesteps: 262144/600000, FPS: 66, Episodes: 10240, Avg Reward (Last 100): 14.19, Avg Length (Last 100): 48.68
/home/kxu/miniforge3/envs/sgym-hab/lib/python3.9/site-packages/networkx/utils/backends.py:135: RuntimeWarning: networkx backend defined more than once: nx-loopback
  backends.update(_get_backends("networkx.backends"))
/home/kxu/miniforge3/envs/sgym-hab/lib/python3.9/site-packages/networkx/utils/backends.py:135: RuntimeWarning: networkx backend defined more than once: nx-loopback
  backends.update(_get_backends("networkx.backends"))
/home/kxu/miniforge3/envs/sgym-hab/lib/python3.9/site-packages/networkx/utils/backends.py:135: RuntimeWarning: networkx backend defined more than once: nx-loopback
  backends.update(_get_backends("networkx.backends"))
/home/kxu/miniforge3/envs/sgym-hab/lib/python3.9/site-packages/networkx/utils/backends.py:135: RuntimeWarning: networkx backend defined more than once: nx-loopback
  backends.update(_get_backends("networkx.backends"))
/home/kxu/miniforge3/envs/sgym-hab/lib/python3.9/site-packages/networkx/utils/backends.py:135: RuntimeWarning: networkx backend defined more than once: nx-loopback
  backends.update(_get_backends("networkx.backends"))
/home/kxu/miniforge3/envs/sgym-hab/lib/python3.9/site-packages/networkx/utils/backends.py:135: RuntimeWarning: networkx backend defined more than once: nx-loopback
  backends.update(_get_backends("networkx.backends"))
/home/kxu/miniforge3/envs/sgym-hab/lib/python3.9/site-packages/networkx/utils/backends.py:135: RuntimeWarning: networkx backend defined more than once: nx-loopback
  backends.update(_get_backends("networkx.backends"))
/home/kxu/miniforge3/envs/sgym-hab/lib/python3.9/site-packages/networkx/utils/backends.py:135: RuntimeWarning: networkx backend defined more than once: nx-loopback
  backends.update(_get_backends("networkx.backends"))
/home/kxu/miniforge3/envs/sgym-hab/lib/python3.9/site-packages/networkx/utils/backends.py:135: RuntimeWarning: networkx backend defined more than once: nx-loopback
  backends.update(_get_backends("networkx.backends"))
/home/kxu/miniforge3/envs/sgym-hab/lib/python3.9/site-packages/networkx/utils/backends.py:135: RuntimeWarning: networkx backend defined more than once: nx-loopback
  backends.update(_get_backends("networkx.backends"))
/home/kxu/miniforge3/envs/sgym-hab/lib/python3.9/site-packages/networkx/utils/backends.py:135: RuntimeWarning: networkx backend defined more than once: nx-loopback
  backends.update(_get_backends("networkx.backends"))
/home/kxu/miniforge3/envs/sgym-hab/lib/python3.9/site-packages/networkx/utils/backends.py:135: RuntimeWarning: networkx backend defined more than once: nx-loopback
  backends.update(_get_backends("networkx.backends"))
/home/kxu/miniforge3/envs/sgym-hab/lib/python3.9/site-packages/networkx/utils/backends.py:135: RuntimeWarning: networkx backend defined more than once: nx-loopback
  backends.update(_get_backends("networkx.backends"))
/home/kxu/miniforge3/envs/sgym-hab/lib/python3.9/site-packages/networkx/utils/backends.py:135: RuntimeWarning: networkx backend defined more than once: nx-loopback
  backends.update(_get_backends("networkx.backends"))
/home/kxu/miniforge3/envs/sgym-hab/lib/python3.9/site-packages/networkx/utils/backends.py:135: RuntimeWarning: networkx backend defined more than once: nx-loopback
  backends.update(_get_backends("networkx.backends"))
/home/kxu/miniforge3/envs/sgym-hab/lib/python3.9/site-packages/networkx/utils/backends.py:135: RuntimeWarning: networkx backend defined more than once: nx-loopback
  backends.update(_get_backends("networkx.backends"))
INFO:__mp_main__:Worker 4: Finished collecting 256 steps.
INFO:__mp_main__:Worker 9: Finished collecting 256 steps.
INFO:__mp_main__:Worker 6: Finished collecting 256 steps.
INFO:__mp_main__:Worker 14: Finished collecting 256 steps.
INFO:__mp_main__:Worker 13: Finished collecting 256 steps.
INFO:__mp_main__:Worker 0: Finished collecting 256 steps.
INFO:__mp_main__:Worker 5: Finished collecting 256 steps.
INFO:__mp_main__:Worker 15: Finished collecting 256 steps.
INFO:__mp_main__:Worker 3: Finished collecting 256 steps.
INFO:__mp_main__:Worker 11: Finished collecting 256 steps.
INFO:__mp_main__:Worker 1: Finished collecting 256 steps.
INFO:__mp_main__:Worker 2: Finished collecting 256 steps.
INFO:__mp_main__:Worker 10: Finished collecting 256 steps.
INFO:__mp_main__:Worker 7: Finished collecting 256 steps.
INFO:__mp_main__:Worker 12: Finished collecting 256 steps.
INFO:__mp_main__:Worker 8: Finished collecting 256 steps.
INFO:__main__:Update: 65/146, Timesteps: 266240/600000, FPS: 65, Episodes: 10400, Avg Reward (Last 100): 16.36, Avg Length (Last 100): 49.00
/home/kxu/miniforge3/envs/sgym-hab/lib/python3.9/site-packages/networkx/utils/backends.py:135: RuntimeWarning: networkx backend defined more than once: nx-loopback
  backends.update(_get_backends("networkx.backends"))
/home/kxu/miniforge3/envs/sgym-hab/lib/python3.9/site-packages/networkx/utils/backends.py:135: RuntimeWarning: networkx backend defined more than once: nx-loopback
  backends.update(_get_backends("networkx.backends"))
/home/kxu/miniforge3/envs/sgym-hab/lib/python3.9/site-packages/networkx/utils/backends.py:135: RuntimeWarning: networkx backend defined more than once: nx-loopback
  backends.update(_get_backends("networkx.backends"))
/home/kxu/miniforge3/envs/sgym-hab/lib/python3.9/site-packages/networkx/utils/backends.py:135: RuntimeWarning: networkx backend defined more than once: nx-loopback
  backends.update(_get_backends("networkx.backends"))
/home/kxu/miniforge3/envs/sgym-hab/lib/python3.9/site-packages/networkx/utils/backends.py:135: RuntimeWarning: networkx backend defined more than once: nx-loopback
  backends.update(_get_backends("networkx.backends"))
/home/kxu/miniforge3/envs/sgym-hab/lib/python3.9/site-packages/networkx/utils/backends.py:135: RuntimeWarning: networkx backend defined more than once: nx-loopback
  backends.update(_get_backends("networkx.backends"))
/home/kxu/miniforge3/envs/sgym-hab/lib/python3.9/site-packages/networkx/utils/backends.py:135: RuntimeWarning: networkx backend defined more than once: nx-loopback
  backends.update(_get_backends("networkx.backends"))
/home/kxu/miniforge3/envs/sgym-hab/lib/python3.9/site-packages/networkx/utils/backends.py:135: RuntimeWarning: networkx backend defined more than once: nx-loopback
  backends.update(_get_backends("networkx.backends"))
/home/kxu/miniforge3/envs/sgym-hab/lib/python3.9/site-packages/networkx/utils/backends.py:135: RuntimeWarning: networkx backend defined more than once: nx-loopback
  backends.update(_get_backends("networkx.backends"))
/home/kxu/miniforge3/envs/sgym-hab/lib/python3.9/site-packages/networkx/utils/backends.py:135: RuntimeWarning: networkx backend defined more than once: nx-loopback
  backends.update(_get_backends("networkx.backends"))
/home/kxu/miniforge3/envs/sgym-hab/lib/python3.9/site-packages/networkx/utils/backends.py:135: RuntimeWarning: networkx backend defined more than once: nx-loopback
  backends.update(_get_backends("networkx.backends"))
/home/kxu/miniforge3/envs/sgym-hab/lib/python3.9/site-packages/networkx/utils/backends.py:135: RuntimeWarning: networkx backend defined more than once: nx-loopback
  backends.update(_get_backends("networkx.backends"))
/home/kxu/miniforge3/envs/sgym-hab/lib/python3.9/site-packages/networkx/utils/backends.py:135: RuntimeWarning: networkx backend defined more than once: nx-loopback
  backends.update(_get_backends("networkx.backends"))
/home/kxu/miniforge3/envs/sgym-hab/lib/python3.9/site-packages/networkx/utils/backends.py:135: RuntimeWarning: networkx backend defined more than once: nx-loopback
  backends.update(_get_backends("networkx.backends"))
/home/kxu/miniforge3/envs/sgym-hab/lib/python3.9/site-packages/networkx/utils/backends.py:135: RuntimeWarning: networkx backend defined more than once: nx-loopback
  backends.update(_get_backends("networkx.backends"))
/home/kxu/miniforge3/envs/sgym-hab/lib/python3.9/site-packages/networkx/utils/backends.py:135: RuntimeWarning: networkx backend defined more than once: nx-loopback
  backends.update(_get_backends("networkx.backends"))
INFO:__mp_main__:Worker 6: Finished collecting 256 steps.
INFO:__mp_main__:Worker 10: Finished collecting 256 steps.
INFO:__mp_main__:Worker 12: Finished collecting 256 steps.
INFO:__mp_main__:Worker 1: Finished collecting 256 steps.
INFO:__mp_main__:Worker 0: Finished collecting 256 steps.
INFO:__mp_main__:Worker 5: Finished collecting 256 steps.
INFO:__mp_main__:Worker 11: Finished collecting 256 steps.
INFO:__mp_main__:Worker 15: Finished collecting 256 steps.
INFO:__mp_main__:Worker 14: Finished collecting 256 steps.
INFO:__mp_main__:Worker 3: Finished collecting 256 steps.
INFO:__mp_main__:Worker 2: Finished collecting 256 steps.
INFO:__mp_main__:Worker 9: Finished collecting 256 steps.
INFO:__mp_main__:Worker 7: Finished collecting 256 steps.
INFO:__mp_main__:Worker 4: Finished collecting 256 steps.
INFO:__mp_main__:Worker 13: Finished collecting 256 steps.
INFO:__mp_main__:Worker 8: Finished collecting 256 steps.
INFO:__main__:Update: 66/146, Timesteps: 270336/600000, FPS: 65, Episodes: 10560, Avg Reward (Last 100): 16.96, Avg Length (Last 100): 49.00
/home/kxu/miniforge3/envs/sgym-hab/lib/python3.9/site-packages/networkx/utils/backends.py:135: RuntimeWarning: networkx backend defined more than once: nx-loopback
  backends.update(_get_backends("networkx.backends"))
/home/kxu/miniforge3/envs/sgym-hab/lib/python3.9/site-packages/networkx/utils/backends.py:135: RuntimeWarning: networkx backend defined more than once: nx-loopback
  backends.update(_get_backends("networkx.backends"))
/home/kxu/miniforge3/envs/sgym-hab/lib/python3.9/site-packages/networkx/utils/backends.py:135: RuntimeWarning: networkx backend defined more than once: nx-loopback
  backends.update(_get_backends("networkx.backends"))
/home/kxu/miniforge3/envs/sgym-hab/lib/python3.9/site-packages/networkx/utils/backends.py:135: RuntimeWarning: networkx backend defined more than once: nx-loopback
  backends.update(_get_backends("networkx.backends"))
/home/kxu/miniforge3/envs/sgym-hab/lib/python3.9/site-packages/networkx/utils/backends.py:135: RuntimeWarning: networkx backend defined more than once: nx-loopback
  backends.update(_get_backends("networkx.backends"))
/home/kxu/miniforge3/envs/sgym-hab/lib/python3.9/site-packages/networkx/utils/backends.py:135: RuntimeWarning: networkx backend defined more than once: nx-loopback
  backends.update(_get_backends("networkx.backends"))
/home/kxu/miniforge3/envs/sgym-hab/lib/python3.9/site-packages/networkx/utils/backends.py:135: RuntimeWarning: networkx backend defined more than once: nx-loopback
  backends.update(_get_backends("networkx.backends"))
/home/kxu/miniforge3/envs/sgym-hab/lib/python3.9/site-packages/networkx/utils/backends.py:135: RuntimeWarning: networkx backend defined more than once: nx-loopback
  backends.update(_get_backends("networkx.backends"))
/home/kxu/miniforge3/envs/sgym-hab/lib/python3.9/site-packages/networkx/utils/backends.py:135: RuntimeWarning: networkx backend defined more than once: nx-loopback
  backends.update(_get_backends("networkx.backends"))
/home/kxu/miniforge3/envs/sgym-hab/lib/python3.9/site-packages/networkx/utils/backends.py:135: RuntimeWarning: networkx backend defined more than once: nx-loopback
  backends.update(_get_backends("networkx.backends"))
/home/kxu/miniforge3/envs/sgym-hab/lib/python3.9/site-packages/networkx/utils/backends.py:135: RuntimeWarning: networkx backend defined more than once: nx-loopback
  backends.update(_get_backends("networkx.backends"))
/home/kxu/miniforge3/envs/sgym-hab/lib/python3.9/site-packages/networkx/utils/backends.py:135: RuntimeWarning: networkx backend defined more than once: nx-loopback
  backends.update(_get_backends("networkx.backends"))
/home/kxu/miniforge3/envs/sgym-hab/lib/python3.9/site-packages/networkx/utils/backends.py:135: RuntimeWarning: networkx backend defined more than once: nx-loopback
  backends.update(_get_backends("networkx.backends"))
/home/kxu/miniforge3/envs/sgym-hab/lib/python3.9/site-packages/networkx/utils/backends.py:135: RuntimeWarning: networkx backend defined more than once: nx-loopback
  backends.update(_get_backends("networkx.backends"))
/home/kxu/miniforge3/envs/sgym-hab/lib/python3.9/site-packages/networkx/utils/backends.py:135: RuntimeWarning: networkx backend defined more than once: nx-loopback
  backends.update(_get_backends("networkx.backends"))
/home/kxu/miniforge3/envs/sgym-hab/lib/python3.9/site-packages/networkx/utils/backends.py:135: RuntimeWarning: networkx backend defined more than once: nx-loopback
  backends.update(_get_backends("networkx.backends"))
INFO:__mp_main__:Worker 7: Finished collecting 256 steps.
INFO:__mp_main__:Worker 11: Finished collecting 256 steps.
INFO:__mp_main__:Worker 6: Finished collecting 256 steps.
INFO:__mp_main__:Worker 2: Finished collecting 256 steps.
INFO:__mp_main__:Worker 12: Finished collecting 256 steps.
INFO:__mp_main__:Worker 9: Finished collecting 256 steps.
INFO:__mp_main__:Worker 14: Finished collecting 256 steps.
INFO:__mp_main__:Worker 8: Finished collecting 256 steps.
INFO:__mp_main__:Worker 0: Finished collecting 256 steps.
INFO:__mp_main__:Worker 1: Finished collecting 256 steps.
INFO:__mp_main__:Worker 5: Finished collecting 256 steps.
INFO:__mp_main__:Worker 3: Finished collecting 256 steps.
INFO:__mp_main__:Worker 4: Finished collecting 256 steps.
INFO:__mp_main__:Worker 13: Finished collecting 256 steps.
INFO:__mp_main__:Worker 10: Finished collecting 256 steps.
INFO:__mp_main__:Worker 15: Finished collecting 256 steps.
INFO:__main__:Update: 67/146, Timesteps: 274432/600000, FPS: 65, Episodes: 10720, Avg Reward (Last 100): 17.11, Avg Length (Last 100): 48.68
/home/kxu/miniforge3/envs/sgym-hab/lib/python3.9/site-packages/networkx/utils/backends.py:135: RuntimeWarning: networkx backend defined more than once: nx-loopback
  backends.update(_get_backends("networkx.backends"))
/home/kxu/miniforge3/envs/sgym-hab/lib/python3.9/site-packages/networkx/utils/backends.py:135: RuntimeWarning: networkx backend defined more than once: nx-loopback
  backends.update(_get_backends("networkx.backends"))
/home/kxu/miniforge3/envs/sgym-hab/lib/python3.9/site-packages/networkx/utils/backends.py:135: RuntimeWarning: networkx backend defined more than once: nx-loopback
  backends.update(_get_backends("networkx.backends"))
/home/kxu/miniforge3/envs/sgym-hab/lib/python3.9/site-packages/networkx/utils/backends.py:135: RuntimeWarning: networkx backend defined more than once: nx-loopback
  backends.update(_get_backends("networkx.backends"))
/home/kxu/miniforge3/envs/sgym-hab/lib/python3.9/site-packages/networkx/utils/backends.py:135: RuntimeWarning: networkx backend defined more than once: nx-loopback
  backends.update(_get_backends("networkx.backends"))
/home/kxu/miniforge3/envs/sgym-hab/lib/python3.9/site-packages/networkx/utils/backends.py:135: RuntimeWarning: networkx backend defined more than once: nx-loopback
  backends.update(_get_backends("networkx.backends"))
/home/kxu/miniforge3/envs/sgym-hab/lib/python3.9/site-packages/networkx/utils/backends.py:135: RuntimeWarning: networkx backend defined more than once: nx-loopback
  backends.update(_get_backends("networkx.backends"))
/home/kxu/miniforge3/envs/sgym-hab/lib/python3.9/site-packages/networkx/utils/backends.py:135: RuntimeWarning: networkx backend defined more than once: nx-loopback
  backends.update(_get_backends("networkx.backends"))
/home/kxu/miniforge3/envs/sgym-hab/lib/python3.9/site-packages/networkx/utils/backends.py:135: RuntimeWarning: networkx backend defined more than once: nx-loopback
  backends.update(_get_backends("networkx.backends"))
/home/kxu/miniforge3/envs/sgym-hab/lib/python3.9/site-packages/networkx/utils/backends.py:135: RuntimeWarning: networkx backend defined more than once: nx-loopback
  backends.update(_get_backends("networkx.backends"))
/home/kxu/miniforge3/envs/sgym-hab/lib/python3.9/site-packages/networkx/utils/backends.py:135: RuntimeWarning: networkx backend defined more than once: nx-loopback
  backends.update(_get_backends("networkx.backends"))
/home/kxu/miniforge3/envs/sgym-hab/lib/python3.9/site-packages/networkx/utils/backends.py:135: RuntimeWarning: networkx backend defined more than once: nx-loopback
  backends.update(_get_backends("networkx.backends"))
/home/kxu/miniforge3/envs/sgym-hab/lib/python3.9/site-packages/networkx/utils/backends.py:135: RuntimeWarning: networkx backend defined more than once: nx-loopback
  backends.update(_get_backends("networkx.backends"))
/home/kxu/miniforge3/envs/sgym-hab/lib/python3.9/site-packages/networkx/utils/backends.py:135: RuntimeWarning: networkx backend defined more than once: nx-loopback
  backends.update(_get_backends("networkx.backends"))
/home/kxu/miniforge3/envs/sgym-hab/lib/python3.9/site-packages/networkx/utils/backends.py:135: RuntimeWarning: networkx backend defined more than once: nx-loopback
  backends.update(_get_backends("networkx.backends"))
/home/kxu/miniforge3/envs/sgym-hab/lib/python3.9/site-packages/networkx/utils/backends.py:135: RuntimeWarning: networkx backend defined more than once: nx-loopback
  backends.update(_get_backends("networkx.backends"))
INFO:__mp_main__:Worker 3: Finished collecting 256 steps.
INFO:__mp_main__:Worker 10: Finished collecting 256 steps.
INFO:__mp_main__:Worker 11: Finished collecting 256 steps.
INFO:__mp_main__:Worker 6: Finished collecting 256 steps.
INFO:__mp_main__:Worker 0: Finished collecting 256 steps.
INFO:__mp_main__:Worker 15: Finished collecting 256 steps.
INFO:__mp_main__:Worker 8: Finished collecting 256 steps.
INFO:__mp_main__:Worker 4: Finished collecting 256 steps.
INFO:__mp_main__:Worker 5: Finished collecting 256 steps.
INFO:__mp_main__:Worker 2: Finished collecting 256 steps.
INFO:__mp_main__:Worker 1: Finished collecting 256 steps.
INFO:__mp_main__:Worker 9: Finished collecting 256 steps.
INFO:__mp_main__:Worker 7: Finished collecting 256 steps.
INFO:__mp_main__:Worker 13: Finished collecting 256 steps.
INFO:__mp_main__:Worker 12: Finished collecting 256 steps.
INFO:__mp_main__:Worker 14: Finished collecting 256 steps.
INFO:__main__:Update: 68/146, Timesteps: 278528/600000, FPS: 65, Episodes: 10880, Avg Reward (Last 100): 18.17, Avg Length (Last 100): 48.94
/home/kxu/miniforge3/envs/sgym-hab/lib/python3.9/site-packages/networkx/utils/backends.py:135: RuntimeWarning: networkx backend defined more than once: nx-loopback
  backends.update(_get_backends("networkx.backends"))
/home/kxu/miniforge3/envs/sgym-hab/lib/python3.9/site-packages/networkx/utils/backends.py:135: RuntimeWarning: networkx backend defined more than once: nx-loopback
  backends.update(_get_backends("networkx.backends"))
/home/kxu/miniforge3/envs/sgym-hab/lib/python3.9/site-packages/networkx/utils/backends.py:135: RuntimeWarning: networkx backend defined more than once: nx-loopback
  backends.update(_get_backends("networkx.backends"))
/home/kxu/miniforge3/envs/sgym-hab/lib/python3.9/site-packages/networkx/utils/backends.py:135: RuntimeWarning: networkx backend defined more than once: nx-loopback
  backends.update(_get_backends("networkx.backends"))
/home/kxu/miniforge3/envs/sgym-hab/lib/python3.9/site-packages/networkx/utils/backends.py:135: RuntimeWarning: networkx backend defined more than once: nx-loopback
  backends.update(_get_backends("networkx.backends"))
/home/kxu/miniforge3/envs/sgym-hab/lib/python3.9/site-packages/networkx/utils/backends.py:135: RuntimeWarning: networkx backend defined more than once: nx-loopback
  backends.update(_get_backends("networkx.backends"))
/home/kxu/miniforge3/envs/sgym-hab/lib/python3.9/site-packages/networkx/utils/backends.py:135: RuntimeWarning: networkx backend defined more than once: nx-loopback
  backends.update(_get_backends("networkx.backends"))
/home/kxu/miniforge3/envs/sgym-hab/lib/python3.9/site-packages/networkx/utils/backends.py:135: RuntimeWarning: networkx backend defined more than once: nx-loopback
  backends.update(_get_backends("networkx.backends"))
/home/kxu/miniforge3/envs/sgym-hab/lib/python3.9/site-packages/networkx/utils/backends.py:135: RuntimeWarning: networkx backend defined more than once: nx-loopback
  backends.update(_get_backends("networkx.backends"))
/home/kxu/miniforge3/envs/sgym-hab/lib/python3.9/site-packages/networkx/utils/backends.py:135: RuntimeWarning: networkx backend defined more than once: nx-loopback
  backends.update(_get_backends("networkx.backends"))
/home/kxu/miniforge3/envs/sgym-hab/lib/python3.9/site-packages/networkx/utils/backends.py:135: RuntimeWarning: networkx backend defined more than once: nx-loopback
  backends.update(_get_backends("networkx.backends"))
/home/kxu/miniforge3/envs/sgym-hab/lib/python3.9/site-packages/networkx/utils/backends.py:135: RuntimeWarning: networkx backend defined more than once: nx-loopback
  backends.update(_get_backends("networkx.backends"))
/home/kxu/miniforge3/envs/sgym-hab/lib/python3.9/site-packages/networkx/utils/backends.py:135: RuntimeWarning: networkx backend defined more than once: nx-loopback
  backends.update(_get_backends("networkx.backends"))
/home/kxu/miniforge3/envs/sgym-hab/lib/python3.9/site-packages/networkx/utils/backends.py:135: RuntimeWarning: networkx backend defined more than once: nx-loopback
  backends.update(_get_backends("networkx.backends"))
/home/kxu/miniforge3/envs/sgym-hab/lib/python3.9/site-packages/networkx/utils/backends.py:135: RuntimeWarning: networkx backend defined more than once: nx-loopback
  backends.update(_get_backends("networkx.backends"))
/home/kxu/miniforge3/envs/sgym-hab/lib/python3.9/site-packages/networkx/utils/backends.py:135: RuntimeWarning: networkx backend defined more than once: nx-loopback
  backends.update(_get_backends("networkx.backends"))
INFO:__mp_main__:Worker 1: Finished collecting 256 steps.
INFO:__mp_main__:Worker 9: Finished collecting 256 steps.
INFO:__mp_main__:Worker 15: Finished collecting 256 steps.
INFO:__mp_main__:Worker 7: Finished collecting 256 steps.
INFO:__mp_main__:Worker 8: Finished collecting 256 steps.
INFO:__mp_main__:Worker 12: Finished collecting 256 steps.
INFO:__mp_main__:Worker 3: Finished collecting 256 steps.
INFO:__mp_main__:Worker 13: Finished collecting 256 steps.
INFO:__mp_main__:Worker 0: Finished collecting 256 steps.
INFO:__mp_main__:Worker 4: Finished collecting 256 steps.
INFO:__mp_main__:Worker 2: Finished collecting 256 steps.
INFO:__mp_main__:Worker 6: Finished collecting 256 steps.
INFO:__mp_main__:Worker 5: Finished collecting 256 steps.
INFO:__mp_main__:Worker 10: Finished collecting 256 steps.
INFO:__mp_main__:Worker 14: Finished collecting 256 steps.
INFO:__mp_main__:Worker 11: Finished collecting 256 steps.
INFO:__main__:Update: 69/146, Timesteps: 282624/600000, FPS: 65, Episodes: 11040, Avg Reward (Last 100): 16.53, Avg Length (Last 100): 48.72
/home/kxu/miniforge3/envs/sgym-hab/lib/python3.9/site-packages/networkx/utils/backends.py:135: RuntimeWarning: networkx backend defined more than once: nx-loopback
  backends.update(_get_backends("networkx.backends"))
/home/kxu/miniforge3/envs/sgym-hab/lib/python3.9/site-packages/networkx/utils/backends.py:135: RuntimeWarning: networkx backend defined more than once: nx-loopback
  backends.update(_get_backends("networkx.backends"))
/home/kxu/miniforge3/envs/sgym-hab/lib/python3.9/site-packages/networkx/utils/backends.py:135: RuntimeWarning: networkx backend defined more than once: nx-loopback
  backends.update(_get_backends("networkx.backends"))
/home/kxu/miniforge3/envs/sgym-hab/lib/python3.9/site-packages/networkx/utils/backends.py:135: RuntimeWarning: networkx backend defined more than once: nx-loopback
  backends.update(_get_backends("networkx.backends"))
/home/kxu/miniforge3/envs/sgym-hab/lib/python3.9/site-packages/networkx/utils/backends.py:135: RuntimeWarning: networkx backend defined more than once: nx-loopback
  backends.update(_get_backends("networkx.backends"))
/home/kxu/miniforge3/envs/sgym-hab/lib/python3.9/site-packages/networkx/utils/backends.py:135: RuntimeWarning: networkx backend defined more than once: nx-loopback
  backends.update(_get_backends("networkx.backends"))
/home/kxu/miniforge3/envs/sgym-hab/lib/python3.9/site-packages/networkx/utils/backends.py:135: RuntimeWarning: networkx backend defined more than once: nx-loopback
  backends.update(_get_backends("networkx.backends"))
/home/kxu/miniforge3/envs/sgym-hab/lib/python3.9/site-packages/networkx/utils/backends.py:135: RuntimeWarning: networkx backend defined more than once: nx-loopback
  backends.update(_get_backends("networkx.backends"))
/home/kxu/miniforge3/envs/sgym-hab/lib/python3.9/site-packages/networkx/utils/backends.py:135: RuntimeWarning: networkx backend defined more than once: nx-loopback
  backends.update(_get_backends("networkx.backends"))
/home/kxu/miniforge3/envs/sgym-hab/lib/python3.9/site-packages/networkx/utils/backends.py:135: RuntimeWarning: networkx backend defined more than once: nx-loopback
  backends.update(_get_backends("networkx.backends"))
/home/kxu/miniforge3/envs/sgym-hab/lib/python3.9/site-packages/networkx/utils/backends.py:135: RuntimeWarning: networkx backend defined more than once: nx-loopback
  backends.update(_get_backends("networkx.backends"))
/home/kxu/miniforge3/envs/sgym-hab/lib/python3.9/site-packages/networkx/utils/backends.py:135: RuntimeWarning: networkx backend defined more than once: nx-loopback
  backends.update(_get_backends("networkx.backends"))
/home/kxu/miniforge3/envs/sgym-hab/lib/python3.9/site-packages/networkx/utils/backends.py:135: RuntimeWarning: networkx backend defined more than once: nx-loopback
  backends.update(_get_backends("networkx.backends"))
/home/kxu/miniforge3/envs/sgym-hab/lib/python3.9/site-packages/networkx/utils/backends.py:135: RuntimeWarning: networkx backend defined more than once: nx-loopback
  backends.update(_get_backends("networkx.backends"))
/home/kxu/miniforge3/envs/sgym-hab/lib/python3.9/site-packages/networkx/utils/backends.py:135: RuntimeWarning: networkx backend defined more than once: nx-loopback
  backends.update(_get_backends("networkx.backends"))
/home/kxu/miniforge3/envs/sgym-hab/lib/python3.9/site-packages/networkx/utils/backends.py:135: RuntimeWarning: networkx backend defined more than once: nx-loopback
  backends.update(_get_backends("networkx.backends"))
INFO:__mp_main__:Worker 0: Finished collecting 256 steps.
INFO:__mp_main__:Worker 14: Finished collecting 256 steps.
INFO:__mp_main__:Worker 15: Finished collecting 256 steps.
INFO:__mp_main__:Worker 6: Finished collecting 256 steps.
INFO:__mp_main__:Worker 2: Finished collecting 256 steps.
INFO:__mp_main__:Worker 4: Finished collecting 256 steps.
INFO:__mp_main__:Worker 1: Finished collecting 256 steps.
INFO:__mp_main__:Worker 9: Finished collecting 256 steps.
INFO:__mp_main__:Worker 3: Finished collecting 256 steps.
INFO:__mp_main__:Worker 7: Finished collecting 256 steps.
INFO:__mp_main__:Worker 11: Finished collecting 256 steps.
INFO:__mp_main__:Worker 5: Finished collecting 256 steps.
INFO:__mp_main__:Worker 13: Finished collecting 256 steps.
INFO:__mp_main__:Worker 8: Finished collecting 256 steps.
INFO:__mp_main__:Worker 10: Finished collecting 256 steps.
INFO:__mp_main__:Worker 12: Finished collecting 256 steps.
INFO:__main__:Update: 70/146, Timesteps: 286720/600000, FPS: 65, Episodes: 11200, Avg Reward (Last 100): 17.48, Avg Length (Last 100): 49.00
/home/kxu/miniforge3/envs/sgym-hab/lib/python3.9/site-packages/networkx/utils/backends.py:135: RuntimeWarning: networkx backend defined more than once: nx-loopback
  backends.update(_get_backends("networkx.backends"))
/home/kxu/miniforge3/envs/sgym-hab/lib/python3.9/site-packages/networkx/utils/backends.py:135: RuntimeWarning: networkx backend defined more than once: nx-loopback
  backends.update(_get_backends("networkx.backends"))
/home/kxu/miniforge3/envs/sgym-hab/lib/python3.9/site-packages/networkx/utils/backends.py:135: RuntimeWarning: networkx backend defined more than once: nx-loopback
  backends.update(_get_backends("networkx.backends"))
/home/kxu/miniforge3/envs/sgym-hab/lib/python3.9/site-packages/networkx/utils/backends.py:135: RuntimeWarning: networkx backend defined more than once: nx-loopback
  backends.update(_get_backends("networkx.backends"))
/home/kxu/miniforge3/envs/sgym-hab/lib/python3.9/site-packages/networkx/utils/backends.py:135: RuntimeWarning: networkx backend defined more than once: nx-loopback
  backends.update(_get_backends("networkx.backends"))
/home/kxu/miniforge3/envs/sgym-hab/lib/python3.9/site-packages/networkx/utils/backends.py:135: RuntimeWarning: networkx backend defined more than once: nx-loopback
  backends.update(_get_backends("networkx.backends"))
/home/kxu/miniforge3/envs/sgym-hab/lib/python3.9/site-packages/networkx/utils/backends.py:135: RuntimeWarning: networkx backend defined more than once: nx-loopback
  backends.update(_get_backends("networkx.backends"))
/home/kxu/miniforge3/envs/sgym-hab/lib/python3.9/site-packages/networkx/utils/backends.py:135: RuntimeWarning: networkx backend defined more than once: nx-loopback
  backends.update(_get_backends("networkx.backends"))
/home/kxu/miniforge3/envs/sgym-hab/lib/python3.9/site-packages/networkx/utils/backends.py:135: RuntimeWarning: networkx backend defined more than once: nx-loopback
  backends.update(_get_backends("networkx.backends"))
/home/kxu/miniforge3/envs/sgym-hab/lib/python3.9/site-packages/networkx/utils/backends.py:135: RuntimeWarning: networkx backend defined more than once: nx-loopback
  backends.update(_get_backends("networkx.backends"))
/home/kxu/miniforge3/envs/sgym-hab/lib/python3.9/site-packages/networkx/utils/backends.py:135: RuntimeWarning: networkx backend defined more than once: nx-loopback
  backends.update(_get_backends("networkx.backends"))
/home/kxu/miniforge3/envs/sgym-hab/lib/python3.9/site-packages/networkx/utils/backends.py:135: RuntimeWarning: networkx backend defined more than once: nx-loopback
  backends.update(_get_backends("networkx.backends"))
/home/kxu/miniforge3/envs/sgym-hab/lib/python3.9/site-packages/networkx/utils/backends.py:135: RuntimeWarning: networkx backend defined more than once: nx-loopback
  backends.update(_get_backends("networkx.backends"))
/home/kxu/miniforge3/envs/sgym-hab/lib/python3.9/site-packages/networkx/utils/backends.py:135: RuntimeWarning: networkx backend defined more than once: nx-loopback
  backends.update(_get_backends("networkx.backends"))
/home/kxu/miniforge3/envs/sgym-hab/lib/python3.9/site-packages/networkx/utils/backends.py:135: RuntimeWarning: networkx backend defined more than once: nx-loopback
  backends.update(_get_backends("networkx.backends"))
/home/kxu/miniforge3/envs/sgym-hab/lib/python3.9/site-packages/networkx/utils/backends.py:135: RuntimeWarning: networkx backend defined more than once: nx-loopback
  backends.update(_get_backends("networkx.backends"))
INFO:__mp_main__:Worker 9: Finished collecting 256 steps.
INFO:__mp_main__:Worker 11: Finished collecting 256 steps.
INFO:__mp_main__:Worker 8: Finished collecting 256 steps.
INFO:__mp_main__:Worker 2: Finished collecting 256 steps.
INFO:__mp_main__:Worker 15: Finished collecting 256 steps.
INFO:__mp_main__:Worker 0: Finished collecting 256 steps.
INFO:__mp_main__:Worker 13: Finished collecting 256 steps.
INFO:__mp_main__:Worker 1: Finished collecting 256 steps.
INFO:__mp_main__:Worker 3: Finished collecting 256 steps.
INFO:__mp_main__:Worker 5: Finished collecting 256 steps.
INFO:__mp_main__:Worker 14: Finished collecting 256 steps.
INFO:__mp_main__:Worker 7: Finished collecting 256 steps.
INFO:__mp_main__:Worker 6: Finished collecting 256 steps.
INFO:__mp_main__:Worker 10: Finished collecting 256 steps.
INFO:__mp_main__:Worker 12: Finished collecting 256 steps.
INFO:__mp_main__:Worker 4: Finished collecting 256 steps.
INFO:__main__:Update: 71/146, Timesteps: 290816/600000, FPS: 66, Episodes: 11360, Avg Reward (Last 100): 17.12, Avg Length (Last 100): 49.00
/home/kxu/miniforge3/envs/sgym-hab/lib/python3.9/site-packages/networkx/utils/backends.py:135: RuntimeWarning: networkx backend defined more than once: nx-loopback
  backends.update(_get_backends("networkx.backends"))
/home/kxu/miniforge3/envs/sgym-hab/lib/python3.9/site-packages/networkx/utils/backends.py:135: RuntimeWarning: networkx backend defined more than once: nx-loopback
  backends.update(_get_backends("networkx.backends"))
/home/kxu/miniforge3/envs/sgym-hab/lib/python3.9/site-packages/networkx/utils/backends.py:135: RuntimeWarning: networkx backend defined more than once: nx-loopback
  backends.update(_get_backends("networkx.backends"))
/home/kxu/miniforge3/envs/sgym-hab/lib/python3.9/site-packages/networkx/utils/backends.py:135: RuntimeWarning: networkx backend defined more than once: nx-loopback
  backends.update(_get_backends("networkx.backends"))
/home/kxu/miniforge3/envs/sgym-hab/lib/python3.9/site-packages/networkx/utils/backends.py:135: RuntimeWarning: networkx backend defined more than once: nx-loopback
  backends.update(_get_backends("networkx.backends"))
/home/kxu/miniforge3/envs/sgym-hab/lib/python3.9/site-packages/networkx/utils/backends.py:135: RuntimeWarning: networkx backend defined more than once: nx-loopback
  backends.update(_get_backends("networkx.backends"))
/home/kxu/miniforge3/envs/sgym-hab/lib/python3.9/site-packages/networkx/utils/backends.py:135: RuntimeWarning: networkx backend defined more than once: nx-loopback
  backends.update(_get_backends("networkx.backends"))
/home/kxu/miniforge3/envs/sgym-hab/lib/python3.9/site-packages/networkx/utils/backends.py:135: RuntimeWarning: networkx backend defined more than once: nx-loopback
  backends.update(_get_backends("networkx.backends"))
/home/kxu/miniforge3/envs/sgym-hab/lib/python3.9/site-packages/networkx/utils/backends.py:135: RuntimeWarning: networkx backend defined more than once: nx-loopback
  backends.update(_get_backends("networkx.backends"))
/home/kxu/miniforge3/envs/sgym-hab/lib/python3.9/site-packages/networkx/utils/backends.py:135: RuntimeWarning: networkx backend defined more than once: nx-loopback
  backends.update(_get_backends("networkx.backends"))
/home/kxu/miniforge3/envs/sgym-hab/lib/python3.9/site-packages/networkx/utils/backends.py:135: RuntimeWarning: networkx backend defined more than once: nx-loopback
  backends.update(_get_backends("networkx.backends"))
/home/kxu/miniforge3/envs/sgym-hab/lib/python3.9/site-packages/networkx/utils/backends.py:135: RuntimeWarning: networkx backend defined more than once: nx-loopback
  backends.update(_get_backends("networkx.backends"))
/home/kxu/miniforge3/envs/sgym-hab/lib/python3.9/site-packages/networkx/utils/backends.py:135: RuntimeWarning: networkx backend defined more than once: nx-loopback
  backends.update(_get_backends("networkx.backends"))
/home/kxu/miniforge3/envs/sgym-hab/lib/python3.9/site-packages/networkx/utils/backends.py:135: RuntimeWarning: networkx backend defined more than once: nx-loopback
  backends.update(_get_backends("networkx.backends"))
/home/kxu/miniforge3/envs/sgym-hab/lib/python3.9/site-packages/networkx/utils/backends.py:135: RuntimeWarning: networkx backend defined more than once: nx-loopback
  backends.update(_get_backends("networkx.backends"))
/home/kxu/miniforge3/envs/sgym-hab/lib/python3.9/site-packages/networkx/utils/backends.py:135: RuntimeWarning: networkx backend defined more than once: nx-loopback
  backends.update(_get_backends("networkx.backends"))
INFO:__mp_main__:Worker 4: Finished collecting 256 steps.
INFO:__mp_main__:Worker 5: Finished collecting 256 steps.
INFO:__mp_main__:Worker 12: Finished collecting 256 steps.
INFO:__mp_main__:Worker 11: Finished collecting 256 steps.
INFO:__mp_main__:Worker 2: Finished collecting 256 steps.
INFO:__mp_main__:Worker 1: Finished collecting 256 steps.
INFO:__mp_main__:Worker 10: Finished collecting 256 steps.
INFO:__mp_main__:Worker 14: Finished collecting 256 steps.
INFO:__mp_main__:Worker 7: Finished collecting 256 steps.
INFO:__mp_main__:Worker 3: Finished collecting 256 steps.
INFO:__mp_main__:Worker 8: Finished collecting 256 steps.
INFO:__mp_main__:Worker 6: Finished collecting 256 steps.
INFO:__mp_main__:Worker 13: Finished collecting 256 steps.
INFO:__mp_main__:Worker 9: Finished collecting 256 steps.
INFO:__mp_main__:Worker 0: Finished collecting 256 steps.
INFO:__mp_main__:Worker 15: Finished collecting 256 steps.
INFO:__main__:Update: 72/146, Timesteps: 294912/600000, FPS: 65, Episodes: 11520, Avg Reward (Last 100): 18.48, Avg Length (Last 100): 49.00
/home/kxu/miniforge3/envs/sgym-hab/lib/python3.9/site-packages/networkx/utils/backends.py:135: RuntimeWarning: networkx backend defined more than once: nx-loopback
  backends.update(_get_backends("networkx.backends"))
/home/kxu/miniforge3/envs/sgym-hab/lib/python3.9/site-packages/networkx/utils/backends.py:135: RuntimeWarning: networkx backend defined more than once: nx-loopback
  backends.update(_get_backends("networkx.backends"))
/home/kxu/miniforge3/envs/sgym-hab/lib/python3.9/site-packages/networkx/utils/backends.py:135: RuntimeWarning: networkx backend defined more than once: nx-loopback
  backends.update(_get_backends("networkx.backends"))
/home/kxu/miniforge3/envs/sgym-hab/lib/python3.9/site-packages/networkx/utils/backends.py:135: RuntimeWarning: networkx backend defined more than once: nx-loopback
  backends.update(_get_backends("networkx.backends"))
/home/kxu/miniforge3/envs/sgym-hab/lib/python3.9/site-packages/networkx/utils/backends.py:135: RuntimeWarning: networkx backend defined more than once: nx-loopback
  backends.update(_get_backends("networkx.backends"))
/home/kxu/miniforge3/envs/sgym-hab/lib/python3.9/site-packages/networkx/utils/backends.py:135: RuntimeWarning: networkx backend defined more than once: nx-loopback
  backends.update(_get_backends("networkx.backends"))
/home/kxu/miniforge3/envs/sgym-hab/lib/python3.9/site-packages/networkx/utils/backends.py:135: RuntimeWarning: networkx backend defined more than once: nx-loopback
  backends.update(_get_backends("networkx.backends"))
/home/kxu/miniforge3/envs/sgym-hab/lib/python3.9/site-packages/networkx/utils/backends.py:135: RuntimeWarning: networkx backend defined more than once: nx-loopback
  backends.update(_get_backends("networkx.backends"))
/home/kxu/miniforge3/envs/sgym-hab/lib/python3.9/site-packages/networkx/utils/backends.py:135: RuntimeWarning: networkx backend defined more than once: nx-loopback
  backends.update(_get_backends("networkx.backends"))
/home/kxu/miniforge3/envs/sgym-hab/lib/python3.9/site-packages/networkx/utils/backends.py:135: RuntimeWarning: networkx backend defined more than once: nx-loopback
  backends.update(_get_backends("networkx.backends"))
/home/kxu/miniforge3/envs/sgym-hab/lib/python3.9/site-packages/networkx/utils/backends.py:135: RuntimeWarning: networkx backend defined more than once: nx-loopback
  backends.update(_get_backends("networkx.backends"))
/home/kxu/miniforge3/envs/sgym-hab/lib/python3.9/site-packages/networkx/utils/backends.py:135: RuntimeWarning: networkx backend defined more than once: nx-loopback
  backends.update(_get_backends("networkx.backends"))
/home/kxu/miniforge3/envs/sgym-hab/lib/python3.9/site-packages/networkx/utils/backends.py:135: RuntimeWarning: networkx backend defined more than once: nx-loopback
  backends.update(_get_backends("networkx.backends"))
/home/kxu/miniforge3/envs/sgym-hab/lib/python3.9/site-packages/networkx/utils/backends.py:135: RuntimeWarning: networkx backend defined more than once: nx-loopback
  backends.update(_get_backends("networkx.backends"))
/home/kxu/miniforge3/envs/sgym-hab/lib/python3.9/site-packages/networkx/utils/backends.py:135: RuntimeWarning: networkx backend defined more than once: nx-loopback
  backends.update(_get_backends("networkx.backends"))
/home/kxu/miniforge3/envs/sgym-hab/lib/python3.9/site-packages/networkx/utils/backends.py:135: RuntimeWarning: networkx backend defined more than once: nx-loopback
  backends.update(_get_backends("networkx.backends"))
INFO:__mp_main__:Worker 4: Finished collecting 256 steps.
INFO:__mp_main__:Worker 13: Finished collecting 256 steps.
INFO:__mp_main__:Worker 14: Finished collecting 256 steps.
INFO:__mp_main__:Worker 1: Finished collecting 256 steps.
INFO:__mp_main__:Worker 2: Finished collecting 256 steps.
INFO:__mp_main__:Worker 7: Finished collecting 256 steps.
INFO:__mp_main__:Worker 10: Finished collecting 256 steps.
INFO:__mp_main__:Worker 15: Finished collecting 256 steps.
INFO:__mp_main__:Worker 3: Finished collecting 256 steps.
INFO:__mp_main__:Worker 0: Finished collecting 256 steps.
INFO:__mp_main__:Worker 5: Finished collecting 256 steps.
INFO:__mp_main__:Worker 6: Finished collecting 256 steps.
INFO:__mp_main__:Worker 9: Finished collecting 256 steps.
INFO:__mp_main__:Worker 11: Finished collecting 256 steps.
INFO:__mp_main__:Worker 8: Finished collecting 256 steps.
INFO:__mp_main__:Worker 12: Finished collecting 256 steps.
INFO:__main__:Update: 73/146, Timesteps: 299008/600000, FPS: 65, Episodes: 11680, Avg Reward (Last 100): 16.92, Avg Length (Last 100): 48.98
/home/kxu/miniforge3/envs/sgym-hab/lib/python3.9/site-packages/networkx/utils/backends.py:135: RuntimeWarning: networkx backend defined more than once: nx-loopback
  backends.update(_get_backends("networkx.backends"))
/home/kxu/miniforge3/envs/sgym-hab/lib/python3.9/site-packages/networkx/utils/backends.py:135: RuntimeWarning: networkx backend defined more than once: nx-loopback
  backends.update(_get_backends("networkx.backends"))
/home/kxu/miniforge3/envs/sgym-hab/lib/python3.9/site-packages/networkx/utils/backends.py:135: RuntimeWarning: networkx backend defined more than once: nx-loopback
  backends.update(_get_backends("networkx.backends"))
/home/kxu/miniforge3/envs/sgym-hab/lib/python3.9/site-packages/networkx/utils/backends.py:135: RuntimeWarning: networkx backend defined more than once: nx-loopback
  backends.update(_get_backends("networkx.backends"))
/home/kxu/miniforge3/envs/sgym-hab/lib/python3.9/site-packages/networkx/utils/backends.py:135: RuntimeWarning: networkx backend defined more than once: nx-loopback
  backends.update(_get_backends("networkx.backends"))
/home/kxu/miniforge3/envs/sgym-hab/lib/python3.9/site-packages/networkx/utils/backends.py:135: RuntimeWarning: networkx backend defined more than once: nx-loopback
  backends.update(_get_backends("networkx.backends"))
/home/kxu/miniforge3/envs/sgym-hab/lib/python3.9/site-packages/networkx/utils/backends.py:135: RuntimeWarning: networkx backend defined more than once: nx-loopback
  backends.update(_get_backends("networkx.backends"))
/home/kxu/miniforge3/envs/sgym-hab/lib/python3.9/site-packages/networkx/utils/backends.py:135: RuntimeWarning: networkx backend defined more than once: nx-loopback
  backends.update(_get_backends("networkx.backends"))
/home/kxu/miniforge3/envs/sgym-hab/lib/python3.9/site-packages/networkx/utils/backends.py:135: RuntimeWarning: networkx backend defined more than once: nx-loopback
  backends.update(_get_backends("networkx.backends"))
/home/kxu/miniforge3/envs/sgym-hab/lib/python3.9/site-packages/networkx/utils/backends.py:135: RuntimeWarning: networkx backend defined more than once: nx-loopback
  backends.update(_get_backends("networkx.backends"))
/home/kxu/miniforge3/envs/sgym-hab/lib/python3.9/site-packages/networkx/utils/backends.py:135: RuntimeWarning: networkx backend defined more than once: nx-loopback
  backends.update(_get_backends("networkx.backends"))
/home/kxu/miniforge3/envs/sgym-hab/lib/python3.9/site-packages/networkx/utils/backends.py:135: RuntimeWarning: networkx backend defined more than once: nx-loopback
  backends.update(_get_backends("networkx.backends"))
/home/kxu/miniforge3/envs/sgym-hab/lib/python3.9/site-packages/networkx/utils/backends.py:135: RuntimeWarning: networkx backend defined more than once: nx-loopback
  backends.update(_get_backends("networkx.backends"))
/home/kxu/miniforge3/envs/sgym-hab/lib/python3.9/site-packages/networkx/utils/backends.py:135: RuntimeWarning: networkx backend defined more than once: nx-loopback
  backends.update(_get_backends("networkx.backends"))
/home/kxu/miniforge3/envs/sgym-hab/lib/python3.9/site-packages/networkx/utils/backends.py:135: RuntimeWarning: networkx backend defined more than once: nx-loopback
  backends.update(_get_backends("networkx.backends"))
/home/kxu/miniforge3/envs/sgym-hab/lib/python3.9/site-packages/networkx/utils/backends.py:135: RuntimeWarning: networkx backend defined more than once: nx-loopback
  backends.update(_get_backends("networkx.backends"))
INFO:__mp_main__:Worker 12: Finished collecting 256 steps.
INFO:__mp_main__:Worker 4: Finished collecting 256 steps.
INFO:__mp_main__:Worker 6: Finished collecting 256 steps.
INFO:__mp_main__:Worker 7: Finished collecting 256 steps.
INFO:__mp_main__:Worker 1: Finished collecting 256 steps.
INFO:__mp_main__:Worker 0: Finished collecting 256 steps.
INFO:__mp_main__:Worker 3: Finished collecting 256 steps.
INFO:__mp_main__:Worker 8: Finished collecting 256 steps.
INFO:__mp_main__:Worker 9: Finished collecting 256 steps.
INFO:__mp_main__:Worker 14: Finished collecting 256 steps.
INFO:__mp_main__:Worker 5: Finished collecting 256 steps.
INFO:__mp_main__:Worker 2: Finished collecting 256 steps.
INFO:__mp_main__:Worker 11: Finished collecting 256 steps.
INFO:__mp_main__:Worker 13: Finished collecting 256 steps.
INFO:__mp_main__:Worker 10: Finished collecting 256 steps.
INFO:__mp_main__:Worker 15: Finished collecting 256 steps.
INFO:__main__:Update: 74/146, Timesteps: 303104/600000, FPS: 65, Episodes: 11840, Avg Reward (Last 100): 16.67, Avg Length (Last 100): 49.00
/home/kxu/miniforge3/envs/sgym-hab/lib/python3.9/site-packages/networkx/utils/backends.py:135: RuntimeWarning: networkx backend defined more than once: nx-loopback
  backends.update(_get_backends("networkx.backends"))
/home/kxu/miniforge3/envs/sgym-hab/lib/python3.9/site-packages/networkx/utils/backends.py:135: RuntimeWarning: networkx backend defined more than once: nx-loopback
  backends.update(_get_backends("networkx.backends"))
/home/kxu/miniforge3/envs/sgym-hab/lib/python3.9/site-packages/networkx/utils/backends.py:135: RuntimeWarning: networkx backend defined more than once: nx-loopback
  backends.update(_get_backends("networkx.backends"))
/home/kxu/miniforge3/envs/sgym-hab/lib/python3.9/site-packages/networkx/utils/backends.py:135: RuntimeWarning: networkx backend defined more than once: nx-loopback
  backends.update(_get_backends("networkx.backends"))
/home/kxu/miniforge3/envs/sgym-hab/lib/python3.9/site-packages/networkx/utils/backends.py:135: RuntimeWarning: networkx backend defined more than once: nx-loopback
  backends.update(_get_backends("networkx.backends"))
/home/kxu/miniforge3/envs/sgym-hab/lib/python3.9/site-packages/networkx/utils/backends.py:135: RuntimeWarning: networkx backend defined more than once: nx-loopback
  backends.update(_get_backends("networkx.backends"))
/home/kxu/miniforge3/envs/sgym-hab/lib/python3.9/site-packages/networkx/utils/backends.py:135: RuntimeWarning: networkx backend defined more than once: nx-loopback
  backends.update(_get_backends("networkx.backends"))
/home/kxu/miniforge3/envs/sgym-hab/lib/python3.9/site-packages/networkx/utils/backends.py:135: RuntimeWarning: networkx backend defined more than once: nx-loopback
  backends.update(_get_backends("networkx.backends"))
/home/kxu/miniforge3/envs/sgym-hab/lib/python3.9/site-packages/networkx/utils/backends.py:135: RuntimeWarning: networkx backend defined more than once: nx-loopback
  backends.update(_get_backends("networkx.backends"))
/home/kxu/miniforge3/envs/sgym-hab/lib/python3.9/site-packages/networkx/utils/backends.py:135: RuntimeWarning: networkx backend defined more than once: nx-loopback
  backends.update(_get_backends("networkx.backends"))
/home/kxu/miniforge3/envs/sgym-hab/lib/python3.9/site-packages/networkx/utils/backends.py:135: RuntimeWarning: networkx backend defined more than once: nx-loopback
  backends.update(_get_backends("networkx.backends"))
/home/kxu/miniforge3/envs/sgym-hab/lib/python3.9/site-packages/networkx/utils/backends.py:135: RuntimeWarning: networkx backend defined more than once: nx-loopback
  backends.update(_get_backends("networkx.backends"))
/home/kxu/miniforge3/envs/sgym-hab/lib/python3.9/site-packages/networkx/utils/backends.py:135: RuntimeWarning: networkx backend defined more than once: nx-loopback
  backends.update(_get_backends("networkx.backends"))
/home/kxu/miniforge3/envs/sgym-hab/lib/python3.9/site-packages/networkx/utils/backends.py:135: RuntimeWarning: networkx backend defined more than once: nx-loopback
  backends.update(_get_backends("networkx.backends"))
/home/kxu/miniforge3/envs/sgym-hab/lib/python3.9/site-packages/networkx/utils/backends.py:135: RuntimeWarning: networkx backend defined more than once: nx-loopback
  backends.update(_get_backends("networkx.backends"))
/home/kxu/miniforge3/envs/sgym-hab/lib/python3.9/site-packages/networkx/utils/backends.py:135: RuntimeWarning: networkx backend defined more than once: nx-loopback
  backends.update(_get_backends("networkx.backends"))
INFO:__mp_main__:Worker 0: Finished collecting 256 steps.
INFO:__mp_main__:Worker 7: Finished collecting 256 steps.
INFO:__mp_main__:Worker 13: Finished collecting 256 steps.
INFO:__mp_main__:Worker 3: Finished collecting 256 steps.
INFO:__mp_main__:Worker 1: Finished collecting 256 steps.
INFO:__mp_main__:Worker 2: Finished collecting 256 steps.
INFO:__mp_main__:Worker 12: Finished collecting 256 steps.
INFO:__mp_main__:Worker 8: Finished collecting 256 steps.
INFO:__mp_main__:Worker 4: Finished collecting 256 steps.
INFO:__mp_main__:Worker 10: Finished collecting 256 steps.
INFO:__mp_main__:Worker 14: Finished collecting 256 steps.
INFO:__mp_main__:Worker 6: Finished collecting 256 steps.
INFO:__mp_main__:Worker 5: Finished collecting 256 steps.
INFO:__mp_main__:Worker 11: Finished collecting 256 steps.
INFO:__mp_main__:Worker 15: Finished collecting 256 steps.
INFO:__mp_main__:Worker 9: Finished collecting 256 steps.
INFO:__main__:Update: 75/146, Timesteps: 307200/600000, FPS: 65, Episodes: 12000, Avg Reward (Last 100): 17.71, Avg Length (Last 100): 48.52
/home/kxu/miniforge3/envs/sgym-hab/lib/python3.9/site-packages/networkx/utils/backends.py:135: RuntimeWarning: networkx backend defined more than once: nx-loopback
  backends.update(_get_backends("networkx.backends"))
/home/kxu/miniforge3/envs/sgym-hab/lib/python3.9/site-packages/networkx/utils/backends.py:135: RuntimeWarning: networkx backend defined more than once: nx-loopback
  backends.update(_get_backends("networkx.backends"))
/home/kxu/miniforge3/envs/sgym-hab/lib/python3.9/site-packages/networkx/utils/backends.py:135: RuntimeWarning: networkx backend defined more than once: nx-loopback
  backends.update(_get_backends("networkx.backends"))
/home/kxu/miniforge3/envs/sgym-hab/lib/python3.9/site-packages/networkx/utils/backends.py:135: RuntimeWarning: networkx backend defined more than once: nx-loopback
  backends.update(_get_backends("networkx.backends"))
/home/kxu/miniforge3/envs/sgym-hab/lib/python3.9/site-packages/networkx/utils/backends.py:135: RuntimeWarning: networkx backend defined more than once: nx-loopback
  backends.update(_get_backends("networkx.backends"))
/home/kxu/miniforge3/envs/sgym-hab/lib/python3.9/site-packages/networkx/utils/backends.py:135: RuntimeWarning: networkx backend defined more than once: nx-loopback
  backends.update(_get_backends("networkx.backends"))
/home/kxu/miniforge3/envs/sgym-hab/lib/python3.9/site-packages/networkx/utils/backends.py:135: RuntimeWarning: networkx backend defined more than once: nx-loopback
  backends.update(_get_backends("networkx.backends"))
/home/kxu/miniforge3/envs/sgym-hab/lib/python3.9/site-packages/networkx/utils/backends.py:135: RuntimeWarning: networkx backend defined more than once: nx-loopback
  backends.update(_get_backends("networkx.backends"))
/home/kxu/miniforge3/envs/sgym-hab/lib/python3.9/site-packages/networkx/utils/backends.py:135: RuntimeWarning: networkx backend defined more than once: nx-loopback
  backends.update(_get_backends("networkx.backends"))
/home/kxu/miniforge3/envs/sgym-hab/lib/python3.9/site-packages/networkx/utils/backends.py:135: RuntimeWarning: networkx backend defined more than once: nx-loopback
  backends.update(_get_backends("networkx.backends"))
/home/kxu/miniforge3/envs/sgym-hab/lib/python3.9/site-packages/networkx/utils/backends.py:135: RuntimeWarning: networkx backend defined more than once: nx-loopback
  backends.update(_get_backends("networkx.backends"))
/home/kxu/miniforge3/envs/sgym-hab/lib/python3.9/site-packages/networkx/utils/backends.py:135: RuntimeWarning: networkx backend defined more than once: nx-loopback
  backends.update(_get_backends("networkx.backends"))
/home/kxu/miniforge3/envs/sgym-hab/lib/python3.9/site-packages/networkx/utils/backends.py:135: RuntimeWarning: networkx backend defined more than once: nx-loopback
  backends.update(_get_backends("networkx.backends"))
/home/kxu/miniforge3/envs/sgym-hab/lib/python3.9/site-packages/networkx/utils/backends.py:135: RuntimeWarning: networkx backend defined more than once: nx-loopback
  backends.update(_get_backends("networkx.backends"))
/home/kxu/miniforge3/envs/sgym-hab/lib/python3.9/site-packages/networkx/utils/backends.py:135: RuntimeWarning: networkx backend defined more than once: nx-loopback
  backends.update(_get_backends("networkx.backends"))
/home/kxu/miniforge3/envs/sgym-hab/lib/python3.9/site-packages/networkx/utils/backends.py:135: RuntimeWarning: networkx backend defined more than once: nx-loopback
  backends.update(_get_backends("networkx.backends"))
INFO:__mp_main__:Worker 8: Finished collecting 256 steps.
INFO:__mp_main__:Worker 9: Finished collecting 256 steps.
INFO:__mp_main__:Worker 0: Finished collecting 256 steps.
INFO:__mp_main__:Worker 5: Finished collecting 256 steps.
INFO:__mp_main__:Worker 3: Finished collecting 256 steps.
INFO:__mp_main__:Worker 2: Finished collecting 256 steps.
INFO:__mp_main__:Worker 13: Finished collecting 256 steps.
INFO:__mp_main__:Worker 4: Finished collecting 256 steps.
INFO:__mp_main__:Worker 12: Finished collecting 256 steps.
INFO:__mp_main__:Worker 15: Finished collecting 256 steps.
INFO:__mp_main__:Worker 6: Finished collecting 256 steps.
INFO:__mp_main__:Worker 10: Finished collecting 256 steps.
INFO:__mp_main__:Worker 1: Finished collecting 256 steps.
INFO:__mp_main__:Worker 11: Finished collecting 256 steps.
INFO:__mp_main__:Worker 7: Finished collecting 256 steps.
INFO:__mp_main__:Worker 14: Finished collecting 256 steps.
INFO:__main__:Update: 76/146, Timesteps: 311296/600000, FPS: 65, Episodes: 12160, Avg Reward (Last 100): 17.17, Avg Length (Last 100): 48.70
/home/kxu/miniforge3/envs/sgym-hab/lib/python3.9/site-packages/networkx/utils/backends.py:135: RuntimeWarning: networkx backend defined more than once: nx-loopback
  backends.update(_get_backends("networkx.backends"))
/home/kxu/miniforge3/envs/sgym-hab/lib/python3.9/site-packages/networkx/utils/backends.py:135: RuntimeWarning: networkx backend defined more than once: nx-loopback
  backends.update(_get_backends("networkx.backends"))
/home/kxu/miniforge3/envs/sgym-hab/lib/python3.9/site-packages/networkx/utils/backends.py:135: RuntimeWarning: networkx backend defined more than once: nx-loopback
  backends.update(_get_backends("networkx.backends"))
/home/kxu/miniforge3/envs/sgym-hab/lib/python3.9/site-packages/networkx/utils/backends.py:135: RuntimeWarning: networkx backend defined more than once: nx-loopback
  backends.update(_get_backends("networkx.backends"))
/home/kxu/miniforge3/envs/sgym-hab/lib/python3.9/site-packages/networkx/utils/backends.py:135: RuntimeWarning: networkx backend defined more than once: nx-loopback
  backends.update(_get_backends("networkx.backends"))
/home/kxu/miniforge3/envs/sgym-hab/lib/python3.9/site-packages/networkx/utils/backends.py:135: RuntimeWarning: networkx backend defined more than once: nx-loopback
  backends.update(_get_backends("networkx.backends"))
/home/kxu/miniforge3/envs/sgym-hab/lib/python3.9/site-packages/networkx/utils/backends.py:135: RuntimeWarning: networkx backend defined more than once: nx-loopback
  backends.update(_get_backends("networkx.backends"))
/home/kxu/miniforge3/envs/sgym-hab/lib/python3.9/site-packages/networkx/utils/backends.py:135: RuntimeWarning: networkx backend defined more than once: nx-loopback
  backends.update(_get_backends("networkx.backends"))
/home/kxu/miniforge3/envs/sgym-hab/lib/python3.9/site-packages/networkx/utils/backends.py:135: RuntimeWarning: networkx backend defined more than once: nx-loopback
  backends.update(_get_backends("networkx.backends"))
/home/kxu/miniforge3/envs/sgym-hab/lib/python3.9/site-packages/networkx/utils/backends.py:135: RuntimeWarning: networkx backend defined more than once: nx-loopback
  backends.update(_get_backends("networkx.backends"))
/home/kxu/miniforge3/envs/sgym-hab/lib/python3.9/site-packages/networkx/utils/backends.py:135: RuntimeWarning: networkx backend defined more than once: nx-loopback
  backends.update(_get_backends("networkx.backends"))
/home/kxu/miniforge3/envs/sgym-hab/lib/python3.9/site-packages/networkx/utils/backends.py:135: RuntimeWarning: networkx backend defined more than once: nx-loopback
  backends.update(_get_backends("networkx.backends"))
/home/kxu/miniforge3/envs/sgym-hab/lib/python3.9/site-packages/networkx/utils/backends.py:135: RuntimeWarning: networkx backend defined more than once: nx-loopback
  backends.update(_get_backends("networkx.backends"))
/home/kxu/miniforge3/envs/sgym-hab/lib/python3.9/site-packages/networkx/utils/backends.py:135: RuntimeWarning: networkx backend defined more than once: nx-loopback
  backends.update(_get_backends("networkx.backends"))
/home/kxu/miniforge3/envs/sgym-hab/lib/python3.9/site-packages/networkx/utils/backends.py:135: RuntimeWarning: networkx backend defined more than once: nx-loopback
  backends.update(_get_backends("networkx.backends"))
/home/kxu/miniforge3/envs/sgym-hab/lib/python3.9/site-packages/networkx/utils/backends.py:135: RuntimeWarning: networkx backend defined more than once: nx-loopback
  backends.update(_get_backends("networkx.backends"))
INFO:__mp_main__:Worker 8: Finished collecting 256 steps.
INFO:__mp_main__:Worker 15: Finished collecting 256 steps.
INFO:__mp_main__:Worker 1: Finished collecting 256 steps.
INFO:__mp_main__:Worker 4: Finished collecting 256 steps.
INFO:__mp_main__:Worker 13: Finished collecting 256 steps.
INFO:__mp_main__:Worker 5: Finished collecting 256 steps.
INFO:__mp_main__:Worker 14: Finished collecting 256 steps.
INFO:__mp_main__:Worker 9: Finished collecting 256 steps.
INFO:__mp_main__:Worker 10: Finished collecting 256 steps.
INFO:__mp_main__:Worker 3: Finished collecting 256 steps.
INFO:__mp_main__:Worker 2: Finished collecting 256 steps.
INFO:__mp_main__:Worker 0: Finished collecting 256 steps.
INFO:__mp_main__:Worker 6: Finished collecting 256 steps.
INFO:__mp_main__:Worker 7: Finished collecting 256 steps.
INFO:__mp_main__:Worker 11: Finished collecting 256 steps.
INFO:__mp_main__:Worker 12: Finished collecting 256 steps.
INFO:__main__:Update: 77/146, Timesteps: 315392/600000, FPS: 65, Episodes: 12320, Avg Reward (Last 100): 17.53, Avg Length (Last 100): 49.00
/home/kxu/miniforge3/envs/sgym-hab/lib/python3.9/site-packages/networkx/utils/backends.py:135: RuntimeWarning: networkx backend defined more than once: nx-loopback
  backends.update(_get_backends("networkx.backends"))
/home/kxu/miniforge3/envs/sgym-hab/lib/python3.9/site-packages/networkx/utils/backends.py:135: RuntimeWarning: networkx backend defined more than once: nx-loopback
  backends.update(_get_backends("networkx.backends"))
/home/kxu/miniforge3/envs/sgym-hab/lib/python3.9/site-packages/networkx/utils/backends.py:135: RuntimeWarning: networkx backend defined more than once: nx-loopback
  backends.update(_get_backends("networkx.backends"))
/home/kxu/miniforge3/envs/sgym-hab/lib/python3.9/site-packages/networkx/utils/backends.py:135: RuntimeWarning: networkx backend defined more than once: nx-loopback
  backends.update(_get_backends("networkx.backends"))
/home/kxu/miniforge3/envs/sgym-hab/lib/python3.9/site-packages/networkx/utils/backends.py:135: RuntimeWarning: networkx backend defined more than once: nx-loopback
  backends.update(_get_backends("networkx.backends"))
/home/kxu/miniforge3/envs/sgym-hab/lib/python3.9/site-packages/networkx/utils/backends.py:135: RuntimeWarning: networkx backend defined more than once: nx-loopback
  backends.update(_get_backends("networkx.backends"))
/home/kxu/miniforge3/envs/sgym-hab/lib/python3.9/site-packages/networkx/utils/backends.py:135: RuntimeWarning: networkx backend defined more than once: nx-loopback
  backends.update(_get_backends("networkx.backends"))
/home/kxu/miniforge3/envs/sgym-hab/lib/python3.9/site-packages/networkx/utils/backends.py:135: RuntimeWarning: networkx backend defined more than once: nx-loopback
  backends.update(_get_backends("networkx.backends"))
/home/kxu/miniforge3/envs/sgym-hab/lib/python3.9/site-packages/networkx/utils/backends.py:135: RuntimeWarning: networkx backend defined more than once: nx-loopback
  backends.update(_get_backends("networkx.backends"))
/home/kxu/miniforge3/envs/sgym-hab/lib/python3.9/site-packages/networkx/utils/backends.py:135: RuntimeWarning: networkx backend defined more than once: nx-loopback
  backends.update(_get_backends("networkx.backends"))
/home/kxu/miniforge3/envs/sgym-hab/lib/python3.9/site-packages/networkx/utils/backends.py:135: RuntimeWarning: networkx backend defined more than once: nx-loopback
  backends.update(_get_backends("networkx.backends"))
/home/kxu/miniforge3/envs/sgym-hab/lib/python3.9/site-packages/networkx/utils/backends.py:135: RuntimeWarning: networkx backend defined more than once: nx-loopback
  backends.update(_get_backends("networkx.backends"))
/home/kxu/miniforge3/envs/sgym-hab/lib/python3.9/site-packages/networkx/utils/backends.py:135: RuntimeWarning: networkx backend defined more than once: nx-loopback
  backends.update(_get_backends("networkx.backends"))
/home/kxu/miniforge3/envs/sgym-hab/lib/python3.9/site-packages/networkx/utils/backends.py:135: RuntimeWarning: networkx backend defined more than once: nx-loopback
  backends.update(_get_backends("networkx.backends"))
/home/kxu/miniforge3/envs/sgym-hab/lib/python3.9/site-packages/networkx/utils/backends.py:135: RuntimeWarning: networkx backend defined more than once: nx-loopback
  backends.update(_get_backends("networkx.backends"))
/home/kxu/miniforge3/envs/sgym-hab/lib/python3.9/site-packages/networkx/utils/backends.py:135: RuntimeWarning: networkx backend defined more than once: nx-loopback
  backends.update(_get_backends("networkx.backends"))
INFO:__mp_main__:Worker 0: Finished collecting 256 steps.
INFO:__mp_main__:Worker 4: Finished collecting 256 steps.
INFO:__mp_main__:Worker 6: Finished collecting 256 steps.
INFO:__mp_main__:Worker 1: Finished collecting 256 steps.
INFO:__mp_main__:Worker 3: Finished collecting 256 steps.
INFO:__mp_main__:Worker 10: Finished collecting 256 steps.
INFO:__mp_main__:Worker 11: Finished collecting 256 steps.
INFO:__mp_main__:Worker 7: Finished collecting 256 steps.
INFO:__mp_main__:Worker 14: Finished collecting 256 steps.
INFO:__mp_main__:Worker 5: Finished collecting 256 steps.
INFO:__mp_main__:Worker 8: Finished collecting 256 steps.
INFO:__mp_main__:Worker 12: Finished collecting 256 steps.
INFO:__mp_main__:Worker 15: Finished collecting 256 steps.
INFO:__mp_main__:Worker 2: Finished collecting 256 steps.
INFO:__mp_main__:Worker 9: Finished collecting 256 steps.
INFO:__mp_main__:Worker 13: Finished collecting 256 steps.
INFO:__main__:Update: 78/146, Timesteps: 319488/600000, FPS: 65, Episodes: 12480, Avg Reward (Last 100): 16.26, Avg Length (Last 100): 48.94
/home/kxu/miniforge3/envs/sgym-hab/lib/python3.9/site-packages/networkx/utils/backends.py:135: RuntimeWarning: networkx backend defined more than once: nx-loopback
  backends.update(_get_backends("networkx.backends"))
/home/kxu/miniforge3/envs/sgym-hab/lib/python3.9/site-packages/networkx/utils/backends.py:135: RuntimeWarning: networkx backend defined more than once: nx-loopback
  backends.update(_get_backends("networkx.backends"))
/home/kxu/miniforge3/envs/sgym-hab/lib/python3.9/site-packages/networkx/utils/backends.py:135: RuntimeWarning: networkx backend defined more than once: nx-loopback
  backends.update(_get_backends("networkx.backends"))
/home/kxu/miniforge3/envs/sgym-hab/lib/python3.9/site-packages/networkx/utils/backends.py:135: RuntimeWarning: networkx backend defined more than once: nx-loopback
  backends.update(_get_backends("networkx.backends"))
/home/kxu/miniforge3/envs/sgym-hab/lib/python3.9/site-packages/networkx/utils/backends.py:135: RuntimeWarning: networkx backend defined more than once: nx-loopback
  backends.update(_get_backends("networkx.backends"))
/home/kxu/miniforge3/envs/sgym-hab/lib/python3.9/site-packages/networkx/utils/backends.py:135: RuntimeWarning: networkx backend defined more than once: nx-loopback
  backends.update(_get_backends("networkx.backends"))
/home/kxu/miniforge3/envs/sgym-hab/lib/python3.9/site-packages/networkx/utils/backends.py:135: RuntimeWarning: networkx backend defined more than once: nx-loopback
  backends.update(_get_backends("networkx.backends"))
/home/kxu/miniforge3/envs/sgym-hab/lib/python3.9/site-packages/networkx/utils/backends.py:135: RuntimeWarning: networkx backend defined more than once: nx-loopback
  backends.update(_get_backends("networkx.backends"))
/home/kxu/miniforge3/envs/sgym-hab/lib/python3.9/site-packages/networkx/utils/backends.py:135: RuntimeWarning: networkx backend defined more than once: nx-loopback
  backends.update(_get_backends("networkx.backends"))
/home/kxu/miniforge3/envs/sgym-hab/lib/python3.9/site-packages/networkx/utils/backends.py:135: RuntimeWarning: networkx backend defined more than once: nx-loopback
  backends.update(_get_backends("networkx.backends"))
/home/kxu/miniforge3/envs/sgym-hab/lib/python3.9/site-packages/networkx/utils/backends.py:135: RuntimeWarning: networkx backend defined more than once: nx-loopback
  backends.update(_get_backends("networkx.backends"))
/home/kxu/miniforge3/envs/sgym-hab/lib/python3.9/site-packages/networkx/utils/backends.py:135: RuntimeWarning: networkx backend defined more than once: nx-loopback
  backends.update(_get_backends("networkx.backends"))
/home/kxu/miniforge3/envs/sgym-hab/lib/python3.9/site-packages/networkx/utils/backends.py:135: RuntimeWarning: networkx backend defined more than once: nx-loopback
  backends.update(_get_backends("networkx.backends"))
/home/kxu/miniforge3/envs/sgym-hab/lib/python3.9/site-packages/networkx/utils/backends.py:135: RuntimeWarning: networkx backend defined more than once: nx-loopback
  backends.update(_get_backends("networkx.backends"))
/home/kxu/miniforge3/envs/sgym-hab/lib/python3.9/site-packages/networkx/utils/backends.py:135: RuntimeWarning: networkx backend defined more than once: nx-loopback
  backends.update(_get_backends("networkx.backends"))
/home/kxu/miniforge3/envs/sgym-hab/lib/python3.9/site-packages/networkx/utils/backends.py:135: RuntimeWarning: networkx backend defined more than once: nx-loopback
  backends.update(_get_backends("networkx.backends"))
INFO:__mp_main__:Worker 7: Finished collecting 256 steps.
INFO:__mp_main__:Worker 1: Finished collecting 256 steps.
INFO:__mp_main__:Worker 4: Finished collecting 256 steps.
INFO:__mp_main__:Worker 12: Finished collecting 256 steps.
INFO:__mp_main__:Worker 8: Finished collecting 256 steps.
INFO:__mp_main__:Worker 2: Finished collecting 256 steps.
INFO:__mp_main__:Worker 15: Finished collecting 256 steps.
INFO:__mp_main__:Worker 9: Finished collecting 256 steps.
INFO:__mp_main__:Worker 5: Finished collecting 256 steps.
INFO:__mp_main__:Worker 6: Finished collecting 256 steps.
INFO:__mp_main__:Worker 13: Finished collecting 256 steps.
INFO:__mp_main__:Worker 3: Finished collecting 256 steps.
INFO:__mp_main__:Worker 0: Finished collecting 256 steps.
INFO:__mp_main__:Worker 10: Finished collecting 256 steps.
INFO:__mp_main__:Worker 11: Finished collecting 256 steps.
INFO:__mp_main__:Worker 14: Finished collecting 256 steps.
INFO:__main__:Update: 79/146, Timesteps: 323584/600000, FPS: 65, Episodes: 12640, Avg Reward (Last 100): 15.41, Avg Length (Last 100): 47.64
/home/kxu/miniforge3/envs/sgym-hab/lib/python3.9/site-packages/networkx/utils/backends.py:135: RuntimeWarning: networkx backend defined more than once: nx-loopback
  backends.update(_get_backends("networkx.backends"))
/home/kxu/miniforge3/envs/sgym-hab/lib/python3.9/site-packages/networkx/utils/backends.py:135: RuntimeWarning: networkx backend defined more than once: nx-loopback
  backends.update(_get_backends("networkx.backends"))
/home/kxu/miniforge3/envs/sgym-hab/lib/python3.9/site-packages/networkx/utils/backends.py:135: RuntimeWarning: networkx backend defined more than once: nx-loopback
  backends.update(_get_backends("networkx.backends"))
/home/kxu/miniforge3/envs/sgym-hab/lib/python3.9/site-packages/networkx/utils/backends.py:135: RuntimeWarning: networkx backend defined more than once: nx-loopback
  backends.update(_get_backends("networkx.backends"))
/home/kxu/miniforge3/envs/sgym-hab/lib/python3.9/site-packages/networkx/utils/backends.py:135: RuntimeWarning: networkx backend defined more than once: nx-loopback
  backends.update(_get_backends("networkx.backends"))
/home/kxu/miniforge3/envs/sgym-hab/lib/python3.9/site-packages/networkx/utils/backends.py:135: RuntimeWarning: networkx backend defined more than once: nx-loopback
  backends.update(_get_backends("networkx.backends"))
/home/kxu/miniforge3/envs/sgym-hab/lib/python3.9/site-packages/networkx/utils/backends.py:135: RuntimeWarning: networkx backend defined more than once: nx-loopback
  backends.update(_get_backends("networkx.backends"))
/home/kxu/miniforge3/envs/sgym-hab/lib/python3.9/site-packages/networkx/utils/backends.py:135: RuntimeWarning: networkx backend defined more than once: nx-loopback
  backends.update(_get_backends("networkx.backends"))
/home/kxu/miniforge3/envs/sgym-hab/lib/python3.9/site-packages/networkx/utils/backends.py:135: RuntimeWarning: networkx backend defined more than once: nx-loopback
  backends.update(_get_backends("networkx.backends"))
/home/kxu/miniforge3/envs/sgym-hab/lib/python3.9/site-packages/networkx/utils/backends.py:135: RuntimeWarning: networkx backend defined more than once: nx-loopback
  backends.update(_get_backends("networkx.backends"))
/home/kxu/miniforge3/envs/sgym-hab/lib/python3.9/site-packages/networkx/utils/backends.py:135: RuntimeWarning: networkx backend defined more than once: nx-loopback
  backends.update(_get_backends("networkx.backends"))
/home/kxu/miniforge3/envs/sgym-hab/lib/python3.9/site-packages/networkx/utils/backends.py:135: RuntimeWarning: networkx backend defined more than once: nx-loopback
  backends.update(_get_backends("networkx.backends"))
/home/kxu/miniforge3/envs/sgym-hab/lib/python3.9/site-packages/networkx/utils/backends.py:135: RuntimeWarning: networkx backend defined more than once: nx-loopback
  backends.update(_get_backends("networkx.backends"))
/home/kxu/miniforge3/envs/sgym-hab/lib/python3.9/site-packages/networkx/utils/backends.py:135: RuntimeWarning: networkx backend defined more than once: nx-loopback
  backends.update(_get_backends("networkx.backends"))
/home/kxu/miniforge3/envs/sgym-hab/lib/python3.9/site-packages/networkx/utils/backends.py:135: RuntimeWarning: networkx backend defined more than once: nx-loopback
  backends.update(_get_backends("networkx.backends"))
/home/kxu/miniforge3/envs/sgym-hab/lib/python3.9/site-packages/networkx/utils/backends.py:135: RuntimeWarning: networkx backend defined more than once: nx-loopback
  backends.update(_get_backends("networkx.backends"))
INFO:__mp_main__:Worker 4: Finished collecting 256 steps.
INFO:__mp_main__:Worker 12: Finished collecting 256 steps.
INFO:__mp_main__:Worker 15: Finished collecting 256 steps.
INFO:__mp_main__:Worker 6: Finished collecting 256 steps.
INFO:__mp_main__:Worker 1: Finished collecting 256 steps.
INFO:__mp_main__:Worker 0: Finished collecting 256 steps.
INFO:__mp_main__:Worker 5: Finished collecting 256 steps.
INFO:__mp_main__:Worker 11: Finished collecting 256 steps.
INFO:__mp_main__:Worker 3: Finished collecting 256 steps.
INFO:__mp_main__:Worker 2: Finished collecting 256 steps.
INFO:__mp_main__:Worker 8: Finished collecting 256 steps.
INFO:__mp_main__:Worker 7: Finished collecting 256 steps.
INFO:__mp_main__:Worker 13: Finished collecting 256 steps.
INFO:__mp_main__:Worker 10: Finished collecting 256 steps.
INFO:__mp_main__:Worker 14: Finished collecting 256 steps.
INFO:__mp_main__:Worker 9: Finished collecting 256 steps.
INFO:__main__:Update: 80/146, Timesteps: 327680/600000, FPS: 65, Episodes: 12800, Avg Reward (Last 100): 16.57, Avg Length (Last 100): 48.40
/home/kxu/miniforge3/envs/sgym-hab/lib/python3.9/site-packages/networkx/utils/backends.py:135: RuntimeWarning: networkx backend defined more than once: nx-loopback
  backends.update(_get_backends("networkx.backends"))
/home/kxu/miniforge3/envs/sgym-hab/lib/python3.9/site-packages/networkx/utils/backends.py:135: RuntimeWarning: networkx backend defined more than once: nx-loopback
  backends.update(_get_backends("networkx.backends"))
/home/kxu/miniforge3/envs/sgym-hab/lib/python3.9/site-packages/networkx/utils/backends.py:135: RuntimeWarning: networkx backend defined more than once: nx-loopback
  backends.update(_get_backends("networkx.backends"))
/home/kxu/miniforge3/envs/sgym-hab/lib/python3.9/site-packages/networkx/utils/backends.py:135: RuntimeWarning: networkx backend defined more than once: nx-loopback
  backends.update(_get_backends("networkx.backends"))
/home/kxu/miniforge3/envs/sgym-hab/lib/python3.9/site-packages/networkx/utils/backends.py:135: RuntimeWarning: networkx backend defined more than once: nx-loopback
  backends.update(_get_backends("networkx.backends"))
/home/kxu/miniforge3/envs/sgym-hab/lib/python3.9/site-packages/networkx/utils/backends.py:135: RuntimeWarning: networkx backend defined more than once: nx-loopback
  backends.update(_get_backends("networkx.backends"))
/home/kxu/miniforge3/envs/sgym-hab/lib/python3.9/site-packages/networkx/utils/backends.py:135: RuntimeWarning: networkx backend defined more than once: nx-loopback
  backends.update(_get_backends("networkx.backends"))
/home/kxu/miniforge3/envs/sgym-hab/lib/python3.9/site-packages/networkx/utils/backends.py:135: RuntimeWarning: networkx backend defined more than once: nx-loopback
  backends.update(_get_backends("networkx.backends"))
/home/kxu/miniforge3/envs/sgym-hab/lib/python3.9/site-packages/networkx/utils/backends.py:135: RuntimeWarning: networkx backend defined more than once: nx-loopback
  backends.update(_get_backends("networkx.backends"))
/home/kxu/miniforge3/envs/sgym-hab/lib/python3.9/site-packages/networkx/utils/backends.py:135: RuntimeWarning: networkx backend defined more than once: nx-loopback
  backends.update(_get_backends("networkx.backends"))
/home/kxu/miniforge3/envs/sgym-hab/lib/python3.9/site-packages/networkx/utils/backends.py:135: RuntimeWarning: networkx backend defined more than once: nx-loopback
  backends.update(_get_backends("networkx.backends"))
/home/kxu/miniforge3/envs/sgym-hab/lib/python3.9/site-packages/networkx/utils/backends.py:135: RuntimeWarning: networkx backend defined more than once: nx-loopback
  backends.update(_get_backends("networkx.backends"))
/home/kxu/miniforge3/envs/sgym-hab/lib/python3.9/site-packages/networkx/utils/backends.py:135: RuntimeWarning: networkx backend defined more than once: nx-loopback
  backends.update(_get_backends("networkx.backends"))
/home/kxu/miniforge3/envs/sgym-hab/lib/python3.9/site-packages/networkx/utils/backends.py:135: RuntimeWarning: networkx backend defined more than once: nx-loopback
  backends.update(_get_backends("networkx.backends"))
/home/kxu/miniforge3/envs/sgym-hab/lib/python3.9/site-packages/networkx/utils/backends.py:135: RuntimeWarning: networkx backend defined more than once: nx-loopback
  backends.update(_get_backends("networkx.backends"))
/home/kxu/miniforge3/envs/sgym-hab/lib/python3.9/site-packages/networkx/utils/backends.py:135: RuntimeWarning: networkx backend defined more than once: nx-loopback
  backends.update(_get_backends("networkx.backends"))
INFO:__mp_main__:Worker 7: Finished collecting 256 steps.
INFO:__mp_main__:Worker 0: Finished collecting 256 steps.
INFO:__mp_main__:Worker 11: Finished collecting 256 steps.
INFO:__mp_main__:Worker 10: Finished collecting 256 steps.
INFO:__mp_main__:Worker 4: Finished collecting 256 steps.
INFO:__mp_main__:Worker 3: Finished collecting 256 steps.
INFO:__mp_main__:Worker 15: Finished collecting 256 steps.
INFO:__mp_main__:Worker 12: Finished collecting 256 steps.
INFO:__mp_main__:Worker 9: Finished collecting 256 steps.
INFO:__mp_main__:Worker 8: Finished collecting 256 steps.
INFO:__mp_main__:Worker 1: Finished collecting 256 steps.
INFO:__mp_main__:Worker 6: Finished collecting 256 steps.
INFO:__mp_main__:Worker 5: Finished collecting 256 steps.
INFO:__mp_main__:Worker 2: Finished collecting 256 steps.
INFO:__mp_main__:Worker 13: Finished collecting 256 steps.
INFO:__mp_main__:Worker 14: Finished collecting 256 steps.
INFO:__main__:Update: 81/146, Timesteps: 331776/600000, FPS: 65, Episodes: 12960, Avg Reward (Last 100): 15.69, Avg Length (Last 100): 48.60
/home/kxu/miniforge3/envs/sgym-hab/lib/python3.9/site-packages/networkx/utils/backends.py:135: RuntimeWarning: networkx backend defined more than once: nx-loopback
  backends.update(_get_backends("networkx.backends"))
/home/kxu/miniforge3/envs/sgym-hab/lib/python3.9/site-packages/networkx/utils/backends.py:135: RuntimeWarning: networkx backend defined more than once: nx-loopback
  backends.update(_get_backends("networkx.backends"))
/home/kxu/miniforge3/envs/sgym-hab/lib/python3.9/site-packages/networkx/utils/backends.py:135: RuntimeWarning: networkx backend defined more than once: nx-loopback
  backends.update(_get_backends("networkx.backends"))
/home/kxu/miniforge3/envs/sgym-hab/lib/python3.9/site-packages/networkx/utils/backends.py:135: RuntimeWarning: networkx backend defined more than once: nx-loopback
  backends.update(_get_backends("networkx.backends"))
/home/kxu/miniforge3/envs/sgym-hab/lib/python3.9/site-packages/networkx/utils/backends.py:135: RuntimeWarning: networkx backend defined more than once: nx-loopback
  backends.update(_get_backends("networkx.backends"))
/home/kxu/miniforge3/envs/sgym-hab/lib/python3.9/site-packages/networkx/utils/backends.py:135: RuntimeWarning: networkx backend defined more than once: nx-loopback
  backends.update(_get_backends("networkx.backends"))
/home/kxu/miniforge3/envs/sgym-hab/lib/python3.9/site-packages/networkx/utils/backends.py:135: RuntimeWarning: networkx backend defined more than once: nx-loopback
  backends.update(_get_backends("networkx.backends"))
/home/kxu/miniforge3/envs/sgym-hab/lib/python3.9/site-packages/networkx/utils/backends.py:135: RuntimeWarning: networkx backend defined more than once: nx-loopback
  backends.update(_get_backends("networkx.backends"))
/home/kxu/miniforge3/envs/sgym-hab/lib/python3.9/site-packages/networkx/utils/backends.py:135: RuntimeWarning: networkx backend defined more than once: nx-loopback
  backends.update(_get_backends("networkx.backends"))
/home/kxu/miniforge3/envs/sgym-hab/lib/python3.9/site-packages/networkx/utils/backends.py:135: RuntimeWarning: networkx backend defined more than once: nx-loopback
  backends.update(_get_backends("networkx.backends"))
/home/kxu/miniforge3/envs/sgym-hab/lib/python3.9/site-packages/networkx/utils/backends.py:135: RuntimeWarning: networkx backend defined more than once: nx-loopback
  backends.update(_get_backends("networkx.backends"))
/home/kxu/miniforge3/envs/sgym-hab/lib/python3.9/site-packages/networkx/utils/backends.py:135: RuntimeWarning: networkx backend defined more than once: nx-loopback
  backends.update(_get_backends("networkx.backends"))
/home/kxu/miniforge3/envs/sgym-hab/lib/python3.9/site-packages/networkx/utils/backends.py:135: RuntimeWarning: networkx backend defined more than once: nx-loopback
  backends.update(_get_backends("networkx.backends"))
/home/kxu/miniforge3/envs/sgym-hab/lib/python3.9/site-packages/networkx/utils/backends.py:135: RuntimeWarning: networkx backend defined more than once: nx-loopback
  backends.update(_get_backends("networkx.backends"))
/home/kxu/miniforge3/envs/sgym-hab/lib/python3.9/site-packages/networkx/utils/backends.py:135: RuntimeWarning: networkx backend defined more than once: nx-loopback
  backends.update(_get_backends("networkx.backends"))
/home/kxu/miniforge3/envs/sgym-hab/lib/python3.9/site-packages/networkx/utils/backends.py:135: RuntimeWarning: networkx backend defined more than once: nx-loopback
  backends.update(_get_backends("networkx.backends"))
INFO:__mp_main__:Worker 2: Finished collecting 256 steps.
INFO:__mp_main__:Worker 8: Finished collecting 256 steps.
INFO:__mp_main__:Worker 11: Finished collecting 256 steps.
INFO:__mp_main__:Worker 0: Finished collecting 256 steps.
INFO:__mp_main__:Worker 4: Finished collecting 256 steps.
INFO:__mp_main__:Worker 1: Finished collecting 256 steps.
INFO:__mp_main__:Worker 10: Finished collecting 256 steps.
INFO:__mp_main__:Worker 13: Finished collecting 256 steps.
INFO:__mp_main__:Worker 5: Finished collecting 256 steps.
INFO:__mp_main__:Worker 6: Finished collecting 256 steps.
INFO:__mp_main__:Worker 15: Finished collecting 256 steps.
INFO:__mp_main__:Worker 3: Finished collecting 256 steps.
INFO:__mp_main__:Worker 9: Finished collecting 256 steps.
INFO:__mp_main__:Worker 7: Finished collecting 256 steps.
INFO:__mp_main__:Worker 14: Finished collecting 256 steps.
INFO:__mp_main__:Worker 12: Finished collecting 256 steps.
INFO:__main__:Update: 82/146, Timesteps: 335872/600000, FPS: 65, Episodes: 13120, Avg Reward (Last 100): 17.73, Avg Length (Last 100): 49.00
/home/kxu/miniforge3/envs/sgym-hab/lib/python3.9/site-packages/networkx/utils/backends.py:135: RuntimeWarning: networkx backend defined more than once: nx-loopback
  backends.update(_get_backends("networkx.backends"))
/home/kxu/miniforge3/envs/sgym-hab/lib/python3.9/site-packages/networkx/utils/backends.py:135: RuntimeWarning: networkx backend defined more than once: nx-loopback
  backends.update(_get_backends("networkx.backends"))
/home/kxu/miniforge3/envs/sgym-hab/lib/python3.9/site-packages/networkx/utils/backends.py:135: RuntimeWarning: networkx backend defined more than once: nx-loopback
  backends.update(_get_backends("networkx.backends"))
/home/kxu/miniforge3/envs/sgym-hab/lib/python3.9/site-packages/networkx/utils/backends.py:135: RuntimeWarning: networkx backend defined more than once: nx-loopback
  backends.update(_get_backends("networkx.backends"))
/home/kxu/miniforge3/envs/sgym-hab/lib/python3.9/site-packages/networkx/utils/backends.py:135: RuntimeWarning: networkx backend defined more than once: nx-loopback
  backends.update(_get_backends("networkx.backends"))
/home/kxu/miniforge3/envs/sgym-hab/lib/python3.9/site-packages/networkx/utils/backends.py:135: RuntimeWarning: networkx backend defined more than once: nx-loopback
  backends.update(_get_backends("networkx.backends"))
/home/kxu/miniforge3/envs/sgym-hab/lib/python3.9/site-packages/networkx/utils/backends.py:135: RuntimeWarning: networkx backend defined more than once: nx-loopback
  backends.update(_get_backends("networkx.backends"))
/home/kxu/miniforge3/envs/sgym-hab/lib/python3.9/site-packages/networkx/utils/backends.py:135: RuntimeWarning: networkx backend defined more than once: nx-loopback
  backends.update(_get_backends("networkx.backends"))
/home/kxu/miniforge3/envs/sgym-hab/lib/python3.9/site-packages/networkx/utils/backends.py:135: RuntimeWarning: networkx backend defined more than once: nx-loopback
  backends.update(_get_backends("networkx.backends"))
/home/kxu/miniforge3/envs/sgym-hab/lib/python3.9/site-packages/networkx/utils/backends.py:135: RuntimeWarning: networkx backend defined more than once: nx-loopback
  backends.update(_get_backends("networkx.backends"))
/home/kxu/miniforge3/envs/sgym-hab/lib/python3.9/site-packages/networkx/utils/backends.py:135: RuntimeWarning: networkx backend defined more than once: nx-loopback
  backends.update(_get_backends("networkx.backends"))
/home/kxu/miniforge3/envs/sgym-hab/lib/python3.9/site-packages/networkx/utils/backends.py:135: RuntimeWarning: networkx backend defined more than once: nx-loopback
  backends.update(_get_backends("networkx.backends"))
/home/kxu/miniforge3/envs/sgym-hab/lib/python3.9/site-packages/networkx/utils/backends.py:135: RuntimeWarning: networkx backend defined more than once: nx-loopback
  backends.update(_get_backends("networkx.backends"))
/home/kxu/miniforge3/envs/sgym-hab/lib/python3.9/site-packages/networkx/utils/backends.py:135: RuntimeWarning: networkx backend defined more than once: nx-loopback
  backends.update(_get_backends("networkx.backends"))
/home/kxu/miniforge3/envs/sgym-hab/lib/python3.9/site-packages/networkx/utils/backends.py:135: RuntimeWarning: networkx backend defined more than once: nx-loopback
  backends.update(_get_backends("networkx.backends"))
/home/kxu/miniforge3/envs/sgym-hab/lib/python3.9/site-packages/networkx/utils/backends.py:135: RuntimeWarning: networkx backend defined more than once: nx-loopback
  backends.update(_get_backends("networkx.backends"))
INFO:__mp_main__:Worker 3: Finished collecting 256 steps.
INFO:__mp_main__:Worker 6: Finished collecting 256 steps.
INFO:__mp_main__:Worker 12: Finished collecting 256 steps.
INFO:__mp_main__:Worker 7: Finished collecting 256 steps.
INFO:__mp_main__:Worker 15: Finished collecting 256 steps.
INFO:__mp_main__:Worker 8: Finished collecting 256 steps.
INFO:__mp_main__:Worker 11: Finished collecting 256 steps.
INFO:__mp_main__:Worker 2: Finished collecting 256 steps.
INFO:__mp_main__:Worker 0: Finished collecting 256 steps.
INFO:__mp_main__:Worker 9: Finished collecting 256 steps.
INFO:__mp_main__:Worker 1: Finished collecting 256 steps.
INFO:__mp_main__:Worker 4: Finished collecting 256 steps.
INFO:__mp_main__:Worker 5: Finished collecting 256 steps.
INFO:__mp_main__:Worker 14: Finished collecting 256 steps.
INFO:__mp_main__:Worker 13: Finished collecting 256 steps.
INFO:__mp_main__:Worker 10: Finished collecting 256 steps.
INFO:__main__:Update: 83/146, Timesteps: 339968/600000, FPS: 65, Episodes: 13280, Avg Reward (Last 100): 18.84, Avg Length (Last 100): 48.90
/home/kxu/miniforge3/envs/sgym-hab/lib/python3.9/site-packages/networkx/utils/backends.py:135: RuntimeWarning: networkx backend defined more than once: nx-loopback
  backends.update(_get_backends("networkx.backends"))
/home/kxu/miniforge3/envs/sgym-hab/lib/python3.9/site-packages/networkx/utils/backends.py:135: RuntimeWarning: networkx backend defined more than once: nx-loopback
  backends.update(_get_backends("networkx.backends"))
/home/kxu/miniforge3/envs/sgym-hab/lib/python3.9/site-packages/networkx/utils/backends.py:135: RuntimeWarning: networkx backend defined more than once: nx-loopback
  backends.update(_get_backends("networkx.backends"))
/home/kxu/miniforge3/envs/sgym-hab/lib/python3.9/site-packages/networkx/utils/backends.py:135: RuntimeWarning: networkx backend defined more than once: nx-loopback
  backends.update(_get_backends("networkx.backends"))
/home/kxu/miniforge3/envs/sgym-hab/lib/python3.9/site-packages/networkx/utils/backends.py:135: RuntimeWarning: networkx backend defined more than once: nx-loopback
  backends.update(_get_backends("networkx.backends"))
/home/kxu/miniforge3/envs/sgym-hab/lib/python3.9/site-packages/networkx/utils/backends.py:135: RuntimeWarning: networkx backend defined more than once: nx-loopback
  backends.update(_get_backends("networkx.backends"))
/home/kxu/miniforge3/envs/sgym-hab/lib/python3.9/site-packages/networkx/utils/backends.py:135: RuntimeWarning: networkx backend defined more than once: nx-loopback
  backends.update(_get_backends("networkx.backends"))
/home/kxu/miniforge3/envs/sgym-hab/lib/python3.9/site-packages/networkx/utils/backends.py:135: RuntimeWarning: networkx backend defined more than once: nx-loopback
  backends.update(_get_backends("networkx.backends"))
/home/kxu/miniforge3/envs/sgym-hab/lib/python3.9/site-packages/networkx/utils/backends.py:135: RuntimeWarning: networkx backend defined more than once: nx-loopback
  backends.update(_get_backends("networkx.backends"))
/home/kxu/miniforge3/envs/sgym-hab/lib/python3.9/site-packages/networkx/utils/backends.py:135: RuntimeWarning: networkx backend defined more than once: nx-loopback
  backends.update(_get_backends("networkx.backends"))
/home/kxu/miniforge3/envs/sgym-hab/lib/python3.9/site-packages/networkx/utils/backends.py:135: RuntimeWarning: networkx backend defined more than once: nx-loopback
  backends.update(_get_backends("networkx.backends"))
/home/kxu/miniforge3/envs/sgym-hab/lib/python3.9/site-packages/networkx/utils/backends.py:135: RuntimeWarning: networkx backend defined more than once: nx-loopback
  backends.update(_get_backends("networkx.backends"))
/home/kxu/miniforge3/envs/sgym-hab/lib/python3.9/site-packages/networkx/utils/backends.py:135: RuntimeWarning: networkx backend defined more than once: nx-loopback
  backends.update(_get_backends("networkx.backends"))
/home/kxu/miniforge3/envs/sgym-hab/lib/python3.9/site-packages/networkx/utils/backends.py:135: RuntimeWarning: networkx backend defined more than once: nx-loopback
  backends.update(_get_backends("networkx.backends"))
/home/kxu/miniforge3/envs/sgym-hab/lib/python3.9/site-packages/networkx/utils/backends.py:135: RuntimeWarning: networkx backend defined more than once: nx-loopback
  backends.update(_get_backends("networkx.backends"))
/home/kxu/miniforge3/envs/sgym-hab/lib/python3.9/site-packages/networkx/utils/backends.py:135: RuntimeWarning: networkx backend defined more than once: nx-loopback
  backends.update(_get_backends("networkx.backends"))
INFO:__mp_main__:Worker 0: Finished collecting 256 steps.
INFO:__mp_main__:Worker 1: Finished collecting 256 steps.
INFO:__mp_main__:Worker 15: Finished collecting 256 steps.
INFO:__mp_main__:Worker 12: Finished collecting 256 steps.
INFO:__mp_main__:Worker 10: Finished collecting 256 steps.
INFO:__mp_main__:Worker 8: Finished collecting 256 steps.
INFO:__mp_main__:Worker 6: Finished collecting 256 steps.
INFO:__mp_main__:Worker 13: Finished collecting 256 steps.
INFO:__mp_main__:Worker 5: Finished collecting 256 steps.
INFO:__mp_main__:Worker 14: Finished collecting 256 steps.
INFO:__mp_main__:Worker 4: Finished collecting 256 steps.
INFO:__mp_main__:Worker 7: Finished collecting 256 steps.
INFO:__mp_main__:Worker 2: Finished collecting 256 steps.
INFO:__mp_main__:Worker 3: Finished collecting 256 steps.
INFO:__mp_main__:Worker 11: Finished collecting 256 steps.
INFO:__mp_main__:Worker 9: Finished collecting 256 steps.
INFO:__main__:Update: 84/146, Timesteps: 344064/600000, FPS: 65, Episodes: 13440, Avg Reward (Last 100): 17.48, Avg Length (Last 100): 48.72
/home/kxu/miniforge3/envs/sgym-hab/lib/python3.9/site-packages/networkx/utils/backends.py:135: RuntimeWarning: networkx backend defined more than once: nx-loopback
  backends.update(_get_backends("networkx.backends"))
/home/kxu/miniforge3/envs/sgym-hab/lib/python3.9/site-packages/networkx/utils/backends.py:135: RuntimeWarning: networkx backend defined more than once: nx-loopback
  backends.update(_get_backends("networkx.backends"))
/home/kxu/miniforge3/envs/sgym-hab/lib/python3.9/site-packages/networkx/utils/backends.py:135: RuntimeWarning: networkx backend defined more than once: nx-loopback
  backends.update(_get_backends("networkx.backends"))
/home/kxu/miniforge3/envs/sgym-hab/lib/python3.9/site-packages/networkx/utils/backends.py:135: RuntimeWarning: networkx backend defined more than once: nx-loopback
  backends.update(_get_backends("networkx.backends"))
/home/kxu/miniforge3/envs/sgym-hab/lib/python3.9/site-packages/networkx/utils/backends.py:135: RuntimeWarning: networkx backend defined more than once: nx-loopback
  backends.update(_get_backends("networkx.backends"))
/home/kxu/miniforge3/envs/sgym-hab/lib/python3.9/site-packages/networkx/utils/backends.py:135: RuntimeWarning: networkx backend defined more than once: nx-loopback
  backends.update(_get_backends("networkx.backends"))
/home/kxu/miniforge3/envs/sgym-hab/lib/python3.9/site-packages/networkx/utils/backends.py:135: RuntimeWarning: networkx backend defined more than once: nx-loopback
  backends.update(_get_backends("networkx.backends"))
/home/kxu/miniforge3/envs/sgym-hab/lib/python3.9/site-packages/networkx/utils/backends.py:135: RuntimeWarning: networkx backend defined more than once: nx-loopback
  backends.update(_get_backends("networkx.backends"))
/home/kxu/miniforge3/envs/sgym-hab/lib/python3.9/site-packages/networkx/utils/backends.py:135: RuntimeWarning: networkx backend defined more than once: nx-loopback
  backends.update(_get_backends("networkx.backends"))
/home/kxu/miniforge3/envs/sgym-hab/lib/python3.9/site-packages/networkx/utils/backends.py:135: RuntimeWarning: networkx backend defined more than once: nx-loopback
  backends.update(_get_backends("networkx.backends"))
/home/kxu/miniforge3/envs/sgym-hab/lib/python3.9/site-packages/networkx/utils/backends.py:135: RuntimeWarning: networkx backend defined more than once: nx-loopback
  backends.update(_get_backends("networkx.backends"))
/home/kxu/miniforge3/envs/sgym-hab/lib/python3.9/site-packages/networkx/utils/backends.py:135: RuntimeWarning: networkx backend defined more than once: nx-loopback
  backends.update(_get_backends("networkx.backends"))
/home/kxu/miniforge3/envs/sgym-hab/lib/python3.9/site-packages/networkx/utils/backends.py:135: RuntimeWarning: networkx backend defined more than once: nx-loopback
  backends.update(_get_backends("networkx.backends"))
/home/kxu/miniforge3/envs/sgym-hab/lib/python3.9/site-packages/networkx/utils/backends.py:135: RuntimeWarning: networkx backend defined more than once: nx-loopback
  backends.update(_get_backends("networkx.backends"))
/home/kxu/miniforge3/envs/sgym-hab/lib/python3.9/site-packages/networkx/utils/backends.py:135: RuntimeWarning: networkx backend defined more than once: nx-loopback
  backends.update(_get_backends("networkx.backends"))
/home/kxu/miniforge3/envs/sgym-hab/lib/python3.9/site-packages/networkx/utils/backends.py:135: RuntimeWarning: networkx backend defined more than once: nx-loopback
  backends.update(_get_backends("networkx.backends"))
INFO:__mp_main__:Worker 13: Finished collecting 256 steps.
INFO:__mp_main__:Worker 11: Finished collecting 256 steps.
INFO:__mp_main__:Worker 6: Finished collecting 256 steps.
INFO:__mp_main__:Worker 3: Finished collecting 256 steps.
INFO:__mp_main__:Worker 0: Finished collecting 256 steps.
INFO:__mp_main__:Worker 15: Finished collecting 256 steps.
INFO:__mp_main__:Worker 7: Finished collecting 256 steps.
INFO:__mp_main__:Worker 14: Finished collecting 256 steps.
INFO:__mp_main__:Worker 10: Finished collecting 256 steps.
INFO:__mp_main__:Worker 2: Finished collecting 256 steps.
INFO:__mp_main__:Worker 1: Finished collecting 256 steps.
INFO:__mp_main__:Worker 9: Finished collecting 256 steps.
INFO:__mp_main__:Worker 12: Finished collecting 256 steps.
INFO:__mp_main__:Worker 5: Finished collecting 256 steps.
INFO:__mp_main__:Worker 4: Finished collecting 256 steps.
INFO:__mp_main__:Worker 8: Finished collecting 256 steps.
INFO:__main__:Update: 85/146, Timesteps: 348160/600000, FPS: 65, Episodes: 13600, Avg Reward (Last 100): 17.91, Avg Length (Last 100): 49.00
/home/kxu/miniforge3/envs/sgym-hab/lib/python3.9/site-packages/networkx/utils/backends.py:135: RuntimeWarning: networkx backend defined more than once: nx-loopback
  backends.update(_get_backends("networkx.backends"))
/home/kxu/miniforge3/envs/sgym-hab/lib/python3.9/site-packages/networkx/utils/backends.py:135: RuntimeWarning: networkx backend defined more than once: nx-loopback
  backends.update(_get_backends("networkx.backends"))
/home/kxu/miniforge3/envs/sgym-hab/lib/python3.9/site-packages/networkx/utils/backends.py:135: RuntimeWarning: networkx backend defined more than once: nx-loopback
  backends.update(_get_backends("networkx.backends"))
/home/kxu/miniforge3/envs/sgym-hab/lib/python3.9/site-packages/networkx/utils/backends.py:135: RuntimeWarning: networkx backend defined more than once: nx-loopback
  backends.update(_get_backends("networkx.backends"))
/home/kxu/miniforge3/envs/sgym-hab/lib/python3.9/site-packages/networkx/utils/backends.py:135: RuntimeWarning: networkx backend defined more than once: nx-loopback
  backends.update(_get_backends("networkx.backends"))
/home/kxu/miniforge3/envs/sgym-hab/lib/python3.9/site-packages/networkx/utils/backends.py:135: RuntimeWarning: networkx backend defined more than once: nx-loopback
  backends.update(_get_backends("networkx.backends"))
/home/kxu/miniforge3/envs/sgym-hab/lib/python3.9/site-packages/networkx/utils/backends.py:135: RuntimeWarning: networkx backend defined more than once: nx-loopback
  backends.update(_get_backends("networkx.backends"))
/home/kxu/miniforge3/envs/sgym-hab/lib/python3.9/site-packages/networkx/utils/backends.py:135: RuntimeWarning: networkx backend defined more than once: nx-loopback
  backends.update(_get_backends("networkx.backends"))
/home/kxu/miniforge3/envs/sgym-hab/lib/python3.9/site-packages/networkx/utils/backends.py:135: RuntimeWarning: networkx backend defined more than once: nx-loopback
  backends.update(_get_backends("networkx.backends"))
/home/kxu/miniforge3/envs/sgym-hab/lib/python3.9/site-packages/networkx/utils/backends.py:135: RuntimeWarning: networkx backend defined more than once: nx-loopback
  backends.update(_get_backends("networkx.backends"))
/home/kxu/miniforge3/envs/sgym-hab/lib/python3.9/site-packages/networkx/utils/backends.py:135: RuntimeWarning: networkx backend defined more than once: nx-loopback
  backends.update(_get_backends("networkx.backends"))
/home/kxu/miniforge3/envs/sgym-hab/lib/python3.9/site-packages/networkx/utils/backends.py:135: RuntimeWarning: networkx backend defined more than once: nx-loopback
  backends.update(_get_backends("networkx.backends"))
/home/kxu/miniforge3/envs/sgym-hab/lib/python3.9/site-packages/networkx/utils/backends.py:135: RuntimeWarning: networkx backend defined more than once: nx-loopback
  backends.update(_get_backends("networkx.backends"))
/home/kxu/miniforge3/envs/sgym-hab/lib/python3.9/site-packages/networkx/utils/backends.py:135: RuntimeWarning: networkx backend defined more than once: nx-loopback
  backends.update(_get_backends("networkx.backends"))
/home/kxu/miniforge3/envs/sgym-hab/lib/python3.9/site-packages/networkx/utils/backends.py:135: RuntimeWarning: networkx backend defined more than once: nx-loopback
  backends.update(_get_backends("networkx.backends"))
/home/kxu/miniforge3/envs/sgym-hab/lib/python3.9/site-packages/networkx/utils/backends.py:135: RuntimeWarning: networkx backend defined more than once: nx-loopback
  backends.update(_get_backends("networkx.backends"))
INFO:__mp_main__:Worker 10: Finished collecting 256 steps.
INFO:__mp_main__:Worker 4: Finished collecting 256 steps.
INFO:__mp_main__:Worker 8: Finished collecting 256 steps.
INFO:__mp_main__:Worker 1: Finished collecting 256 steps.
INFO:__mp_main__:Worker 2: Finished collecting 256 steps.
INFO:__mp_main__:Worker 6: Finished collecting 256 steps.
INFO:__mp_main__:Worker 0: Finished collecting 256 steps.
INFO:__mp_main__:Worker 5: Finished collecting 256 steps.
INFO:__mp_main__:Worker 3: Finished collecting 256 steps.
INFO:__mp_main__:Worker 9: Finished collecting 256 steps.
INFO:__mp_main__:Worker 13: Finished collecting 256 steps.
INFO:__mp_main__:Worker 7: Finished collecting 256 steps.
INFO:__mp_main__:Worker 11: Finished collecting 256 steps.
INFO:__mp_main__:Worker 14: Finished collecting 256 steps.
INFO:__mp_main__:Worker 12: Finished collecting 256 steps.
INFO:__mp_main__:Worker 15: Finished collecting 256 steps.
INFO:__main__:Update: 86/146, Timesteps: 352256/600000, FPS: 65, Episodes: 13760, Avg Reward (Last 100): 16.66, Avg Length (Last 100): 48.94
/home/kxu/miniforge3/envs/sgym-hab/lib/python3.9/site-packages/networkx/utils/backends.py:135: RuntimeWarning: networkx backend defined more than once: nx-loopback
  backends.update(_get_backends("networkx.backends"))
/home/kxu/miniforge3/envs/sgym-hab/lib/python3.9/site-packages/networkx/utils/backends.py:135: RuntimeWarning: networkx backend defined more than once: nx-loopback
  backends.update(_get_backends("networkx.backends"))
/home/kxu/miniforge3/envs/sgym-hab/lib/python3.9/site-packages/networkx/utils/backends.py:135: RuntimeWarning: networkx backend defined more than once: nx-loopback
  backends.update(_get_backends("networkx.backends"))
/home/kxu/miniforge3/envs/sgym-hab/lib/python3.9/site-packages/networkx/utils/backends.py:135: RuntimeWarning: networkx backend defined more than once: nx-loopback
  backends.update(_get_backends("networkx.backends"))
/home/kxu/miniforge3/envs/sgym-hab/lib/python3.9/site-packages/networkx/utils/backends.py:135: RuntimeWarning: networkx backend defined more than once: nx-loopback
  backends.update(_get_backends("networkx.backends"))
/home/kxu/miniforge3/envs/sgym-hab/lib/python3.9/site-packages/networkx/utils/backends.py:135: RuntimeWarning: networkx backend defined more than once: nx-loopback
  backends.update(_get_backends("networkx.backends"))
/home/kxu/miniforge3/envs/sgym-hab/lib/python3.9/site-packages/networkx/utils/backends.py:135: RuntimeWarning: networkx backend defined more than once: nx-loopback
  backends.update(_get_backends("networkx.backends"))
/home/kxu/miniforge3/envs/sgym-hab/lib/python3.9/site-packages/networkx/utils/backends.py:135: RuntimeWarning: networkx backend defined more than once: nx-loopback
  backends.update(_get_backends("networkx.backends"))
/home/kxu/miniforge3/envs/sgym-hab/lib/python3.9/site-packages/networkx/utils/backends.py:135: RuntimeWarning: networkx backend defined more than once: nx-loopback
  backends.update(_get_backends("networkx.backends"))
/home/kxu/miniforge3/envs/sgym-hab/lib/python3.9/site-packages/networkx/utils/backends.py:135: RuntimeWarning: networkx backend defined more than once: nx-loopback
  backends.update(_get_backends("networkx.backends"))
/home/kxu/miniforge3/envs/sgym-hab/lib/python3.9/site-packages/networkx/utils/backends.py:135: RuntimeWarning: networkx backend defined more than once: nx-loopback
  backends.update(_get_backends("networkx.backends"))
/home/kxu/miniforge3/envs/sgym-hab/lib/python3.9/site-packages/networkx/utils/backends.py:135: RuntimeWarning: networkx backend defined more than once: nx-loopback
  backends.update(_get_backends("networkx.backends"))
/home/kxu/miniforge3/envs/sgym-hab/lib/python3.9/site-packages/networkx/utils/backends.py:135: RuntimeWarning: networkx backend defined more than once: nx-loopback
  backends.update(_get_backends("networkx.backends"))
/home/kxu/miniforge3/envs/sgym-hab/lib/python3.9/site-packages/networkx/utils/backends.py:135: RuntimeWarning: networkx backend defined more than once: nx-loopback
  backends.update(_get_backends("networkx.backends"))
/home/kxu/miniforge3/envs/sgym-hab/lib/python3.9/site-packages/networkx/utils/backends.py:135: RuntimeWarning: networkx backend defined more than once: nx-loopback
  backends.update(_get_backends("networkx.backends"))
/home/kxu/miniforge3/envs/sgym-hab/lib/python3.9/site-packages/networkx/utils/backends.py:135: RuntimeWarning: networkx backend defined more than once: nx-loopback
  backends.update(_get_backends("networkx.backends"))
INFO:__mp_main__:Worker 9: Finished collecting 256 steps.
INFO:__mp_main__:Worker 12: Finished collecting 256 steps.
INFO:__mp_main__:Worker 14: Finished collecting 256 steps.
INFO:__mp_main__:Worker 2: Finished collecting 256 steps.
INFO:__mp_main__:Worker 4: Finished collecting 256 steps.
INFO:__mp_main__:Worker 5: Finished collecting 256 steps.
INFO:__mp_main__:Worker 1: Finished collecting 256 steps.
INFO:__mp_main__:Worker 11: Finished collecting 256 steps.
INFO:__mp_main__:Worker 6: Finished collecting 256 steps.
INFO:__mp_main__:Worker 7: Finished collecting 256 steps.
INFO:__mp_main__:Worker 0: Finished collecting 256 steps.
INFO:__mp_main__:Worker 3: Finished collecting 256 steps.
INFO:__mp_main__:Worker 10: Finished collecting 256 steps.
INFO:__mp_main__:Worker 13: Finished collecting 256 steps.
INFO:__mp_main__:Worker 8: Finished collecting 256 steps.
INFO:__mp_main__:Worker 15: Finished collecting 256 steps.
INFO:__main__:Update: 87/146, Timesteps: 356352/600000, FPS: 65, Episodes: 13920, Avg Reward (Last 100): 16.77, Avg Length (Last 100): 49.00
/home/kxu/miniforge3/envs/sgym-hab/lib/python3.9/site-packages/networkx/utils/backends.py:135: RuntimeWarning: networkx backend defined more than once: nx-loopback
  backends.update(_get_backends("networkx.backends"))
/home/kxu/miniforge3/envs/sgym-hab/lib/python3.9/site-packages/networkx/utils/backends.py:135: RuntimeWarning: networkx backend defined more than once: nx-loopback
  backends.update(_get_backends("networkx.backends"))
/home/kxu/miniforge3/envs/sgym-hab/lib/python3.9/site-packages/networkx/utils/backends.py:135: RuntimeWarning: networkx backend defined more than once: nx-loopback
  backends.update(_get_backends("networkx.backends"))
/home/kxu/miniforge3/envs/sgym-hab/lib/python3.9/site-packages/networkx/utils/backends.py:135: RuntimeWarning: networkx backend defined more than once: nx-loopback
  backends.update(_get_backends("networkx.backends"))
/home/kxu/miniforge3/envs/sgym-hab/lib/python3.9/site-packages/networkx/utils/backends.py:135: RuntimeWarning: networkx backend defined more than once: nx-loopback
  backends.update(_get_backends("networkx.backends"))
/home/kxu/miniforge3/envs/sgym-hab/lib/python3.9/site-packages/networkx/utils/backends.py:135: RuntimeWarning: networkx backend defined more than once: nx-loopback
  backends.update(_get_backends("networkx.backends"))
/home/kxu/miniforge3/envs/sgym-hab/lib/python3.9/site-packages/networkx/utils/backends.py:135: RuntimeWarning: networkx backend defined more than once: nx-loopback
  backends.update(_get_backends("networkx.backends"))
/home/kxu/miniforge3/envs/sgym-hab/lib/python3.9/site-packages/networkx/utils/backends.py:135: RuntimeWarning: networkx backend defined more than once: nx-loopback
  backends.update(_get_backends("networkx.backends"))
/home/kxu/miniforge3/envs/sgym-hab/lib/python3.9/site-packages/networkx/utils/backends.py:135: RuntimeWarning: networkx backend defined more than once: nx-loopback
  backends.update(_get_backends("networkx.backends"))
/home/kxu/miniforge3/envs/sgym-hab/lib/python3.9/site-packages/networkx/utils/backends.py:135: RuntimeWarning: networkx backend defined more than once: nx-loopback
  backends.update(_get_backends("networkx.backends"))
/home/kxu/miniforge3/envs/sgym-hab/lib/python3.9/site-packages/networkx/utils/backends.py:135: RuntimeWarning: networkx backend defined more than once: nx-loopback
  backends.update(_get_backends("networkx.backends"))
/home/kxu/miniforge3/envs/sgym-hab/lib/python3.9/site-packages/networkx/utils/backends.py:135: RuntimeWarning: networkx backend defined more than once: nx-loopback
  backends.update(_get_backends("networkx.backends"))
/home/kxu/miniforge3/envs/sgym-hab/lib/python3.9/site-packages/networkx/utils/backends.py:135: RuntimeWarning: networkx backend defined more than once: nx-loopback
  backends.update(_get_backends("networkx.backends"))
/home/kxu/miniforge3/envs/sgym-hab/lib/python3.9/site-packages/networkx/utils/backends.py:135: RuntimeWarning: networkx backend defined more than once: nx-loopback
  backends.update(_get_backends("networkx.backends"))
/home/kxu/miniforge3/envs/sgym-hab/lib/python3.9/site-packages/networkx/utils/backends.py:135: RuntimeWarning: networkx backend defined more than once: nx-loopback
  backends.update(_get_backends("networkx.backends"))
/home/kxu/miniforge3/envs/sgym-hab/lib/python3.9/site-packages/networkx/utils/backends.py:135: RuntimeWarning: networkx backend defined more than once: nx-loopback
  backends.update(_get_backends("networkx.backends"))
INFO:__mp_main__:Worker 3: Finished collecting 256 steps.
INFO:__mp_main__:Worker 11: Finished collecting 256 steps.
INFO:__mp_main__:Worker 2: Finished collecting 256 steps.
INFO:__mp_main__:Worker 0: Finished collecting 256 steps.
INFO:__mp_main__:Worker 7: Finished collecting 256 steps.
INFO:__mp_main__:Worker 6: Finished collecting 256 steps.
INFO:__mp_main__:Worker 15: Finished collecting 256 steps.
INFO:__mp_main__:Worker 5: Finished collecting 256 steps.
INFO:__mp_main__:Worker 8: Finished collecting 256 steps.
INFO:__mp_main__:Worker 9: Finished collecting 256 steps.
INFO:__mp_main__:Worker 4: Finished collecting 256 steps.
INFO:__mp_main__:Worker 1: Finished collecting 256 steps.
INFO:__mp_main__:Worker 13: Finished collecting 256 steps.
INFO:__mp_main__:Worker 10: Finished collecting 256 steps.
INFO:__mp_main__:Worker 12: Finished collecting 256 steps.
INFO:__mp_main__:Worker 14: Finished collecting 256 steps.
INFO:__main__:Update: 88/146, Timesteps: 360448/600000, FPS: 65, Episodes: 14080, Avg Reward (Last 100): 17.67, Avg Length (Last 100): 49.00
/home/kxu/miniforge3/envs/sgym-hab/lib/python3.9/site-packages/networkx/utils/backends.py:135: RuntimeWarning: networkx backend defined more than once: nx-loopback
  backends.update(_get_backends("networkx.backends"))
/home/kxu/miniforge3/envs/sgym-hab/lib/python3.9/site-packages/networkx/utils/backends.py:135: RuntimeWarning: networkx backend defined more than once: nx-loopback
  backends.update(_get_backends("networkx.backends"))
/home/kxu/miniforge3/envs/sgym-hab/lib/python3.9/site-packages/networkx/utils/backends.py:135: RuntimeWarning: networkx backend defined more than once: nx-loopback
  backends.update(_get_backends("networkx.backends"))
/home/kxu/miniforge3/envs/sgym-hab/lib/python3.9/site-packages/networkx/utils/backends.py:135: RuntimeWarning: networkx backend defined more than once: nx-loopback
  backends.update(_get_backends("networkx.backends"))
/home/kxu/miniforge3/envs/sgym-hab/lib/python3.9/site-packages/networkx/utils/backends.py:135: RuntimeWarning: networkx backend defined more than once: nx-loopback
  backends.update(_get_backends("networkx.backends"))
/home/kxu/miniforge3/envs/sgym-hab/lib/python3.9/site-packages/networkx/utils/backends.py:135: RuntimeWarning: networkx backend defined more than once: nx-loopback
  backends.update(_get_backends("networkx.backends"))
/home/kxu/miniforge3/envs/sgym-hab/lib/python3.9/site-packages/networkx/utils/backends.py:135: RuntimeWarning: networkx backend defined more than once: nx-loopback
  backends.update(_get_backends("networkx.backends"))
/home/kxu/miniforge3/envs/sgym-hab/lib/python3.9/site-packages/networkx/utils/backends.py:135: RuntimeWarning: networkx backend defined more than once: nx-loopback
  backends.update(_get_backends("networkx.backends"))
/home/kxu/miniforge3/envs/sgym-hab/lib/python3.9/site-packages/networkx/utils/backends.py:135: RuntimeWarning: networkx backend defined more than once: nx-loopback
  backends.update(_get_backends("networkx.backends"))
/home/kxu/miniforge3/envs/sgym-hab/lib/python3.9/site-packages/networkx/utils/backends.py:135: RuntimeWarning: networkx backend defined more than once: nx-loopback
  backends.update(_get_backends("networkx.backends"))
/home/kxu/miniforge3/envs/sgym-hab/lib/python3.9/site-packages/networkx/utils/backends.py:135: RuntimeWarning: networkx backend defined more than once: nx-loopback
  backends.update(_get_backends("networkx.backends"))
/home/kxu/miniforge3/envs/sgym-hab/lib/python3.9/site-packages/networkx/utils/backends.py:135: RuntimeWarning: networkx backend defined more than once: nx-loopback
  backends.update(_get_backends("networkx.backends"))
/home/kxu/miniforge3/envs/sgym-hab/lib/python3.9/site-packages/networkx/utils/backends.py:135: RuntimeWarning: networkx backend defined more than once: nx-loopback
  backends.update(_get_backends("networkx.backends"))
/home/kxu/miniforge3/envs/sgym-hab/lib/python3.9/site-packages/networkx/utils/backends.py:135: RuntimeWarning: networkx backend defined more than once: nx-loopback
  backends.update(_get_backends("networkx.backends"))
/home/kxu/miniforge3/envs/sgym-hab/lib/python3.9/site-packages/networkx/utils/backends.py:135: RuntimeWarning: networkx backend defined more than once: nx-loopback
  backends.update(_get_backends("networkx.backends"))
/home/kxu/miniforge3/envs/sgym-hab/lib/python3.9/site-packages/networkx/utils/backends.py:135: RuntimeWarning: networkx backend defined more than once: nx-loopback
  backends.update(_get_backends("networkx.backends"))
INFO:__mp_main__:Worker 1: Finished collecting 256 steps.
INFO:__mp_main__:Worker 14: Finished collecting 256 steps.
INFO:__mp_main__:Worker 2: Finished collecting 256 steps.
INFO:__mp_main__:Worker 3: Finished collecting 256 steps.
INFO:__mp_main__:Worker 5: Finished collecting 256 steps.
INFO:__mp_main__:Worker 9: Finished collecting 256 steps.
INFO:__mp_main__:Worker 6: Finished collecting 256 steps.
INFO:__mp_main__:Worker 4: Finished collecting 256 steps.
INFO:__mp_main__:Worker 7: Finished collecting 256 steps.
INFO:__mp_main__:Worker 8: Finished collecting 256 steps.
INFO:__mp_main__:Worker 13: Finished collecting 256 steps.
INFO:__mp_main__:Worker 0: Finished collecting 256 steps.
INFO:__mp_main__:Worker 15: Finished collecting 256 steps.
INFO:__mp_main__:Worker 10: Finished collecting 256 steps.
INFO:__mp_main__:Worker 12: Finished collecting 256 steps.
INFO:__mp_main__:Worker 11: Finished collecting 256 steps.
INFO:__main__:Update: 89/146, Timesteps: 364544/600000, FPS: 65, Episodes: 14240, Avg Reward (Last 100): 16.84, Avg Length (Last 100): 48.88
/home/kxu/miniforge3/envs/sgym-hab/lib/python3.9/site-packages/networkx/utils/backends.py:135: RuntimeWarning: networkx backend defined more than once: nx-loopback
  backends.update(_get_backends("networkx.backends"))
/home/kxu/miniforge3/envs/sgym-hab/lib/python3.9/site-packages/networkx/utils/backends.py:135: RuntimeWarning: networkx backend defined more than once: nx-loopback
  backends.update(_get_backends("networkx.backends"))
/home/kxu/miniforge3/envs/sgym-hab/lib/python3.9/site-packages/networkx/utils/backends.py:135: RuntimeWarning: networkx backend defined more than once: nx-loopback
  backends.update(_get_backends("networkx.backends"))
/home/kxu/miniforge3/envs/sgym-hab/lib/python3.9/site-packages/networkx/utils/backends.py:135: RuntimeWarning: networkx backend defined more than once: nx-loopback
  backends.update(_get_backends("networkx.backends"))
/home/kxu/miniforge3/envs/sgym-hab/lib/python3.9/site-packages/networkx/utils/backends.py:135: RuntimeWarning: networkx backend defined more than once: nx-loopback
  backends.update(_get_backends("networkx.backends"))
/home/kxu/miniforge3/envs/sgym-hab/lib/python3.9/site-packages/networkx/utils/backends.py:135: RuntimeWarning: networkx backend defined more than once: nx-loopback
  backends.update(_get_backends("networkx.backends"))
/home/kxu/miniforge3/envs/sgym-hab/lib/python3.9/site-packages/networkx/utils/backends.py:135: RuntimeWarning: networkx backend defined more than once: nx-loopback
  backends.update(_get_backends("networkx.backends"))
/home/kxu/miniforge3/envs/sgym-hab/lib/python3.9/site-packages/networkx/utils/backends.py:135: RuntimeWarning: networkx backend defined more than once: nx-loopback
  backends.update(_get_backends("networkx.backends"))
/home/kxu/miniforge3/envs/sgym-hab/lib/python3.9/site-packages/networkx/utils/backends.py:135: RuntimeWarning: networkx backend defined more than once: nx-loopback
  backends.update(_get_backends("networkx.backends"))
/home/kxu/miniforge3/envs/sgym-hab/lib/python3.9/site-packages/networkx/utils/backends.py:135: RuntimeWarning: networkx backend defined more than once: nx-loopback
  backends.update(_get_backends("networkx.backends"))
/home/kxu/miniforge3/envs/sgym-hab/lib/python3.9/site-packages/networkx/utils/backends.py:135: RuntimeWarning: networkx backend defined more than once: nx-loopback
  backends.update(_get_backends("networkx.backends"))
/home/kxu/miniforge3/envs/sgym-hab/lib/python3.9/site-packages/networkx/utils/backends.py:135: RuntimeWarning: networkx backend defined more than once: nx-loopback
  backends.update(_get_backends("networkx.backends"))
/home/kxu/miniforge3/envs/sgym-hab/lib/python3.9/site-packages/networkx/utils/backends.py:135: RuntimeWarning: networkx backend defined more than once: nx-loopback
  backends.update(_get_backends("networkx.backends"))
/home/kxu/miniforge3/envs/sgym-hab/lib/python3.9/site-packages/networkx/utils/backends.py:135: RuntimeWarning: networkx backend defined more than once: nx-loopback
  backends.update(_get_backends("networkx.backends"))
/home/kxu/miniforge3/envs/sgym-hab/lib/python3.9/site-packages/networkx/utils/backends.py:135: RuntimeWarning: networkx backend defined more than once: nx-loopback
  backends.update(_get_backends("networkx.backends"))
/home/kxu/miniforge3/envs/sgym-hab/lib/python3.9/site-packages/networkx/utils/backends.py:135: RuntimeWarning: networkx backend defined more than once: nx-loopback
  backends.update(_get_backends("networkx.backends"))
INFO:__mp_main__:Worker 7: Finished collecting 256 steps.
INFO:__mp_main__:Worker 11: Finished collecting 256 steps.
INFO:__mp_main__:Worker 14: Finished collecting 256 steps.
INFO:__mp_main__:Worker 8: Finished collecting 256 steps.
INFO:__mp_main__:Worker 5: Finished collecting 256 steps.
INFO:__mp_main__:Worker 12: Finished collecting 256 steps.
INFO:__mp_main__:Worker 1: Finished collecting 256 steps.
INFO:__mp_main__:Worker 13: Finished collecting 256 steps.
INFO:__mp_main__:Worker 10: Finished collecting 256 steps.
INFO:__mp_main__:Worker 3: Finished collecting 256 steps.
INFO:__mp_main__:Worker 9: Finished collecting 256 steps.
INFO:__mp_main__:Worker 4: Finished collecting 256 steps.
INFO:__mp_main__:Worker 0: Finished collecting 256 steps.
INFO:__mp_main__:Worker 2: Finished collecting 256 steps.
INFO:__mp_main__:Worker 6: Finished collecting 256 steps.
INFO:__mp_main__:Worker 15: Finished collecting 256 steps.
INFO:__main__:Update: 90/146, Timesteps: 368640/600000, FPS: 65, Episodes: 14400, Avg Reward (Last 100): 16.38, Avg Length (Last 100): 49.00
/home/kxu/miniforge3/envs/sgym-hab/lib/python3.9/site-packages/networkx/utils/backends.py:135: RuntimeWarning: networkx backend defined more than once: nx-loopback
  backends.update(_get_backends("networkx.backends"))
/home/kxu/miniforge3/envs/sgym-hab/lib/python3.9/site-packages/networkx/utils/backends.py:135: RuntimeWarning: networkx backend defined more than once: nx-loopback
  backends.update(_get_backends("networkx.backends"))
/home/kxu/miniforge3/envs/sgym-hab/lib/python3.9/site-packages/networkx/utils/backends.py:135: RuntimeWarning: networkx backend defined more than once: nx-loopback
  backends.update(_get_backends("networkx.backends"))
/home/kxu/miniforge3/envs/sgym-hab/lib/python3.9/site-packages/networkx/utils/backends.py:135: RuntimeWarning: networkx backend defined more than once: nx-loopback
  backends.update(_get_backends("networkx.backends"))
/home/kxu/miniforge3/envs/sgym-hab/lib/python3.9/site-packages/networkx/utils/backends.py:135: RuntimeWarning: networkx backend defined more than once: nx-loopback
  backends.update(_get_backends("networkx.backends"))
/home/kxu/miniforge3/envs/sgym-hab/lib/python3.9/site-packages/networkx/utils/backends.py:135: RuntimeWarning: networkx backend defined more than once: nx-loopback
  backends.update(_get_backends("networkx.backends"))
/home/kxu/miniforge3/envs/sgym-hab/lib/python3.9/site-packages/networkx/utils/backends.py:135: RuntimeWarning: networkx backend defined more than once: nx-loopback
  backends.update(_get_backends("networkx.backends"))
/home/kxu/miniforge3/envs/sgym-hab/lib/python3.9/site-packages/networkx/utils/backends.py:135: RuntimeWarning: networkx backend defined more than once: nx-loopback
  backends.update(_get_backends("networkx.backends"))
/home/kxu/miniforge3/envs/sgym-hab/lib/python3.9/site-packages/networkx/utils/backends.py:135: RuntimeWarning: networkx backend defined more than once: nx-loopback
  backends.update(_get_backends("networkx.backends"))
/home/kxu/miniforge3/envs/sgym-hab/lib/python3.9/site-packages/networkx/utils/backends.py:135: RuntimeWarning: networkx backend defined more than once: nx-loopback
  backends.update(_get_backends("networkx.backends"))
/home/kxu/miniforge3/envs/sgym-hab/lib/python3.9/site-packages/networkx/utils/backends.py:135: RuntimeWarning: networkx backend defined more than once: nx-loopback
  backends.update(_get_backends("networkx.backends"))
/home/kxu/miniforge3/envs/sgym-hab/lib/python3.9/site-packages/networkx/utils/backends.py:135: RuntimeWarning: networkx backend defined more than once: nx-loopback
  backends.update(_get_backends("networkx.backends"))
/home/kxu/miniforge3/envs/sgym-hab/lib/python3.9/site-packages/networkx/utils/backends.py:135: RuntimeWarning: networkx backend defined more than once: nx-loopback
  backends.update(_get_backends("networkx.backends"))
/home/kxu/miniforge3/envs/sgym-hab/lib/python3.9/site-packages/networkx/utils/backends.py:135: RuntimeWarning: networkx backend defined more than once: nx-loopback
  backends.update(_get_backends("networkx.backends"))
/home/kxu/miniforge3/envs/sgym-hab/lib/python3.9/site-packages/networkx/utils/backends.py:135: RuntimeWarning: networkx backend defined more than once: nx-loopback
  backends.update(_get_backends("networkx.backends"))
/home/kxu/miniforge3/envs/sgym-hab/lib/python3.9/site-packages/networkx/utils/backends.py:135: RuntimeWarning: networkx backend defined more than once: nx-loopback
  backends.update(_get_backends("networkx.backends"))
INFO:__mp_main__:Worker 9: Finished collecting 256 steps.
INFO:__mp_main__:Worker 8: Finished collecting 256 steps.
INFO:__mp_main__:Worker 7: Finished collecting 256 steps.
INFO:__mp_main__:Worker 10: Finished collecting 256 steps.
INFO:__mp_main__:Worker 13: Finished collecting 256 steps.
INFO:__mp_main__:Worker 0: Finished collecting 256 steps.
INFO:__mp_main__:Worker 5: Finished collecting 256 steps.
INFO:__mp_main__:Worker 1: Finished collecting 256 steps.
INFO:__mp_main__:Worker 4: Finished collecting 256 steps.
INFO:__mp_main__:Worker 6: Finished collecting 256 steps.
INFO:__mp_main__:Worker 15: Finished collecting 256 steps.
INFO:__mp_main__:Worker 2: Finished collecting 256 steps.
INFO:__mp_main__:Worker 11: Finished collecting 256 steps.
INFO:__mp_main__:Worker 14: Finished collecting 256 steps.
INFO:__mp_main__:Worker 3: Finished collecting 256 steps.
INFO:__mp_main__:Worker 12: Finished collecting 256 steps.
INFO:__main__:Update: 91/146, Timesteps: 372736/600000, FPS: 65, Episodes: 14560, Avg Reward (Last 100): 17.31, Avg Length (Last 100): 49.00
/home/kxu/miniforge3/envs/sgym-hab/lib/python3.9/site-packages/networkx/utils/backends.py:135: RuntimeWarning: networkx backend defined more than once: nx-loopback
  backends.update(_get_backends("networkx.backends"))
/home/kxu/miniforge3/envs/sgym-hab/lib/python3.9/site-packages/networkx/utils/backends.py:135: RuntimeWarning: networkx backend defined more than once: nx-loopback
  backends.update(_get_backends("networkx.backends"))
/home/kxu/miniforge3/envs/sgym-hab/lib/python3.9/site-packages/networkx/utils/backends.py:135: RuntimeWarning: networkx backend defined more than once: nx-loopback
  backends.update(_get_backends("networkx.backends"))
/home/kxu/miniforge3/envs/sgym-hab/lib/python3.9/site-packages/networkx/utils/backends.py:135: RuntimeWarning: networkx backend defined more than once: nx-loopback
  backends.update(_get_backends("networkx.backends"))
/home/kxu/miniforge3/envs/sgym-hab/lib/python3.9/site-packages/networkx/utils/backends.py:135: RuntimeWarning: networkx backend defined more than once: nx-loopback
  backends.update(_get_backends("networkx.backends"))
/home/kxu/miniforge3/envs/sgym-hab/lib/python3.9/site-packages/networkx/utils/backends.py:135: RuntimeWarning: networkx backend defined more than once: nx-loopback
  backends.update(_get_backends("networkx.backends"))
/home/kxu/miniforge3/envs/sgym-hab/lib/python3.9/site-packages/networkx/utils/backends.py:135: RuntimeWarning: networkx backend defined more than once: nx-loopback
  backends.update(_get_backends("networkx.backends"))
/home/kxu/miniforge3/envs/sgym-hab/lib/python3.9/site-packages/networkx/utils/backends.py:135: RuntimeWarning: networkx backend defined more than once: nx-loopback
  backends.update(_get_backends("networkx.backends"))
/home/kxu/miniforge3/envs/sgym-hab/lib/python3.9/site-packages/networkx/utils/backends.py:135: RuntimeWarning: networkx backend defined more than once: nx-loopback
  backends.update(_get_backends("networkx.backends"))
/home/kxu/miniforge3/envs/sgym-hab/lib/python3.9/site-packages/networkx/utils/backends.py:135: RuntimeWarning: networkx backend defined more than once: nx-loopback
  backends.update(_get_backends("networkx.backends"))
/home/kxu/miniforge3/envs/sgym-hab/lib/python3.9/site-packages/networkx/utils/backends.py:135: RuntimeWarning: networkx backend defined more than once: nx-loopback
  backends.update(_get_backends("networkx.backends"))
/home/kxu/miniforge3/envs/sgym-hab/lib/python3.9/site-packages/networkx/utils/backends.py:135: RuntimeWarning: networkx backend defined more than once: nx-loopback
  backends.update(_get_backends("networkx.backends"))
/home/kxu/miniforge3/envs/sgym-hab/lib/python3.9/site-packages/networkx/utils/backends.py:135: RuntimeWarning: networkx backend defined more than once: nx-loopback
  backends.update(_get_backends("networkx.backends"))
/home/kxu/miniforge3/envs/sgym-hab/lib/python3.9/site-packages/networkx/utils/backends.py:135: RuntimeWarning: networkx backend defined more than once: nx-loopback
  backends.update(_get_backends("networkx.backends"))
/home/kxu/miniforge3/envs/sgym-hab/lib/python3.9/site-packages/networkx/utils/backends.py:135: RuntimeWarning: networkx backend defined more than once: nx-loopback
  backends.update(_get_backends("networkx.backends"))
/home/kxu/miniforge3/envs/sgym-hab/lib/python3.9/site-packages/networkx/utils/backends.py:135: RuntimeWarning: networkx backend defined more than once: nx-loopback
  backends.update(_get_backends("networkx.backends"))
INFO:__mp_main__:Worker 6: Finished collecting 256 steps.
INFO:__mp_main__:Worker 0: Finished collecting 256 steps.
INFO:__mp_main__:Worker 9: Finished collecting 256 steps.
INFO:__mp_main__:Worker 3: Finished collecting 256 steps.
INFO:__mp_main__:Worker 2: Finished collecting 256 steps.
INFO:__mp_main__:Worker 12: Finished collecting 256 steps.
INFO:__mp_main__:Worker 15: Finished collecting 256 steps.
INFO:__mp_main__:Worker 13: Finished collecting 256 steps.
INFO:__mp_main__:Worker 1: Finished collecting 256 steps.
INFO:__mp_main__:Worker 7: Finished collecting 256 steps.
INFO:__mp_main__:Worker 5: Finished collecting 256 steps.
INFO:__mp_main__:Worker 4: Finished collecting 256 steps.
INFO:__mp_main__:Worker 10: Finished collecting 256 steps.
INFO:__mp_main__:Worker 11: Finished collecting 256 steps.
INFO:__mp_main__:Worker 8: Finished collecting 256 steps.
INFO:__mp_main__:Worker 14: Finished collecting 256 steps.
INFO:__main__:Update: 92/146, Timesteps: 376832/600000, FPS: 65, Episodes: 14720, Avg Reward (Last 100): 17.20, Avg Length (Last 100): 49.00
/home/kxu/miniforge3/envs/sgym-hab/lib/python3.9/site-packages/networkx/utils/backends.py:135: RuntimeWarning: networkx backend defined more than once: nx-loopback
  backends.update(_get_backends("networkx.backends"))
/home/kxu/miniforge3/envs/sgym-hab/lib/python3.9/site-packages/networkx/utils/backends.py:135: RuntimeWarning: networkx backend defined more than once: nx-loopback
  backends.update(_get_backends("networkx.backends"))
/home/kxu/miniforge3/envs/sgym-hab/lib/python3.9/site-packages/networkx/utils/backends.py:135: RuntimeWarning: networkx backend defined more than once: nx-loopback
  backends.update(_get_backends("networkx.backends"))
/home/kxu/miniforge3/envs/sgym-hab/lib/python3.9/site-packages/networkx/utils/backends.py:135: RuntimeWarning: networkx backend defined more than once: nx-loopback
  backends.update(_get_backends("networkx.backends"))
/home/kxu/miniforge3/envs/sgym-hab/lib/python3.9/site-packages/networkx/utils/backends.py:135: RuntimeWarning: networkx backend defined more than once: nx-loopback
  backends.update(_get_backends("networkx.backends"))
/home/kxu/miniforge3/envs/sgym-hab/lib/python3.9/site-packages/networkx/utils/backends.py:135: RuntimeWarning: networkx backend defined more than once: nx-loopback
  backends.update(_get_backends("networkx.backends"))
/home/kxu/miniforge3/envs/sgym-hab/lib/python3.9/site-packages/networkx/utils/backends.py:135: RuntimeWarning: networkx backend defined more than once: nx-loopback
  backends.update(_get_backends("networkx.backends"))
/home/kxu/miniforge3/envs/sgym-hab/lib/python3.9/site-packages/networkx/utils/backends.py:135: RuntimeWarning: networkx backend defined more than once: nx-loopback
  backends.update(_get_backends("networkx.backends"))
/home/kxu/miniforge3/envs/sgym-hab/lib/python3.9/site-packages/networkx/utils/backends.py:135: RuntimeWarning: networkx backend defined more than once: nx-loopback
  backends.update(_get_backends("networkx.backends"))
/home/kxu/miniforge3/envs/sgym-hab/lib/python3.9/site-packages/networkx/utils/backends.py:135: RuntimeWarning: networkx backend defined more than once: nx-loopback
  backends.update(_get_backends("networkx.backends"))
/home/kxu/miniforge3/envs/sgym-hab/lib/python3.9/site-packages/networkx/utils/backends.py:135: RuntimeWarning: networkx backend defined more than once: nx-loopback
  backends.update(_get_backends("networkx.backends"))
/home/kxu/miniforge3/envs/sgym-hab/lib/python3.9/site-packages/networkx/utils/backends.py:135: RuntimeWarning: networkx backend defined more than once: nx-loopback
  backends.update(_get_backends("networkx.backends"))
/home/kxu/miniforge3/envs/sgym-hab/lib/python3.9/site-packages/networkx/utils/backends.py:135: RuntimeWarning: networkx backend defined more than once: nx-loopback
  backends.update(_get_backends("networkx.backends"))
/home/kxu/miniforge3/envs/sgym-hab/lib/python3.9/site-packages/networkx/utils/backends.py:135: RuntimeWarning: networkx backend defined more than once: nx-loopback
  backends.update(_get_backends("networkx.backends"))
/home/kxu/miniforge3/envs/sgym-hab/lib/python3.9/site-packages/networkx/utils/backends.py:135: RuntimeWarning: networkx backend defined more than once: nx-loopback
  backends.update(_get_backends("networkx.backends"))
/home/kxu/miniforge3/envs/sgym-hab/lib/python3.9/site-packages/networkx/utils/backends.py:135: RuntimeWarning: networkx backend defined more than once: nx-loopback
  backends.update(_get_backends("networkx.backends"))
INFO:__mp_main__:Worker 7: Finished collecting 256 steps.
INFO:__mp_main__:Worker 3: Finished collecting 256 steps.
INFO:__mp_main__:Worker 12: Finished collecting 256 steps.
INFO:__mp_main__:Worker 4: Finished collecting 256 steps.
INFO:__mp_main__:Worker 13: Finished collecting 256 steps.
INFO:__mp_main__:Worker 1: Finished collecting 256 steps.
INFO:__mp_main__:Worker 2: Finished collecting 256 steps.
INFO:__mp_main__:Worker 15: Finished collecting 256 steps.
INFO:__mp_main__:Worker 6: Finished collecting 256 steps.
INFO:__mp_main__:Worker 10: Finished collecting 256 steps.
INFO:__mp_main__:Worker 14: Finished collecting 256 steps.
INFO:__mp_main__:Worker 0: Finished collecting 256 steps.
INFO:__mp_main__:Worker 9: Finished collecting 256 steps.
INFO:__mp_main__:Worker 5: Finished collecting 256 steps.
INFO:__mp_main__:Worker 8: Finished collecting 256 steps.
INFO:__mp_main__:Worker 11: Finished collecting 256 steps.
INFO:__main__:Update: 93/146, Timesteps: 380928/600000, FPS: 65, Episodes: 14880, Avg Reward (Last 100): 17.00, Avg Length (Last 100): 49.00
/home/kxu/miniforge3/envs/sgym-hab/lib/python3.9/site-packages/networkx/utils/backends.py:135: RuntimeWarning: networkx backend defined more than once: nx-loopback
  backends.update(_get_backends("networkx.backends"))
/home/kxu/miniforge3/envs/sgym-hab/lib/python3.9/site-packages/networkx/utils/backends.py:135: RuntimeWarning: networkx backend defined more than once: nx-loopback
  backends.update(_get_backends("networkx.backends"))
/home/kxu/miniforge3/envs/sgym-hab/lib/python3.9/site-packages/networkx/utils/backends.py:135: RuntimeWarning: networkx backend defined more than once: nx-loopback
  backends.update(_get_backends("networkx.backends"))
/home/kxu/miniforge3/envs/sgym-hab/lib/python3.9/site-packages/networkx/utils/backends.py:135: RuntimeWarning: networkx backend defined more than once: nx-loopback
  backends.update(_get_backends("networkx.backends"))
/home/kxu/miniforge3/envs/sgym-hab/lib/python3.9/site-packages/networkx/utils/backends.py:135: RuntimeWarning: networkx backend defined more than once: nx-loopback
  backends.update(_get_backends("networkx.backends"))
/home/kxu/miniforge3/envs/sgym-hab/lib/python3.9/site-packages/networkx/utils/backends.py:135: RuntimeWarning: networkx backend defined more than once: nx-loopback
  backends.update(_get_backends("networkx.backends"))
/home/kxu/miniforge3/envs/sgym-hab/lib/python3.9/site-packages/networkx/utils/backends.py:135: RuntimeWarning: networkx backend defined more than once: nx-loopback
  backends.update(_get_backends("networkx.backends"))
/home/kxu/miniforge3/envs/sgym-hab/lib/python3.9/site-packages/networkx/utils/backends.py:135: RuntimeWarning: networkx backend defined more than once: nx-loopback
  backends.update(_get_backends("networkx.backends"))
/home/kxu/miniforge3/envs/sgym-hab/lib/python3.9/site-packages/networkx/utils/backends.py:135: RuntimeWarning: networkx backend defined more than once: nx-loopback
  backends.update(_get_backends("networkx.backends"))
/home/kxu/miniforge3/envs/sgym-hab/lib/python3.9/site-packages/networkx/utils/backends.py:135: RuntimeWarning: networkx backend defined more than once: nx-loopback
  backends.update(_get_backends("networkx.backends"))
/home/kxu/miniforge3/envs/sgym-hab/lib/python3.9/site-packages/networkx/utils/backends.py:135: RuntimeWarning: networkx backend defined more than once: nx-loopback
  backends.update(_get_backends("networkx.backends"))
/home/kxu/miniforge3/envs/sgym-hab/lib/python3.9/site-packages/networkx/utils/backends.py:135: RuntimeWarning: networkx backend defined more than once: nx-loopback
  backends.update(_get_backends("networkx.backends"))
/home/kxu/miniforge3/envs/sgym-hab/lib/python3.9/site-packages/networkx/utils/backends.py:135: RuntimeWarning: networkx backend defined more than once: nx-loopback
  backends.update(_get_backends("networkx.backends"))
/home/kxu/miniforge3/envs/sgym-hab/lib/python3.9/site-packages/networkx/utils/backends.py:135: RuntimeWarning: networkx backend defined more than once: nx-loopback
  backends.update(_get_backends("networkx.backends"))
/home/kxu/miniforge3/envs/sgym-hab/lib/python3.9/site-packages/networkx/utils/backends.py:135: RuntimeWarning: networkx backend defined more than once: nx-loopback
  backends.update(_get_backends("networkx.backends"))
/home/kxu/miniforge3/envs/sgym-hab/lib/python3.9/site-packages/networkx/utils/backends.py:135: RuntimeWarning: networkx backend defined more than once: nx-loopback
  backends.update(_get_backends("networkx.backends"))
INFO:__mp_main__:Worker 5: Finished collecting 256 steps.
INFO:__mp_main__:Worker 9: Finished collecting 256 steps.
INFO:__mp_main__:Worker 7: Finished collecting 256 steps.
INFO:__mp_main__:Worker 10: Finished collecting 256 steps.
INFO:__mp_main__:Worker 12: Finished collecting 256 steps.
INFO:__mp_main__:Worker 0: Finished collecting 256 steps.
INFO:__mp_main__:Worker 14: Finished collecting 256 steps.
INFO:__mp_main__:Worker 1: Finished collecting 256 steps.
INFO:__mp_main__:Worker 13: Finished collecting 256 steps.
INFO:__mp_main__:Worker 2: Finished collecting 256 steps.
INFO:__mp_main__:Worker 4: Finished collecting 256 steps.
INFO:__mp_main__:Worker 8: Finished collecting 256 steps.
INFO:__mp_main__:Worker 6: Finished collecting 256 steps.
INFO:__mp_main__:Worker 11: Finished collecting 256 steps.
INFO:__mp_main__:Worker 3: Finished collecting 256 steps.
INFO:__mp_main__:Worker 15: Finished collecting 256 steps.
INFO:__main__:Update: 94/146, Timesteps: 385024/600000, FPS: 65, Episodes: 15040, Avg Reward (Last 100): 17.66, Avg Length (Last 100): 48.86
/home/kxu/miniforge3/envs/sgym-hab/lib/python3.9/site-packages/networkx/utils/backends.py:135: RuntimeWarning: networkx backend defined more than once: nx-loopback
  backends.update(_get_backends("networkx.backends"))
/home/kxu/miniforge3/envs/sgym-hab/lib/python3.9/site-packages/networkx/utils/backends.py:135: RuntimeWarning: networkx backend defined more than once: nx-loopback
  backends.update(_get_backends("networkx.backends"))
/home/kxu/miniforge3/envs/sgym-hab/lib/python3.9/site-packages/networkx/utils/backends.py:135: RuntimeWarning: networkx backend defined more than once: nx-loopback
  backends.update(_get_backends("networkx.backends"))
/home/kxu/miniforge3/envs/sgym-hab/lib/python3.9/site-packages/networkx/utils/backends.py:135: RuntimeWarning: networkx backend defined more than once: nx-loopback
  backends.update(_get_backends("networkx.backends"))
/home/kxu/miniforge3/envs/sgym-hab/lib/python3.9/site-packages/networkx/utils/backends.py:135: RuntimeWarning: networkx backend defined more than once: nx-loopback
  backends.update(_get_backends("networkx.backends"))
/home/kxu/miniforge3/envs/sgym-hab/lib/python3.9/site-packages/networkx/utils/backends.py:135: RuntimeWarning: networkx backend defined more than once: nx-loopback
  backends.update(_get_backends("networkx.backends"))
/home/kxu/miniforge3/envs/sgym-hab/lib/python3.9/site-packages/networkx/utils/backends.py:135: RuntimeWarning: networkx backend defined more than once: nx-loopback
  backends.update(_get_backends("networkx.backends"))
/home/kxu/miniforge3/envs/sgym-hab/lib/python3.9/site-packages/networkx/utils/backends.py:135: RuntimeWarning: networkx backend defined more than once: nx-loopback
  backends.update(_get_backends("networkx.backends"))
/home/kxu/miniforge3/envs/sgym-hab/lib/python3.9/site-packages/networkx/utils/backends.py:135: RuntimeWarning: networkx backend defined more than once: nx-loopback
  backends.update(_get_backends("networkx.backends"))
/home/kxu/miniforge3/envs/sgym-hab/lib/python3.9/site-packages/networkx/utils/backends.py:135: RuntimeWarning: networkx backend defined more than once: nx-loopback
  backends.update(_get_backends("networkx.backends"))
/home/kxu/miniforge3/envs/sgym-hab/lib/python3.9/site-packages/networkx/utils/backends.py:135: RuntimeWarning: networkx backend defined more than once: nx-loopback
  backends.update(_get_backends("networkx.backends"))
/home/kxu/miniforge3/envs/sgym-hab/lib/python3.9/site-packages/networkx/utils/backends.py:135: RuntimeWarning: networkx backend defined more than once: nx-loopback
  backends.update(_get_backends("networkx.backends"))
/home/kxu/miniforge3/envs/sgym-hab/lib/python3.9/site-packages/networkx/utils/backends.py:135: RuntimeWarning: networkx backend defined more than once: nx-loopback
  backends.update(_get_backends("networkx.backends"))
/home/kxu/miniforge3/envs/sgym-hab/lib/python3.9/site-packages/networkx/utils/backends.py:135: RuntimeWarning: networkx backend defined more than once: nx-loopback
  backends.update(_get_backends("networkx.backends"))
/home/kxu/miniforge3/envs/sgym-hab/lib/python3.9/site-packages/networkx/utils/backends.py:135: RuntimeWarning: networkx backend defined more than once: nx-loopback
  backends.update(_get_backends("networkx.backends"))
/home/kxu/miniforge3/envs/sgym-hab/lib/python3.9/site-packages/networkx/utils/backends.py:135: RuntimeWarning: networkx backend defined more than once: nx-loopback
  backends.update(_get_backends("networkx.backends"))
INFO:__mp_main__:Worker 0: Finished collecting 256 steps.
INFO:__mp_main__:Worker 9: Finished collecting 256 steps.
INFO:__mp_main__:Worker 2: Finished collecting 256 steps.
INFO:__mp_main__:Worker 3: Finished collecting 256 steps.
INFO:__mp_main__:Worker 5: Finished collecting 256 steps.
INFO:__mp_main__:Worker 13: Finished collecting 256 steps.
INFO:__mp_main__:Worker 15: Finished collecting 256 steps.
INFO:__mp_main__:Worker 1: Finished collecting 256 steps.
INFO:__mp_main__:Worker 7: Finished collecting 256 steps.
INFO:__mp_main__:Worker 14: Finished collecting 256 steps.
INFO:__mp_main__:Worker 6: Finished collecting 256 steps.
INFO:__mp_main__:Worker 4: Finished collecting 256 steps.
INFO:__mp_main__:Worker 8: Finished collecting 256 steps.
INFO:__mp_main__:Worker 12: Finished collecting 256 steps.
INFO:__mp_main__:Worker 11: Finished collecting 256 steps.
INFO:__mp_main__:Worker 10: Finished collecting 256 steps.
INFO:__main__:Update: 95/146, Timesteps: 389120/600000, FPS: 65, Episodes: 15200, Avg Reward (Last 100): 17.22, Avg Length (Last 100): 48.60
/home/kxu/miniforge3/envs/sgym-hab/lib/python3.9/site-packages/networkx/utils/backends.py:135: RuntimeWarning: networkx backend defined more than once: nx-loopback
  backends.update(_get_backends("networkx.backends"))
/home/kxu/miniforge3/envs/sgym-hab/lib/python3.9/site-packages/networkx/utils/backends.py:135: RuntimeWarning: networkx backend defined more than once: nx-loopback
  backends.update(_get_backends("networkx.backends"))
/home/kxu/miniforge3/envs/sgym-hab/lib/python3.9/site-packages/networkx/utils/backends.py:135: RuntimeWarning: networkx backend defined more than once: nx-loopback
  backends.update(_get_backends("networkx.backends"))
/home/kxu/miniforge3/envs/sgym-hab/lib/python3.9/site-packages/networkx/utils/backends.py:135: RuntimeWarning: networkx backend defined more than once: nx-loopback
  backends.update(_get_backends("networkx.backends"))
/home/kxu/miniforge3/envs/sgym-hab/lib/python3.9/site-packages/networkx/utils/backends.py:135: RuntimeWarning: networkx backend defined more than once: nx-loopback
  backends.update(_get_backends("networkx.backends"))
/home/kxu/miniforge3/envs/sgym-hab/lib/python3.9/site-packages/networkx/utils/backends.py:135: RuntimeWarning: networkx backend defined more than once: nx-loopback
  backends.update(_get_backends("networkx.backends"))
/home/kxu/miniforge3/envs/sgym-hab/lib/python3.9/site-packages/networkx/utils/backends.py:135: RuntimeWarning: networkx backend defined more than once: nx-loopback
  backends.update(_get_backends("networkx.backends"))
/home/kxu/miniforge3/envs/sgym-hab/lib/python3.9/site-packages/networkx/utils/backends.py:135: RuntimeWarning: networkx backend defined more than once: nx-loopback
  backends.update(_get_backends("networkx.backends"))
/home/kxu/miniforge3/envs/sgym-hab/lib/python3.9/site-packages/networkx/utils/backends.py:135: RuntimeWarning: networkx backend defined more than once: nx-loopback
  backends.update(_get_backends("networkx.backends"))
/home/kxu/miniforge3/envs/sgym-hab/lib/python3.9/site-packages/networkx/utils/backends.py:135: RuntimeWarning: networkx backend defined more than once: nx-loopback
  backends.update(_get_backends("networkx.backends"))
/home/kxu/miniforge3/envs/sgym-hab/lib/python3.9/site-packages/networkx/utils/backends.py:135: RuntimeWarning: networkx backend defined more than once: nx-loopback
  backends.update(_get_backends("networkx.backends"))
/home/kxu/miniforge3/envs/sgym-hab/lib/python3.9/site-packages/networkx/utils/backends.py:135: RuntimeWarning: networkx backend defined more than once: nx-loopback
  backends.update(_get_backends("networkx.backends"))
/home/kxu/miniforge3/envs/sgym-hab/lib/python3.9/site-packages/networkx/utils/backends.py:135: RuntimeWarning: networkx backend defined more than once: nx-loopback
  backends.update(_get_backends("networkx.backends"))
/home/kxu/miniforge3/envs/sgym-hab/lib/python3.9/site-packages/networkx/utils/backends.py:135: RuntimeWarning: networkx backend defined more than once: nx-loopback
  backends.update(_get_backends("networkx.backends"))
/home/kxu/miniforge3/envs/sgym-hab/lib/python3.9/site-packages/networkx/utils/backends.py:135: RuntimeWarning: networkx backend defined more than once: nx-loopback
  backends.update(_get_backends("networkx.backends"))
/home/kxu/miniforge3/envs/sgym-hab/lib/python3.9/site-packages/networkx/utils/backends.py:135: RuntimeWarning: networkx backend defined more than once: nx-loopback
  backends.update(_get_backends("networkx.backends"))
INFO:__mp_main__:Worker 9: Finished collecting 256 steps.
INFO:__mp_main__:Worker 13: Finished collecting 256 steps.
INFO:__mp_main__:Worker 12: Finished collecting 256 steps.
INFO:__mp_main__:Worker 6: Finished collecting 256 steps.
INFO:__mp_main__:Worker 1: Finished collecting 256 steps.
INFO:__mp_main__:Worker 4: Finished collecting 256 steps.
INFO:__mp_main__:Worker 15: Finished collecting 256 steps.
INFO:__mp_main__:Worker 7: Finished collecting 256 steps.
INFO:__mp_main__:Worker 3: Finished collecting 256 steps.
INFO:__mp_main__:Worker 5: Finished collecting 256 steps.
INFO:__mp_main__:Worker 2: Finished collecting 256 steps.
INFO:__mp_main__:Worker 0: Finished collecting 256 steps.
INFO:__mp_main__:Worker 14: Finished collecting 256 steps.
INFO:__mp_main__:Worker 10: Finished collecting 256 steps.
INFO:__mp_main__:Worker 8: Finished collecting 256 steps.
INFO:__mp_main__:Worker 11: Finished collecting 256 steps.
INFO:__main__:Update: 96/146, Timesteps: 393216/600000, FPS: 65, Episodes: 15360, Avg Reward (Last 100): 16.49, Avg Length (Last 100): 48.78
/home/kxu/miniforge3/envs/sgym-hab/lib/python3.9/site-packages/networkx/utils/backends.py:135: RuntimeWarning: networkx backend defined more than once: nx-loopback
  backends.update(_get_backends("networkx.backends"))
/home/kxu/miniforge3/envs/sgym-hab/lib/python3.9/site-packages/networkx/utils/backends.py:135: RuntimeWarning: networkx backend defined more than once: nx-loopback
  backends.update(_get_backends("networkx.backends"))
/home/kxu/miniforge3/envs/sgym-hab/lib/python3.9/site-packages/networkx/utils/backends.py:135: RuntimeWarning: networkx backend defined more than once: nx-loopback
  backends.update(_get_backends("networkx.backends"))
/home/kxu/miniforge3/envs/sgym-hab/lib/python3.9/site-packages/networkx/utils/backends.py:135: RuntimeWarning: networkx backend defined more than once: nx-loopback
  backends.update(_get_backends("networkx.backends"))
/home/kxu/miniforge3/envs/sgym-hab/lib/python3.9/site-packages/networkx/utils/backends.py:135: RuntimeWarning: networkx backend defined more than once: nx-loopback
  backends.update(_get_backends("networkx.backends"))
/home/kxu/miniforge3/envs/sgym-hab/lib/python3.9/site-packages/networkx/utils/backends.py:135: RuntimeWarning: networkx backend defined more than once: nx-loopback
  backends.update(_get_backends("networkx.backends"))
/home/kxu/miniforge3/envs/sgym-hab/lib/python3.9/site-packages/networkx/utils/backends.py:135: RuntimeWarning: networkx backend defined more than once: nx-loopback
  backends.update(_get_backends("networkx.backends"))
/home/kxu/miniforge3/envs/sgym-hab/lib/python3.9/site-packages/networkx/utils/backends.py:135: RuntimeWarning: networkx backend defined more than once: nx-loopback
  backends.update(_get_backends("networkx.backends"))
/home/kxu/miniforge3/envs/sgym-hab/lib/python3.9/site-packages/networkx/utils/backends.py:135: RuntimeWarning: networkx backend defined more than once: nx-loopback
  backends.update(_get_backends("networkx.backends"))
/home/kxu/miniforge3/envs/sgym-hab/lib/python3.9/site-packages/networkx/utils/backends.py:135: RuntimeWarning: networkx backend defined more than once: nx-loopback
  backends.update(_get_backends("networkx.backends"))
/home/kxu/miniforge3/envs/sgym-hab/lib/python3.9/site-packages/networkx/utils/backends.py:135: RuntimeWarning: networkx backend defined more than once: nx-loopback
  backends.update(_get_backends("networkx.backends"))
/home/kxu/miniforge3/envs/sgym-hab/lib/python3.9/site-packages/networkx/utils/backends.py:135: RuntimeWarning: networkx backend defined more than once: nx-loopback
  backends.update(_get_backends("networkx.backends"))
/home/kxu/miniforge3/envs/sgym-hab/lib/python3.9/site-packages/networkx/utils/backends.py:135: RuntimeWarning: networkx backend defined more than once: nx-loopback
  backends.update(_get_backends("networkx.backends"))
/home/kxu/miniforge3/envs/sgym-hab/lib/python3.9/site-packages/networkx/utils/backends.py:135: RuntimeWarning: networkx backend defined more than once: nx-loopback
  backends.update(_get_backends("networkx.backends"))
/home/kxu/miniforge3/envs/sgym-hab/lib/python3.9/site-packages/networkx/utils/backends.py:135: RuntimeWarning: networkx backend defined more than once: nx-loopback
  backends.update(_get_backends("networkx.backends"))
/home/kxu/miniforge3/envs/sgym-hab/lib/python3.9/site-packages/networkx/utils/backends.py:135: RuntimeWarning: networkx backend defined more than once: nx-loopback
  backends.update(_get_backends("networkx.backends"))
INFO:__mp_main__:Worker 12: Finished collecting 256 steps.
INFO:__mp_main__:Worker 7: Finished collecting 256 steps.
INFO:__mp_main__:Worker 9: Finished collecting 256 steps.
INFO:__mp_main__:Worker 5: Finished collecting 256 steps.
INFO:__mp_main__:Worker 0: Finished collecting 256 steps.
INFO:__mp_main__:Worker 3: Finished collecting 256 steps.
INFO:__mp_main__:Worker 4: Finished collecting 256 steps.
INFO:__mp_main__:Worker 14: Finished collecting 256 steps.
INFO:__mp_main__:Worker 6: Finished collecting 256 steps.
INFO:__mp_main__:Worker 2: Finished collecting 256 steps.
INFO:__mp_main__:Worker 1: Finished collecting 256 steps.
INFO:__mp_main__:Worker 8: Finished collecting 256 steps.
INFO:__mp_main__:Worker 13: Finished collecting 256 steps.
INFO:__mp_main__:Worker 10: Finished collecting 256 steps.
INFO:__mp_main__:Worker 11: Finished collecting 256 steps.
INFO:__mp_main__:Worker 15: Finished collecting 256 steps.
INFO:__main__:Update: 97/146, Timesteps: 397312/600000, FPS: 65, Episodes: 15520, Avg Reward (Last 100): 17.91, Avg Length (Last 100): 48.90
/home/kxu/miniforge3/envs/sgym-hab/lib/python3.9/site-packages/networkx/utils/backends.py:135: RuntimeWarning: networkx backend defined more than once: nx-loopback
  backends.update(_get_backends("networkx.backends"))
/home/kxu/miniforge3/envs/sgym-hab/lib/python3.9/site-packages/networkx/utils/backends.py:135: RuntimeWarning: networkx backend defined more than once: nx-loopback
  backends.update(_get_backends("networkx.backends"))
/home/kxu/miniforge3/envs/sgym-hab/lib/python3.9/site-packages/networkx/utils/backends.py:135: RuntimeWarning: networkx backend defined more than once: nx-loopback
  backends.update(_get_backends("networkx.backends"))
/home/kxu/miniforge3/envs/sgym-hab/lib/python3.9/site-packages/networkx/utils/backends.py:135: RuntimeWarning: networkx backend defined more than once: nx-loopback
  backends.update(_get_backends("networkx.backends"))
/home/kxu/miniforge3/envs/sgym-hab/lib/python3.9/site-packages/networkx/utils/backends.py:135: RuntimeWarning: networkx backend defined more than once: nx-loopback
  backends.update(_get_backends("networkx.backends"))
/home/kxu/miniforge3/envs/sgym-hab/lib/python3.9/site-packages/networkx/utils/backends.py:135: RuntimeWarning: networkx backend defined more than once: nx-loopback
  backends.update(_get_backends("networkx.backends"))
/home/kxu/miniforge3/envs/sgym-hab/lib/python3.9/site-packages/networkx/utils/backends.py:135: RuntimeWarning: networkx backend defined more than once: nx-loopback
  backends.update(_get_backends("networkx.backends"))
/home/kxu/miniforge3/envs/sgym-hab/lib/python3.9/site-packages/networkx/utils/backends.py:135: RuntimeWarning: networkx backend defined more than once: nx-loopback
  backends.update(_get_backends("networkx.backends"))
/home/kxu/miniforge3/envs/sgym-hab/lib/python3.9/site-packages/networkx/utils/backends.py:135: RuntimeWarning: networkx backend defined more than once: nx-loopback
  backends.update(_get_backends("networkx.backends"))
/home/kxu/miniforge3/envs/sgym-hab/lib/python3.9/site-packages/networkx/utils/backends.py:135: RuntimeWarning: networkx backend defined more than once: nx-loopback
  backends.update(_get_backends("networkx.backends"))
/home/kxu/miniforge3/envs/sgym-hab/lib/python3.9/site-packages/networkx/utils/backends.py:135: RuntimeWarning: networkx backend defined more than once: nx-loopback
  backends.update(_get_backends("networkx.backends"))
/home/kxu/miniforge3/envs/sgym-hab/lib/python3.9/site-packages/networkx/utils/backends.py:135: RuntimeWarning: networkx backend defined more than once: nx-loopback
  backends.update(_get_backends("networkx.backends"))
/home/kxu/miniforge3/envs/sgym-hab/lib/python3.9/site-packages/networkx/utils/backends.py:135: RuntimeWarning: networkx backend defined more than once: nx-loopback
  backends.update(_get_backends("networkx.backends"))
/home/kxu/miniforge3/envs/sgym-hab/lib/python3.9/site-packages/networkx/utils/backends.py:135: RuntimeWarning: networkx backend defined more than once: nx-loopback
  backends.update(_get_backends("networkx.backends"))
/home/kxu/miniforge3/envs/sgym-hab/lib/python3.9/site-packages/networkx/utils/backends.py:135: RuntimeWarning: networkx backend defined more than once: nx-loopback
  backends.update(_get_backends("networkx.backends"))
/home/kxu/miniforge3/envs/sgym-hab/lib/python3.9/site-packages/networkx/utils/backends.py:135: RuntimeWarning: networkx backend defined more than once: nx-loopback
  backends.update(_get_backends("networkx.backends"))
INFO:__mp_main__:Worker 8: Finished collecting 256 steps.
INFO:__mp_main__:Worker 9: Finished collecting 256 steps.
INFO:__mp_main__:Worker 4: Finished collecting 256 steps.
INFO:__mp_main__:Worker 0: Finished collecting 256 steps.
INFO:__mp_main__:Worker 12: Finished collecting 256 steps.
INFO:__mp_main__:Worker 6: Finished collecting 256 steps.
INFO:__mp_main__:Worker 1: Finished collecting 256 steps.
INFO:__mp_main__:Worker 5: Finished collecting 256 steps.
INFO:__mp_main__:Worker 7: Finished collecting 256 steps.
INFO:__mp_main__:Worker 10: Finished collecting 256 steps.
INFO:__mp_main__:Worker 3: Finished collecting 256 steps.
INFO:__mp_main__:Worker 2: Finished collecting 256 steps.
INFO:__mp_main__:Worker 11: Finished collecting 256 steps.
INFO:__mp_main__:Worker 14: Finished collecting 256 steps.
INFO:__mp_main__:Worker 13: Finished collecting 256 steps.
INFO:__mp_main__:Worker 15: Finished collecting 256 steps.
INFO:__main__:Update: 98/146, Timesteps: 401408/600000, FPS: 65, Episodes: 15680, Avg Reward (Last 100): 17.08, Avg Length (Last 100): 48.58
/home/kxu/miniforge3/envs/sgym-hab/lib/python3.9/site-packages/networkx/utils/backends.py:135: RuntimeWarning: networkx backend defined more than once: nx-loopback
  backends.update(_get_backends("networkx.backends"))
/home/kxu/miniforge3/envs/sgym-hab/lib/python3.9/site-packages/networkx/utils/backends.py:135: RuntimeWarning: networkx backend defined more than once: nx-loopback
  backends.update(_get_backends("networkx.backends"))
/home/kxu/miniforge3/envs/sgym-hab/lib/python3.9/site-packages/networkx/utils/backends.py:135: RuntimeWarning: networkx backend defined more than once: nx-loopback
  backends.update(_get_backends("networkx.backends"))
/home/kxu/miniforge3/envs/sgym-hab/lib/python3.9/site-packages/networkx/utils/backends.py:135: RuntimeWarning: networkx backend defined more than once: nx-loopback
  backends.update(_get_backends("networkx.backends"))
/home/kxu/miniforge3/envs/sgym-hab/lib/python3.9/site-packages/networkx/utils/backends.py:135: RuntimeWarning: networkx backend defined more than once: nx-loopback
  backends.update(_get_backends("networkx.backends"))
/home/kxu/miniforge3/envs/sgym-hab/lib/python3.9/site-packages/networkx/utils/backends.py:135: RuntimeWarning: networkx backend defined more than once: nx-loopback
  backends.update(_get_backends("networkx.backends"))
/home/kxu/miniforge3/envs/sgym-hab/lib/python3.9/site-packages/networkx/utils/backends.py:135: RuntimeWarning: networkx backend defined more than once: nx-loopback
  backends.update(_get_backends("networkx.backends"))
/home/kxu/miniforge3/envs/sgym-hab/lib/python3.9/site-packages/networkx/utils/backends.py:135: RuntimeWarning: networkx backend defined more than once: nx-loopback
  backends.update(_get_backends("networkx.backends"))
/home/kxu/miniforge3/envs/sgym-hab/lib/python3.9/site-packages/networkx/utils/backends.py:135: RuntimeWarning: networkx backend defined more than once: nx-loopback
  backends.update(_get_backends("networkx.backends"))
/home/kxu/miniforge3/envs/sgym-hab/lib/python3.9/site-packages/networkx/utils/backends.py:135: RuntimeWarning: networkx backend defined more than once: nx-loopback
  backends.update(_get_backends("networkx.backends"))
/home/kxu/miniforge3/envs/sgym-hab/lib/python3.9/site-packages/networkx/utils/backends.py:135: RuntimeWarning: networkx backend defined more than once: nx-loopback
  backends.update(_get_backends("networkx.backends"))
/home/kxu/miniforge3/envs/sgym-hab/lib/python3.9/site-packages/networkx/utils/backends.py:135: RuntimeWarning: networkx backend defined more than once: nx-loopback
  backends.update(_get_backends("networkx.backends"))
/home/kxu/miniforge3/envs/sgym-hab/lib/python3.9/site-packages/networkx/utils/backends.py:135: RuntimeWarning: networkx backend defined more than once: nx-loopback
  backends.update(_get_backends("networkx.backends"))
/home/kxu/miniforge3/envs/sgym-hab/lib/python3.9/site-packages/networkx/utils/backends.py:135: RuntimeWarning: networkx backend defined more than once: nx-loopback
  backends.update(_get_backends("networkx.backends"))
/home/kxu/miniforge3/envs/sgym-hab/lib/python3.9/site-packages/networkx/utils/backends.py:135: RuntimeWarning: networkx backend defined more than once: nx-loopback
  backends.update(_get_backends("networkx.backends"))
/home/kxu/miniforge3/envs/sgym-hab/lib/python3.9/site-packages/networkx/utils/backends.py:135: RuntimeWarning: networkx backend defined more than once: nx-loopback
  backends.update(_get_backends("networkx.backends"))
INFO:__mp_main__:Worker 1: Finished collecting 256 steps.
INFO:__mp_main__:Worker 10: Finished collecting 256 steps.
INFO:__mp_main__:Worker 5: Finished collecting 256 steps.
INFO:__mp_main__:Worker 15: Finished collecting 256 steps.
INFO:__mp_main__:Worker 2: Finished collecting 256 steps.
INFO:__mp_main__:Worker 11: Finished collecting 256 steps.
INFO:__mp_main__:Worker 9: Finished collecting 256 steps.
INFO:__mp_main__:Worker 13: Finished collecting 256 steps.
INFO:__mp_main__:Worker 0: Finished collecting 256 steps.
INFO:__mp_main__:Worker 4: Finished collecting 256 steps.
INFO:__mp_main__:Worker 7: Finished collecting 256 steps.
INFO:__mp_main__:Worker 3: Finished collecting 256 steps.
INFO:__mp_main__:Worker 14: Finished collecting 256 steps.
INFO:__mp_main__:Worker 6: Finished collecting 256 steps.
INFO:__mp_main__:Worker 12: Finished collecting 256 steps.
INFO:__mp_main__:Worker 8: Finished collecting 256 steps.
INFO:__main__:Update: 99/146, Timesteps: 405504/600000, FPS: 65, Episodes: 15840, Avg Reward (Last 100): 17.51, Avg Length (Last 100): 48.24
/home/kxu/miniforge3/envs/sgym-hab/lib/python3.9/site-packages/networkx/utils/backends.py:135: RuntimeWarning: networkx backend defined more than once: nx-loopback
  backends.update(_get_backends("networkx.backends"))
/home/kxu/miniforge3/envs/sgym-hab/lib/python3.9/site-packages/networkx/utils/backends.py:135: RuntimeWarning: networkx backend defined more than once: nx-loopback
  backends.update(_get_backends("networkx.backends"))
/home/kxu/miniforge3/envs/sgym-hab/lib/python3.9/site-packages/networkx/utils/backends.py:135: RuntimeWarning: networkx backend defined more than once: nx-loopback
  backends.update(_get_backends("networkx.backends"))
/home/kxu/miniforge3/envs/sgym-hab/lib/python3.9/site-packages/networkx/utils/backends.py:135: RuntimeWarning: networkx backend defined more than once: nx-loopback
  backends.update(_get_backends("networkx.backends"))
/home/kxu/miniforge3/envs/sgym-hab/lib/python3.9/site-packages/networkx/utils/backends.py:135: RuntimeWarning: networkx backend defined more than once: nx-loopback
  backends.update(_get_backends("networkx.backends"))
/home/kxu/miniforge3/envs/sgym-hab/lib/python3.9/site-packages/networkx/utils/backends.py:135: RuntimeWarning: networkx backend defined more than once: nx-loopback
  backends.update(_get_backends("networkx.backends"))
/home/kxu/miniforge3/envs/sgym-hab/lib/python3.9/site-packages/networkx/utils/backends.py:135: RuntimeWarning: networkx backend defined more than once: nx-loopback
  backends.update(_get_backends("networkx.backends"))
/home/kxu/miniforge3/envs/sgym-hab/lib/python3.9/site-packages/networkx/utils/backends.py:135: RuntimeWarning: networkx backend defined more than once: nx-loopback
  backends.update(_get_backends("networkx.backends"))
/home/kxu/miniforge3/envs/sgym-hab/lib/python3.9/site-packages/networkx/utils/backends.py:135: RuntimeWarning: networkx backend defined more than once: nx-loopback
  backends.update(_get_backends("networkx.backends"))
/home/kxu/miniforge3/envs/sgym-hab/lib/python3.9/site-packages/networkx/utils/backends.py:135: RuntimeWarning: networkx backend defined more than once: nx-loopback
  backends.update(_get_backends("networkx.backends"))
/home/kxu/miniforge3/envs/sgym-hab/lib/python3.9/site-packages/networkx/utils/backends.py:135: RuntimeWarning: networkx backend defined more than once: nx-loopback
  backends.update(_get_backends("networkx.backends"))
/home/kxu/miniforge3/envs/sgym-hab/lib/python3.9/site-packages/networkx/utils/backends.py:135: RuntimeWarning: networkx backend defined more than once: nx-loopback
  backends.update(_get_backends("networkx.backends"))
/home/kxu/miniforge3/envs/sgym-hab/lib/python3.9/site-packages/networkx/utils/backends.py:135: RuntimeWarning: networkx backend defined more than once: nx-loopback
  backends.update(_get_backends("networkx.backends"))
/home/kxu/miniforge3/envs/sgym-hab/lib/python3.9/site-packages/networkx/utils/backends.py:135: RuntimeWarning: networkx backend defined more than once: nx-loopback
  backends.update(_get_backends("networkx.backends"))
/home/kxu/miniforge3/envs/sgym-hab/lib/python3.9/site-packages/networkx/utils/backends.py:135: RuntimeWarning: networkx backend defined more than once: nx-loopback
  backends.update(_get_backends("networkx.backends"))
/home/kxu/miniforge3/envs/sgym-hab/lib/python3.9/site-packages/networkx/utils/backends.py:135: RuntimeWarning: networkx backend defined more than once: nx-loopback
  backends.update(_get_backends("networkx.backends"))
INFO:__mp_main__:Worker 7: Finished collecting 256 steps.
INFO:__mp_main__:Worker 5: Finished collecting 256 steps.
INFO:__mp_main__:Worker 11: Finished collecting 256 steps.
INFO:__mp_main__:Worker 0: Finished collecting 256 steps.
INFO:__mp_main__:Worker 9: Finished collecting 256 steps.
INFO:__mp_main__:Worker 1: Finished collecting 256 steps.
INFO:__mp_main__:Worker 8: Finished collecting 256 steps.
INFO:__mp_main__:Worker 6: Finished collecting 256 steps.
INFO:__mp_main__:Worker 4: Finished collecting 256 steps.
INFO:__mp_main__:Worker 3: Finished collecting 256 steps.
INFO:__mp_main__:Worker 2: Finished collecting 256 steps.
INFO:__mp_main__:Worker 14: Finished collecting 256 steps.
INFO:__mp_main__:Worker 10: Finished collecting 256 steps.
INFO:__mp_main__:Worker 12: Finished collecting 256 steps.
INFO:__mp_main__:Worker 13: Finished collecting 256 steps.
INFO:__mp_main__:Worker 15: Finished collecting 256 steps.
INFO:__main__:Update: 100/146, Timesteps: 409600/600000, FPS: 65, Episodes: 16000, Avg Reward (Last 100): 18.01, Avg Length (Last 100): 47.90
/home/kxu/miniforge3/envs/sgym-hab/lib/python3.9/site-packages/networkx/utils/backends.py:135: RuntimeWarning: networkx backend defined more than once: nx-loopback
  backends.update(_get_backends("networkx.backends"))
/home/kxu/miniforge3/envs/sgym-hab/lib/python3.9/site-packages/networkx/utils/backends.py:135: RuntimeWarning: networkx backend defined more than once: nx-loopback
  backends.update(_get_backends("networkx.backends"))
/home/kxu/miniforge3/envs/sgym-hab/lib/python3.9/site-packages/networkx/utils/backends.py:135: RuntimeWarning: networkx backend defined more than once: nx-loopback
  backends.update(_get_backends("networkx.backends"))
/home/kxu/miniforge3/envs/sgym-hab/lib/python3.9/site-packages/networkx/utils/backends.py:135: RuntimeWarning: networkx backend defined more than once: nx-loopback
  backends.update(_get_backends("networkx.backends"))
/home/kxu/miniforge3/envs/sgym-hab/lib/python3.9/site-packages/networkx/utils/backends.py:135: RuntimeWarning: networkx backend defined more than once: nx-loopback
  backends.update(_get_backends("networkx.backends"))
/home/kxu/miniforge3/envs/sgym-hab/lib/python3.9/site-packages/networkx/utils/backends.py:135: RuntimeWarning: networkx backend defined more than once: nx-loopback
  backends.update(_get_backends("networkx.backends"))
/home/kxu/miniforge3/envs/sgym-hab/lib/python3.9/site-packages/networkx/utils/backends.py:135: RuntimeWarning: networkx backend defined more than once: nx-loopback
  backends.update(_get_backends("networkx.backends"))
/home/kxu/miniforge3/envs/sgym-hab/lib/python3.9/site-packages/networkx/utils/backends.py:135: RuntimeWarning: networkx backend defined more than once: nx-loopback
  backends.update(_get_backends("networkx.backends"))
/home/kxu/miniforge3/envs/sgym-hab/lib/python3.9/site-packages/networkx/utils/backends.py:135: RuntimeWarning: networkx backend defined more than once: nx-loopback
  backends.update(_get_backends("networkx.backends"))
/home/kxu/miniforge3/envs/sgym-hab/lib/python3.9/site-packages/networkx/utils/backends.py:135: RuntimeWarning: networkx backend defined more than once: nx-loopback
  backends.update(_get_backends("networkx.backends"))
/home/kxu/miniforge3/envs/sgym-hab/lib/python3.9/site-packages/networkx/utils/backends.py:135: RuntimeWarning: networkx backend defined more than once: nx-loopback
  backends.update(_get_backends("networkx.backends"))
/home/kxu/miniforge3/envs/sgym-hab/lib/python3.9/site-packages/networkx/utils/backends.py:135: RuntimeWarning: networkx backend defined more than once: nx-loopback
  backends.update(_get_backends("networkx.backends"))
/home/kxu/miniforge3/envs/sgym-hab/lib/python3.9/site-packages/networkx/utils/backends.py:135: RuntimeWarning: networkx backend defined more than once: nx-loopback
  backends.update(_get_backends("networkx.backends"))
/home/kxu/miniforge3/envs/sgym-hab/lib/python3.9/site-packages/networkx/utils/backends.py:135: RuntimeWarning: networkx backend defined more than once: nx-loopback
  backends.update(_get_backends("networkx.backends"))
/home/kxu/miniforge3/envs/sgym-hab/lib/python3.9/site-packages/networkx/utils/backends.py:135: RuntimeWarning: networkx backend defined more than once: nx-loopback
  backends.update(_get_backends("networkx.backends"))
/home/kxu/miniforge3/envs/sgym-hab/lib/python3.9/site-packages/networkx/utils/backends.py:135: RuntimeWarning: networkx backend defined more than once: nx-loopback
  backends.update(_get_backends("networkx.backends"))
INFO:__mp_main__:Worker 12: Finished collecting 256 steps.
INFO:__mp_main__:Worker 11: Finished collecting 256 steps.
INFO:__mp_main__:Worker 15: Finished collecting 256 steps.
INFO:__mp_main__:Worker 4: Finished collecting 256 steps.
INFO:__mp_main__:Worker 0: Finished collecting 256 steps.
INFO:__mp_main__:Worker 9: Finished collecting 256 steps.
INFO:__mp_main__:Worker 6: Finished collecting 256 steps.
INFO:__mp_main__:Worker 13: Finished collecting 256 steps.
INFO:__mp_main__:Worker 3: Finished collecting 256 steps.
INFO:__mp_main__:Worker 8: Finished collecting 256 steps.
INFO:__mp_main__:Worker 10: Finished collecting 256 steps.
INFO:__mp_main__:Worker 7: Finished collecting 256 steps.
INFO:__mp_main__:Worker 2: Finished collecting 256 steps.
INFO:__mp_main__:Worker 1: Finished collecting 256 steps.
INFO:__mp_main__:Worker 5: Finished collecting 256 steps.
INFO:__mp_main__:Worker 14: Finished collecting 256 steps.
INFO:__main__:Update: 101/146, Timesteps: 413696/600000, FPS: 65, Episodes: 16160, Avg Reward (Last 100): 16.82, Avg Length (Last 100): 48.22
/home/kxu/miniforge3/envs/sgym-hab/lib/python3.9/site-packages/networkx/utils/backends.py:135: RuntimeWarning: networkx backend defined more than once: nx-loopback
  backends.update(_get_backends("networkx.backends"))
/home/kxu/miniforge3/envs/sgym-hab/lib/python3.9/site-packages/networkx/utils/backends.py:135: RuntimeWarning: networkx backend defined more than once: nx-loopback
  backends.update(_get_backends("networkx.backends"))
/home/kxu/miniforge3/envs/sgym-hab/lib/python3.9/site-packages/networkx/utils/backends.py:135: RuntimeWarning: networkx backend defined more than once: nx-loopback
  backends.update(_get_backends("networkx.backends"))
/home/kxu/miniforge3/envs/sgym-hab/lib/python3.9/site-packages/networkx/utils/backends.py:135: RuntimeWarning: networkx backend defined more than once: nx-loopback
  backends.update(_get_backends("networkx.backends"))
/home/kxu/miniforge3/envs/sgym-hab/lib/python3.9/site-packages/networkx/utils/backends.py:135: RuntimeWarning: networkx backend defined more than once: nx-loopback
  backends.update(_get_backends("networkx.backends"))
/home/kxu/miniforge3/envs/sgym-hab/lib/python3.9/site-packages/networkx/utils/backends.py:135: RuntimeWarning: networkx backend defined more than once: nx-loopback
  backends.update(_get_backends("networkx.backends"))
/home/kxu/miniforge3/envs/sgym-hab/lib/python3.9/site-packages/networkx/utils/backends.py:135: RuntimeWarning: networkx backend defined more than once: nx-loopback
  backends.update(_get_backends("networkx.backends"))
/home/kxu/miniforge3/envs/sgym-hab/lib/python3.9/site-packages/networkx/utils/backends.py:135: RuntimeWarning: networkx backend defined more than once: nx-loopback
  backends.update(_get_backends("networkx.backends"))
/home/kxu/miniforge3/envs/sgym-hab/lib/python3.9/site-packages/networkx/utils/backends.py:135: RuntimeWarning: networkx backend defined more than once: nx-loopback
  backends.update(_get_backends("networkx.backends"))
/home/kxu/miniforge3/envs/sgym-hab/lib/python3.9/site-packages/networkx/utils/backends.py:135: RuntimeWarning: networkx backend defined more than once: nx-loopback
  backends.update(_get_backends("networkx.backends"))
/home/kxu/miniforge3/envs/sgym-hab/lib/python3.9/site-packages/networkx/utils/backends.py:135: RuntimeWarning: networkx backend defined more than once: nx-loopback
  backends.update(_get_backends("networkx.backends"))
/home/kxu/miniforge3/envs/sgym-hab/lib/python3.9/site-packages/networkx/utils/backends.py:135: RuntimeWarning: networkx backend defined more than once: nx-loopback
  backends.update(_get_backends("networkx.backends"))
/home/kxu/miniforge3/envs/sgym-hab/lib/python3.9/site-packages/networkx/utils/backends.py:135: RuntimeWarning: networkx backend defined more than once: nx-loopback
  backends.update(_get_backends("networkx.backends"))
/home/kxu/miniforge3/envs/sgym-hab/lib/python3.9/site-packages/networkx/utils/backends.py:135: RuntimeWarning: networkx backend defined more than once: nx-loopback
  backends.update(_get_backends("networkx.backends"))
/home/kxu/miniforge3/envs/sgym-hab/lib/python3.9/site-packages/networkx/utils/backends.py:135: RuntimeWarning: networkx backend defined more than once: nx-loopback
  backends.update(_get_backends("networkx.backends"))
/home/kxu/miniforge3/envs/sgym-hab/lib/python3.9/site-packages/networkx/utils/backends.py:135: RuntimeWarning: networkx backend defined more than once: nx-loopback
  backends.update(_get_backends("networkx.backends"))
INFO:__mp_main__:Worker 4: Finished collecting 256 steps.
INFO:__mp_main__:Worker 6: Finished collecting 256 steps.
INFO:__mp_main__:Worker 0: Finished collecting 256 steps.
INFO:__mp_main__:Worker 3: Finished collecting 256 steps.
INFO:__mp_main__:Worker 12: Finished collecting 256 steps.
INFO:__mp_main__:Worker 5: Finished collecting 256 steps.
INFO:__mp_main__:Worker 13: Finished collecting 256 steps.
INFO:__mp_main__:Worker 2: Finished collecting 256 steps.
INFO:__mp_main__:Worker 7: Finished collecting 256 steps.
INFO:__mp_main__:Worker 11: Finished collecting 256 steps.
INFO:__mp_main__:Worker 9: Finished collecting 256 steps.
INFO:__mp_main__:Worker 1: Finished collecting 256 steps.
INFO:__mp_main__:Worker 8: Finished collecting 256 steps.
INFO:__mp_main__:Worker 10: Finished collecting 256 steps.
INFO:__mp_main__:Worker 14: Finished collecting 256 steps.
INFO:__mp_main__:Worker 15: Finished collecting 256 steps.
INFO:__main__:Update: 102/146, Timesteps: 417792/600000, FPS: 65, Episodes: 16320, Avg Reward (Last 100): 16.66, Avg Length (Last 100): 47.58
/home/kxu/miniforge3/envs/sgym-hab/lib/python3.9/site-packages/networkx/utils/backends.py:135: RuntimeWarning: networkx backend defined more than once: nx-loopback
  backends.update(_get_backends("networkx.backends"))
/home/kxu/miniforge3/envs/sgym-hab/lib/python3.9/site-packages/networkx/utils/backends.py:135: RuntimeWarning: networkx backend defined more than once: nx-loopback
  backends.update(_get_backends("networkx.backends"))
/home/kxu/miniforge3/envs/sgym-hab/lib/python3.9/site-packages/networkx/utils/backends.py:135: RuntimeWarning: networkx backend defined more than once: nx-loopback
  backends.update(_get_backends("networkx.backends"))
/home/kxu/miniforge3/envs/sgym-hab/lib/python3.9/site-packages/networkx/utils/backends.py:135: RuntimeWarning: networkx backend defined more than once: nx-loopback
  backends.update(_get_backends("networkx.backends"))
/home/kxu/miniforge3/envs/sgym-hab/lib/python3.9/site-packages/networkx/utils/backends.py:135: RuntimeWarning: networkx backend defined more than once: nx-loopback
  backends.update(_get_backends("networkx.backends"))
/home/kxu/miniforge3/envs/sgym-hab/lib/python3.9/site-packages/networkx/utils/backends.py:135: RuntimeWarning: networkx backend defined more than once: nx-loopback
  backends.update(_get_backends("networkx.backends"))
/home/kxu/miniforge3/envs/sgym-hab/lib/python3.9/site-packages/networkx/utils/backends.py:135: RuntimeWarning: networkx backend defined more than once: nx-loopback
  backends.update(_get_backends("networkx.backends"))
/home/kxu/miniforge3/envs/sgym-hab/lib/python3.9/site-packages/networkx/utils/backends.py:135: RuntimeWarning: networkx backend defined more than once: nx-loopback
  backends.update(_get_backends("networkx.backends"))
/home/kxu/miniforge3/envs/sgym-hab/lib/python3.9/site-packages/networkx/utils/backends.py:135: RuntimeWarning: networkx backend defined more than once: nx-loopback
  backends.update(_get_backends("networkx.backends"))
/home/kxu/miniforge3/envs/sgym-hab/lib/python3.9/site-packages/networkx/utils/backends.py:135: RuntimeWarning: networkx backend defined more than once: nx-loopback
  backends.update(_get_backends("networkx.backends"))
/home/kxu/miniforge3/envs/sgym-hab/lib/python3.9/site-packages/networkx/utils/backends.py:135: RuntimeWarning: networkx backend defined more than once: nx-loopback
  backends.update(_get_backends("networkx.backends"))
/home/kxu/miniforge3/envs/sgym-hab/lib/python3.9/site-packages/networkx/utils/backends.py:135: RuntimeWarning: networkx backend defined more than once: nx-loopback
  backends.update(_get_backends("networkx.backends"))
/home/kxu/miniforge3/envs/sgym-hab/lib/python3.9/site-packages/networkx/utils/backends.py:135: RuntimeWarning: networkx backend defined more than once: nx-loopback
  backends.update(_get_backends("networkx.backends"))
/home/kxu/miniforge3/envs/sgym-hab/lib/python3.9/site-packages/networkx/utils/backends.py:135: RuntimeWarning: networkx backend defined more than once: nx-loopback
  backends.update(_get_backends("networkx.backends"))
/home/kxu/miniforge3/envs/sgym-hab/lib/python3.9/site-packages/networkx/utils/backends.py:135: RuntimeWarning: networkx backend defined more than once: nx-loopback
  backends.update(_get_backends("networkx.backends"))
/home/kxu/miniforge3/envs/sgym-hab/lib/python3.9/site-packages/networkx/utils/backends.py:135: RuntimeWarning: networkx backend defined more than once: nx-loopback
  backends.update(_get_backends("networkx.backends"))
INFO:__mp_main__:Worker 6: Finished collecting 256 steps.
INFO:__mp_main__:Worker 15: Finished collecting 256 steps.
INFO:__mp_main__:Worker 11: Finished collecting 256 steps.
INFO:__mp_main__:Worker 5: Finished collecting 256 steps.
INFO:__mp_main__:Worker 2: Finished collecting 256 steps.
INFO:__mp_main__:Worker 4: Finished collecting 256 steps.
INFO:__mp_main__:Worker 8: Finished collecting 256 steps.
INFO:__mp_main__:Worker 12: Finished collecting 256 steps.
INFO:__mp_main__:Worker 3: Finished collecting 256 steps.
INFO:__mp_main__:Worker 13: Finished collecting 256 steps.
INFO:__mp_main__:Worker 0: Finished collecting 256 steps.
INFO:__mp_main__:Worker 7: Finished collecting 256 steps.
INFO:__mp_main__:Worker 1: Finished collecting 256 steps.
INFO:__mp_main__:Worker 9: Finished collecting 256 steps.
INFO:__mp_main__:Worker 14: Finished collecting 256 steps.
INFO:__mp_main__:Worker 10: Finished collecting 256 steps.
INFO:__main__:Update: 103/146, Timesteps: 421888/600000, FPS: 65, Episodes: 16480, Avg Reward (Last 100): 15.56, Avg Length (Last 100): 47.96
/home/kxu/miniforge3/envs/sgym-hab/lib/python3.9/site-packages/networkx/utils/backends.py:135: RuntimeWarning: networkx backend defined more than once: nx-loopback
  backends.update(_get_backends("networkx.backends"))
/home/kxu/miniforge3/envs/sgym-hab/lib/python3.9/site-packages/networkx/utils/backends.py:135: RuntimeWarning: networkx backend defined more than once: nx-loopback
  backends.update(_get_backends("networkx.backends"))
/home/kxu/miniforge3/envs/sgym-hab/lib/python3.9/site-packages/networkx/utils/backends.py:135: RuntimeWarning: networkx backend defined more than once: nx-loopback
  backends.update(_get_backends("networkx.backends"))
/home/kxu/miniforge3/envs/sgym-hab/lib/python3.9/site-packages/networkx/utils/backends.py:135: RuntimeWarning: networkx backend defined more than once: nx-loopback
  backends.update(_get_backends("networkx.backends"))
/home/kxu/miniforge3/envs/sgym-hab/lib/python3.9/site-packages/networkx/utils/backends.py:135: RuntimeWarning: networkx backend defined more than once: nx-loopback
  backends.update(_get_backends("networkx.backends"))
/home/kxu/miniforge3/envs/sgym-hab/lib/python3.9/site-packages/networkx/utils/backends.py:135: RuntimeWarning: networkx backend defined more than once: nx-loopback
  backends.update(_get_backends("networkx.backends"))
/home/kxu/miniforge3/envs/sgym-hab/lib/python3.9/site-packages/networkx/utils/backends.py:135: RuntimeWarning: networkx backend defined more than once: nx-loopback
  backends.update(_get_backends("networkx.backends"))
/home/kxu/miniforge3/envs/sgym-hab/lib/python3.9/site-packages/networkx/utils/backends.py:135: RuntimeWarning: networkx backend defined more than once: nx-loopback
  backends.update(_get_backends("networkx.backends"))
/home/kxu/miniforge3/envs/sgym-hab/lib/python3.9/site-packages/networkx/utils/backends.py:135: RuntimeWarning: networkx backend defined more than once: nx-loopback
  backends.update(_get_backends("networkx.backends"))
/home/kxu/miniforge3/envs/sgym-hab/lib/python3.9/site-packages/networkx/utils/backends.py:135: RuntimeWarning: networkx backend defined more than once: nx-loopback
  backends.update(_get_backends("networkx.backends"))
/home/kxu/miniforge3/envs/sgym-hab/lib/python3.9/site-packages/networkx/utils/backends.py:135: RuntimeWarning: networkx backend defined more than once: nx-loopback
  backends.update(_get_backends("networkx.backends"))
/home/kxu/miniforge3/envs/sgym-hab/lib/python3.9/site-packages/networkx/utils/backends.py:135: RuntimeWarning: networkx backend defined more than once: nx-loopback
  backends.update(_get_backends("networkx.backends"))
/home/kxu/miniforge3/envs/sgym-hab/lib/python3.9/site-packages/networkx/utils/backends.py:135: RuntimeWarning: networkx backend defined more than once: nx-loopback
  backends.update(_get_backends("networkx.backends"))
/home/kxu/miniforge3/envs/sgym-hab/lib/python3.9/site-packages/networkx/utils/backends.py:135: RuntimeWarning: networkx backend defined more than once: nx-loopback
  backends.update(_get_backends("networkx.backends"))
/home/kxu/miniforge3/envs/sgym-hab/lib/python3.9/site-packages/networkx/utils/backends.py:135: RuntimeWarning: networkx backend defined more than once: nx-loopback
  backends.update(_get_backends("networkx.backends"))
/home/kxu/miniforge3/envs/sgym-hab/lib/python3.9/site-packages/networkx/utils/backends.py:135: RuntimeWarning: networkx backend defined more than once: nx-loopback
  backends.update(_get_backends("networkx.backends"))
INFO:__mp_main__:Worker 7: Finished collecting 256 steps.
INFO:__mp_main__:Worker 15: Finished collecting 256 steps.
INFO:__mp_main__:Worker 8: Finished collecting 256 steps.
INFO:__mp_main__:Worker 1: Finished collecting 256 steps.
INFO:__mp_main__:Worker 0: Finished collecting 256 steps.
INFO:__mp_main__:Worker 3: Finished collecting 256 steps.
INFO:__mp_main__:Worker 13: Finished collecting 256 steps.
INFO:__mp_main__:Worker 4: Finished collecting 256 steps.
INFO:__mp_main__:Worker 12: Finished collecting 256 steps.
INFO:__mp_main__:Worker 2: Finished collecting 256 steps.
INFO:__mp_main__:Worker 14: Finished collecting 256 steps.
INFO:__mp_main__:Worker 6: Finished collecting 256 steps.
INFO:__mp_main__:Worker 11: Finished collecting 256 steps.
INFO:__mp_main__:Worker 10: Finished collecting 256 steps.
INFO:__mp_main__:Worker 5: Finished collecting 256 steps.
INFO:__mp_main__:Worker 9: Finished collecting 256 steps.
INFO:__main__:Update: 104/146, Timesteps: 425984/600000, FPS: 65, Episodes: 16640, Avg Reward (Last 100): 16.44, Avg Length (Last 100): 48.36
/home/kxu/miniforge3/envs/sgym-hab/lib/python3.9/site-packages/networkx/utils/backends.py:135: RuntimeWarning: networkx backend defined more than once: nx-loopback
  backends.update(_get_backends("networkx.backends"))
/home/kxu/miniforge3/envs/sgym-hab/lib/python3.9/site-packages/networkx/utils/backends.py:135: RuntimeWarning: networkx backend defined more than once: nx-loopback
  backends.update(_get_backends("networkx.backends"))
/home/kxu/miniforge3/envs/sgym-hab/lib/python3.9/site-packages/networkx/utils/backends.py:135: RuntimeWarning: networkx backend defined more than once: nx-loopback
  backends.update(_get_backends("networkx.backends"))
/home/kxu/miniforge3/envs/sgym-hab/lib/python3.9/site-packages/networkx/utils/backends.py:135: RuntimeWarning: networkx backend defined more than once: nx-loopback
  backends.update(_get_backends("networkx.backends"))
/home/kxu/miniforge3/envs/sgym-hab/lib/python3.9/site-packages/networkx/utils/backends.py:135: RuntimeWarning: networkx backend defined more than once: nx-loopback
  backends.update(_get_backends("networkx.backends"))
/home/kxu/miniforge3/envs/sgym-hab/lib/python3.9/site-packages/networkx/utils/backends.py:135: RuntimeWarning: networkx backend defined more than once: nx-loopback
  backends.update(_get_backends("networkx.backends"))
/home/kxu/miniforge3/envs/sgym-hab/lib/python3.9/site-packages/networkx/utils/backends.py:135: RuntimeWarning: networkx backend defined more than once: nx-loopback
  backends.update(_get_backends("networkx.backends"))
/home/kxu/miniforge3/envs/sgym-hab/lib/python3.9/site-packages/networkx/utils/backends.py:135: RuntimeWarning: networkx backend defined more than once: nx-loopback
  backends.update(_get_backends("networkx.backends"))
/home/kxu/miniforge3/envs/sgym-hab/lib/python3.9/site-packages/networkx/utils/backends.py:135: RuntimeWarning: networkx backend defined more than once: nx-loopback
  backends.update(_get_backends("networkx.backends"))
/home/kxu/miniforge3/envs/sgym-hab/lib/python3.9/site-packages/networkx/utils/backends.py:135: RuntimeWarning: networkx backend defined more than once: nx-loopback
  backends.update(_get_backends("networkx.backends"))
/home/kxu/miniforge3/envs/sgym-hab/lib/python3.9/site-packages/networkx/utils/backends.py:135: RuntimeWarning: networkx backend defined more than once: nx-loopback
  backends.update(_get_backends("networkx.backends"))
/home/kxu/miniforge3/envs/sgym-hab/lib/python3.9/site-packages/networkx/utils/backends.py:135: RuntimeWarning: networkx backend defined more than once: nx-loopback
  backends.update(_get_backends("networkx.backends"))
/home/kxu/miniforge3/envs/sgym-hab/lib/python3.9/site-packages/networkx/utils/backends.py:135: RuntimeWarning: networkx backend defined more than once: nx-loopback
  backends.update(_get_backends("networkx.backends"))
/home/kxu/miniforge3/envs/sgym-hab/lib/python3.9/site-packages/networkx/utils/backends.py:135: RuntimeWarning: networkx backend defined more than once: nx-loopback
  backends.update(_get_backends("networkx.backends"))
/home/kxu/miniforge3/envs/sgym-hab/lib/python3.9/site-packages/networkx/utils/backends.py:135: RuntimeWarning: networkx backend defined more than once: nx-loopback
  backends.update(_get_backends("networkx.backends"))
/home/kxu/miniforge3/envs/sgym-hab/lib/python3.9/site-packages/networkx/utils/backends.py:135: RuntimeWarning: networkx backend defined more than once: nx-loopback
  backends.update(_get_backends("networkx.backends"))
INFO:__mp_main__:Worker 14: Finished collecting 256 steps.
INFO:__mp_main__:Worker 12: Finished collecting 256 steps.
INFO:__mp_main__:Worker 8: Finished collecting 256 steps.
INFO:__mp_main__:Worker 2: Finished collecting 256 steps.
INFO:__mp_main__:Worker 0: Finished collecting 256 steps.
INFO:__mp_main__:Worker 6: Finished collecting 256 steps.
INFO:__mp_main__:Worker 9: Finished collecting 256 steps.
INFO:__mp_main__:Worker 11: Finished collecting 256 steps.
INFO:__mp_main__:Worker 3: Finished collecting 256 steps.
INFO:__mp_main__:Worker 5: Finished collecting 256 steps.
INFO:__mp_main__:Worker 7: Finished collecting 256 steps.
INFO:__mp_main__:Worker 4: Finished collecting 256 steps.
INFO:__mp_main__:Worker 15: Finished collecting 256 steps.
INFO:__mp_main__:Worker 10: Finished collecting 256 steps.
INFO:__mp_main__:Worker 1: Finished collecting 256 steps.
INFO:__mp_main__:Worker 13: Finished collecting 256 steps.
INFO:__main__:Update: 105/146, Timesteps: 430080/600000, FPS: 65, Episodes: 16800, Avg Reward (Last 100): 14.94, Avg Length (Last 100): 48.60
/home/kxu/miniforge3/envs/sgym-hab/lib/python3.9/site-packages/networkx/utils/backends.py:135: RuntimeWarning: networkx backend defined more than once: nx-loopback
  backends.update(_get_backends("networkx.backends"))
/home/kxu/miniforge3/envs/sgym-hab/lib/python3.9/site-packages/networkx/utils/backends.py:135: RuntimeWarning: networkx backend defined more than once: nx-loopback
  backends.update(_get_backends("networkx.backends"))
/home/kxu/miniforge3/envs/sgym-hab/lib/python3.9/site-packages/networkx/utils/backends.py:135: RuntimeWarning: networkx backend defined more than once: nx-loopback
  backends.update(_get_backends("networkx.backends"))
/home/kxu/miniforge3/envs/sgym-hab/lib/python3.9/site-packages/networkx/utils/backends.py:135: RuntimeWarning: networkx backend defined more than once: nx-loopback
  backends.update(_get_backends("networkx.backends"))
/home/kxu/miniforge3/envs/sgym-hab/lib/python3.9/site-packages/networkx/utils/backends.py:135: RuntimeWarning: networkx backend defined more than once: nx-loopback
  backends.update(_get_backends("networkx.backends"))
/home/kxu/miniforge3/envs/sgym-hab/lib/python3.9/site-packages/networkx/utils/backends.py:135: RuntimeWarning: networkx backend defined more than once: nx-loopback
  backends.update(_get_backends("networkx.backends"))
/home/kxu/miniforge3/envs/sgym-hab/lib/python3.9/site-packages/networkx/utils/backends.py:135: RuntimeWarning: networkx backend defined more than once: nx-loopback
  backends.update(_get_backends("networkx.backends"))
/home/kxu/miniforge3/envs/sgym-hab/lib/python3.9/site-packages/networkx/utils/backends.py:135: RuntimeWarning: networkx backend defined more than once: nx-loopback
  backends.update(_get_backends("networkx.backends"))
/home/kxu/miniforge3/envs/sgym-hab/lib/python3.9/site-packages/networkx/utils/backends.py:135: RuntimeWarning: networkx backend defined more than once: nx-loopback
  backends.update(_get_backends("networkx.backends"))
/home/kxu/miniforge3/envs/sgym-hab/lib/python3.9/site-packages/networkx/utils/backends.py:135: RuntimeWarning: networkx backend defined more than once: nx-loopback
  backends.update(_get_backends("networkx.backends"))
/home/kxu/miniforge3/envs/sgym-hab/lib/python3.9/site-packages/networkx/utils/backends.py:135: RuntimeWarning: networkx backend defined more than once: nx-loopback
  backends.update(_get_backends("networkx.backends"))
/home/kxu/miniforge3/envs/sgym-hab/lib/python3.9/site-packages/networkx/utils/backends.py:135: RuntimeWarning: networkx backend defined more than once: nx-loopback
  backends.update(_get_backends("networkx.backends"))
/home/kxu/miniforge3/envs/sgym-hab/lib/python3.9/site-packages/networkx/utils/backends.py:135: RuntimeWarning: networkx backend defined more than once: nx-loopback
  backends.update(_get_backends("networkx.backends"))
/home/kxu/miniforge3/envs/sgym-hab/lib/python3.9/site-packages/networkx/utils/backends.py:135: RuntimeWarning: networkx backend defined more than once: nx-loopback
  backends.update(_get_backends("networkx.backends"))
/home/kxu/miniforge3/envs/sgym-hab/lib/python3.9/site-packages/networkx/utils/backends.py:135: RuntimeWarning: networkx backend defined more than once: nx-loopback
  backends.update(_get_backends("networkx.backends"))
/home/kxu/miniforge3/envs/sgym-hab/lib/python3.9/site-packages/networkx/utils/backends.py:135: RuntimeWarning: networkx backend defined more than once: nx-loopback
  backends.update(_get_backends("networkx.backends"))
INFO:__mp_main__:Worker 5: Finished collecting 256 steps.
INFO:__mp_main__:Worker 10: Finished collecting 256 steps.
INFO:__mp_main__:Worker 9: Finished collecting 256 steps.
INFO:__mp_main__:Worker 2: Finished collecting 256 steps.
INFO:__mp_main__:Worker 13: Finished collecting 256 steps.
INFO:__mp_main__:Worker 7: Finished collecting 256 steps.
INFO:__mp_main__:Worker 14: Finished collecting 256 steps.
INFO:__mp_main__:Worker 0: Finished collecting 256 steps.
INFO:__mp_main__:Worker 11: Finished collecting 256 steps.
INFO:__mp_main__:Worker 6: Finished collecting 256 steps.
INFO:__mp_main__:Worker 12: Finished collecting 256 steps.
INFO:__mp_main__:Worker 1: Finished collecting 256 steps.
INFO:__mp_main__:Worker 4: Finished collecting 256 steps.
INFO:__mp_main__:Worker 3: Finished collecting 256 steps.
INFO:__mp_main__:Worker 8: Finished collecting 256 steps.
INFO:__mp_main__:Worker 15: Finished collecting 256 steps.
INFO:__main__:Update: 106/146, Timesteps: 434176/600000, FPS: 65, Episodes: 16960, Avg Reward (Last 100): 14.12, Avg Length (Last 100): 48.46
/home/kxu/miniforge3/envs/sgym-hab/lib/python3.9/site-packages/networkx/utils/backends.py:135: RuntimeWarning: networkx backend defined more than once: nx-loopback
  backends.update(_get_backends("networkx.backends"))
/home/kxu/miniforge3/envs/sgym-hab/lib/python3.9/site-packages/networkx/utils/backends.py:135: RuntimeWarning: networkx backend defined more than once: nx-loopback
  backends.update(_get_backends("networkx.backends"))
/home/kxu/miniforge3/envs/sgym-hab/lib/python3.9/site-packages/networkx/utils/backends.py:135: RuntimeWarning: networkx backend defined more than once: nx-loopback
  backends.update(_get_backends("networkx.backends"))
/home/kxu/miniforge3/envs/sgym-hab/lib/python3.9/site-packages/networkx/utils/backends.py:135: RuntimeWarning: networkx backend defined more than once: nx-loopback
  backends.update(_get_backends("networkx.backends"))
/home/kxu/miniforge3/envs/sgym-hab/lib/python3.9/site-packages/networkx/utils/backends.py:135: RuntimeWarning: networkx backend defined more than once: nx-loopback
  backends.update(_get_backends("networkx.backends"))
/home/kxu/miniforge3/envs/sgym-hab/lib/python3.9/site-packages/networkx/utils/backends.py:135: RuntimeWarning: networkx backend defined more than once: nx-loopback
  backends.update(_get_backends("networkx.backends"))
/home/kxu/miniforge3/envs/sgym-hab/lib/python3.9/site-packages/networkx/utils/backends.py:135: RuntimeWarning: networkx backend defined more than once: nx-loopback
  backends.update(_get_backends("networkx.backends"))
/home/kxu/miniforge3/envs/sgym-hab/lib/python3.9/site-packages/networkx/utils/backends.py:135: RuntimeWarning: networkx backend defined more than once: nx-loopback
  backends.update(_get_backends("networkx.backends"))
/home/kxu/miniforge3/envs/sgym-hab/lib/python3.9/site-packages/networkx/utils/backends.py:135: RuntimeWarning: networkx backend defined more than once: nx-loopback
  backends.update(_get_backends("networkx.backends"))
/home/kxu/miniforge3/envs/sgym-hab/lib/python3.9/site-packages/networkx/utils/backends.py:135: RuntimeWarning: networkx backend defined more than once: nx-loopback
  backends.update(_get_backends("networkx.backends"))
/home/kxu/miniforge3/envs/sgym-hab/lib/python3.9/site-packages/networkx/utils/backends.py:135: RuntimeWarning: networkx backend defined more than once: nx-loopback
  backends.update(_get_backends("networkx.backends"))
/home/kxu/miniforge3/envs/sgym-hab/lib/python3.9/site-packages/networkx/utils/backends.py:135: RuntimeWarning: networkx backend defined more than once: nx-loopback
  backends.update(_get_backends("networkx.backends"))
/home/kxu/miniforge3/envs/sgym-hab/lib/python3.9/site-packages/networkx/utils/backends.py:135: RuntimeWarning: networkx backend defined more than once: nx-loopback
  backends.update(_get_backends("networkx.backends"))
/home/kxu/miniforge3/envs/sgym-hab/lib/python3.9/site-packages/networkx/utils/backends.py:135: RuntimeWarning: networkx backend defined more than once: nx-loopback
  backends.update(_get_backends("networkx.backends"))
/home/kxu/miniforge3/envs/sgym-hab/lib/python3.9/site-packages/networkx/utils/backends.py:135: RuntimeWarning: networkx backend defined more than once: nx-loopback
  backends.update(_get_backends("networkx.backends"))
/home/kxu/miniforge3/envs/sgym-hab/lib/python3.9/site-packages/networkx/utils/backends.py:135: RuntimeWarning: networkx backend defined more than once: nx-loopback
  backends.update(_get_backends("networkx.backends"))
INFO:__mp_main__:Worker 7: Finished collecting 256 steps.
INFO:__mp_main__:Worker 4: Finished collecting 256 steps.
INFO:__mp_main__:Worker 12: Finished collecting 256 steps.
INFO:__mp_main__:Worker 6: Finished collecting 256 steps.
INFO:__mp_main__:Worker 5: Finished collecting 256 steps.
INFO:__mp_main__:Worker 10: Finished collecting 256 steps.
INFO:__mp_main__:Worker 15: Finished collecting 256 steps.
INFO:__mp_main__:Worker 14: Finished collecting 256 steps.
INFO:__mp_main__:Worker 3: Finished collecting 256 steps.
INFO:__mp_main__:Worker 0: Finished collecting 256 steps.
INFO:__mp_main__:Worker 1: Finished collecting 256 steps.
INFO:__mp_main__:Worker 9: Finished collecting 256 steps.
INFO:__mp_main__:Worker 2: Finished collecting 256 steps.
INFO:__mp_main__:Worker 11: Finished collecting 256 steps.
INFO:__mp_main__:Worker 13: Finished collecting 256 steps.
INFO:__mp_main__:Worker 8: Finished collecting 256 steps.
INFO:__main__:Update: 107/146, Timesteps: 438272/600000, FPS: 65, Episodes: 17120, Avg Reward (Last 100): 16.25, Avg Length (Last 100): 48.20
/home/kxu/miniforge3/envs/sgym-hab/lib/python3.9/site-packages/networkx/utils/backends.py:135: RuntimeWarning: networkx backend defined more than once: nx-loopback
  backends.update(_get_backends("networkx.backends"))
/home/kxu/miniforge3/envs/sgym-hab/lib/python3.9/site-packages/networkx/utils/backends.py:135: RuntimeWarning: networkx backend defined more than once: nx-loopback
  backends.update(_get_backends("networkx.backends"))
/home/kxu/miniforge3/envs/sgym-hab/lib/python3.9/site-packages/networkx/utils/backends.py:135: RuntimeWarning: networkx backend defined more than once: nx-loopback
  backends.update(_get_backends("networkx.backends"))
/home/kxu/miniforge3/envs/sgym-hab/lib/python3.9/site-packages/networkx/utils/backends.py:135: RuntimeWarning: networkx backend defined more than once: nx-loopback
  backends.update(_get_backends("networkx.backends"))
/home/kxu/miniforge3/envs/sgym-hab/lib/python3.9/site-packages/networkx/utils/backends.py:135: RuntimeWarning: networkx backend defined more than once: nx-loopback
  backends.update(_get_backends("networkx.backends"))
/home/kxu/miniforge3/envs/sgym-hab/lib/python3.9/site-packages/networkx/utils/backends.py:135: RuntimeWarning: networkx backend defined more than once: nx-loopback
  backends.update(_get_backends("networkx.backends"))
/home/kxu/miniforge3/envs/sgym-hab/lib/python3.9/site-packages/networkx/utils/backends.py:135: RuntimeWarning: networkx backend defined more than once: nx-loopback
  backends.update(_get_backends("networkx.backends"))
/home/kxu/miniforge3/envs/sgym-hab/lib/python3.9/site-packages/networkx/utils/backends.py:135: RuntimeWarning: networkx backend defined more than once: nx-loopback
  backends.update(_get_backends("networkx.backends"))
/home/kxu/miniforge3/envs/sgym-hab/lib/python3.9/site-packages/networkx/utils/backends.py:135: RuntimeWarning: networkx backend defined more than once: nx-loopback
  backends.update(_get_backends("networkx.backends"))
/home/kxu/miniforge3/envs/sgym-hab/lib/python3.9/site-packages/networkx/utils/backends.py:135: RuntimeWarning: networkx backend defined more than once: nx-loopback
  backends.update(_get_backends("networkx.backends"))
/home/kxu/miniforge3/envs/sgym-hab/lib/python3.9/site-packages/networkx/utils/backends.py:135: RuntimeWarning: networkx backend defined more than once: nx-loopback
  backends.update(_get_backends("networkx.backends"))
/home/kxu/miniforge3/envs/sgym-hab/lib/python3.9/site-packages/networkx/utils/backends.py:135: RuntimeWarning: networkx backend defined more than once: nx-loopback
  backends.update(_get_backends("networkx.backends"))
/home/kxu/miniforge3/envs/sgym-hab/lib/python3.9/site-packages/networkx/utils/backends.py:135: RuntimeWarning: networkx backend defined more than once: nx-loopback
  backends.update(_get_backends("networkx.backends"))
/home/kxu/miniforge3/envs/sgym-hab/lib/python3.9/site-packages/networkx/utils/backends.py:135: RuntimeWarning: networkx backend defined more than once: nx-loopback
  backends.update(_get_backends("networkx.backends"))
/home/kxu/miniforge3/envs/sgym-hab/lib/python3.9/site-packages/networkx/utils/backends.py:135: RuntimeWarning: networkx backend defined more than once: nx-loopback
  backends.update(_get_backends("networkx.backends"))
/home/kxu/miniforge3/envs/sgym-hab/lib/python3.9/site-packages/networkx/utils/backends.py:135: RuntimeWarning: networkx backend defined more than once: nx-loopback
  backends.update(_get_backends("networkx.backends"))
INFO:__mp_main__:Worker 5: Finished collecting 256 steps.
INFO:__mp_main__:Worker 13: Finished collecting 256 steps.
INFO:__mp_main__:Worker 0: Finished collecting 256 steps.
INFO:__mp_main__:Worker 1: Finished collecting 256 steps.
INFO:__mp_main__:Worker 10: Finished collecting 256 steps.
INFO:__mp_main__:Worker 12: Finished collecting 256 steps.
INFO:__mp_main__:Worker 9: Finished collecting 256 steps.
INFO:__mp_main__:Worker 15: Finished collecting 256 steps.
INFO:__mp_main__:Worker 8: Finished collecting 256 steps.
INFO:__mp_main__:Worker 4: Finished collecting 256 steps.
INFO:__mp_main__:Worker 11: Finished collecting 256 steps.
INFO:__mp_main__:Worker 6: Finished collecting 256 steps.
INFO:__mp_main__:Worker 7: Finished collecting 256 steps.
INFO:__mp_main__:Worker 2: Finished collecting 256 steps.
INFO:__mp_main__:Worker 3: Finished collecting 256 steps.
INFO:__mp_main__:Worker 14: Finished collecting 256 steps.
INFO:__main__:Update: 108/146, Timesteps: 442368/600000, FPS: 65, Episodes: 17280, Avg Reward (Last 100): 16.87, Avg Length (Last 100): 48.86
/home/kxu/miniforge3/envs/sgym-hab/lib/python3.9/site-packages/networkx/utils/backends.py:135: RuntimeWarning: networkx backend defined more than once: nx-loopback
  backends.update(_get_backends("networkx.backends"))
/home/kxu/miniforge3/envs/sgym-hab/lib/python3.9/site-packages/networkx/utils/backends.py:135: RuntimeWarning: networkx backend defined more than once: nx-loopback
  backends.update(_get_backends("networkx.backends"))
/home/kxu/miniforge3/envs/sgym-hab/lib/python3.9/site-packages/networkx/utils/backends.py:135: RuntimeWarning: networkx backend defined more than once: nx-loopback
  backends.update(_get_backends("networkx.backends"))
/home/kxu/miniforge3/envs/sgym-hab/lib/python3.9/site-packages/networkx/utils/backends.py:135: RuntimeWarning: networkx backend defined more than once: nx-loopback
  backends.update(_get_backends("networkx.backends"))
/home/kxu/miniforge3/envs/sgym-hab/lib/python3.9/site-packages/networkx/utils/backends.py:135: RuntimeWarning: networkx backend defined more than once: nx-loopback
  backends.update(_get_backends("networkx.backends"))
/home/kxu/miniforge3/envs/sgym-hab/lib/python3.9/site-packages/networkx/utils/backends.py:135: RuntimeWarning: networkx backend defined more than once: nx-loopback
  backends.update(_get_backends("networkx.backends"))
/home/kxu/miniforge3/envs/sgym-hab/lib/python3.9/site-packages/networkx/utils/backends.py:135: RuntimeWarning: networkx backend defined more than once: nx-loopback
  backends.update(_get_backends("networkx.backends"))
/home/kxu/miniforge3/envs/sgym-hab/lib/python3.9/site-packages/networkx/utils/backends.py:135: RuntimeWarning: networkx backend defined more than once: nx-loopback
  backends.update(_get_backends("networkx.backends"))
/home/kxu/miniforge3/envs/sgym-hab/lib/python3.9/site-packages/networkx/utils/backends.py:135: RuntimeWarning: networkx backend defined more than once: nx-loopback
  backends.update(_get_backends("networkx.backends"))
/home/kxu/miniforge3/envs/sgym-hab/lib/python3.9/site-packages/networkx/utils/backends.py:135: RuntimeWarning: networkx backend defined more than once: nx-loopback
  backends.update(_get_backends("networkx.backends"))
/home/kxu/miniforge3/envs/sgym-hab/lib/python3.9/site-packages/networkx/utils/backends.py:135: RuntimeWarning: networkx backend defined more than once: nx-loopback
  backends.update(_get_backends("networkx.backends"))
/home/kxu/miniforge3/envs/sgym-hab/lib/python3.9/site-packages/networkx/utils/backends.py:135: RuntimeWarning: networkx backend defined more than once: nx-loopback
  backends.update(_get_backends("networkx.backends"))
/home/kxu/miniforge3/envs/sgym-hab/lib/python3.9/site-packages/networkx/utils/backends.py:135: RuntimeWarning: networkx backend defined more than once: nx-loopback
  backends.update(_get_backends("networkx.backends"))
/home/kxu/miniforge3/envs/sgym-hab/lib/python3.9/site-packages/networkx/utils/backends.py:135: RuntimeWarning: networkx backend defined more than once: nx-loopback
  backends.update(_get_backends("networkx.backends"))
/home/kxu/miniforge3/envs/sgym-hab/lib/python3.9/site-packages/networkx/utils/backends.py:135: RuntimeWarning: networkx backend defined more than once: nx-loopback
  backends.update(_get_backends("networkx.backends"))
/home/kxu/miniforge3/envs/sgym-hab/lib/python3.9/site-packages/networkx/utils/backends.py:135: RuntimeWarning: networkx backend defined more than once: nx-loopback
  backends.update(_get_backends("networkx.backends"))
INFO:__mp_main__:Worker 11: Finished collecting 256 steps.
INFO:__mp_main__:Worker 1: Finished collecting 256 steps.
INFO:__mp_main__:Worker 2: Finished collecting 256 steps.
INFO:__mp_main__:Worker 10: Finished collecting 256 steps.
INFO:__mp_main__:Worker 6: Finished collecting 256 steps.
INFO:__mp_main__:Worker 13: Finished collecting 256 steps.
INFO:__mp_main__:Worker 14: Finished collecting 256 steps.
INFO:__mp_main__:Worker 7: Finished collecting 256 steps.
INFO:__mp_main__:Worker 12: Finished collecting 256 steps.
INFO:__mp_main__:Worker 3: Finished collecting 256 steps.
INFO:__mp_main__:Worker 0: Finished collecting 256 steps.
INFO:__mp_main__:Worker 5: Finished collecting 256 steps.
INFO:__mp_main__:Worker 4: Finished collecting 256 steps.
INFO:__mp_main__:Worker 8: Finished collecting 256 steps.
INFO:__mp_main__:Worker 15: Finished collecting 256 steps.
INFO:__mp_main__:Worker 9: Finished collecting 256 steps.
INFO:__main__:Update: 109/146, Timesteps: 446464/600000, FPS: 66, Episodes: 17440, Avg Reward (Last 100): 14.90, Avg Length (Last 100): 48.72
/home/kxu/miniforge3/envs/sgym-hab/lib/python3.9/site-packages/networkx/utils/backends.py:135: RuntimeWarning: networkx backend defined more than once: nx-loopback
  backends.update(_get_backends("networkx.backends"))
/home/kxu/miniforge3/envs/sgym-hab/lib/python3.9/site-packages/networkx/utils/backends.py:135: RuntimeWarning: networkx backend defined more than once: nx-loopback
  backends.update(_get_backends("networkx.backends"))
/home/kxu/miniforge3/envs/sgym-hab/lib/python3.9/site-packages/networkx/utils/backends.py:135: RuntimeWarning: networkx backend defined more than once: nx-loopback
  backends.update(_get_backends("networkx.backends"))
/home/kxu/miniforge3/envs/sgym-hab/lib/python3.9/site-packages/networkx/utils/backends.py:135: RuntimeWarning: networkx backend defined more than once: nx-loopback
  backends.update(_get_backends("networkx.backends"))
/home/kxu/miniforge3/envs/sgym-hab/lib/python3.9/site-packages/networkx/utils/backends.py:135: RuntimeWarning: networkx backend defined more than once: nx-loopback
  backends.update(_get_backends("networkx.backends"))
/home/kxu/miniforge3/envs/sgym-hab/lib/python3.9/site-packages/networkx/utils/backends.py:135: RuntimeWarning: networkx backend defined more than once: nx-loopback
  backends.update(_get_backends("networkx.backends"))
/home/kxu/miniforge3/envs/sgym-hab/lib/python3.9/site-packages/networkx/utils/backends.py:135: RuntimeWarning: networkx backend defined more than once: nx-loopback
  backends.update(_get_backends("networkx.backends"))
/home/kxu/miniforge3/envs/sgym-hab/lib/python3.9/site-packages/networkx/utils/backends.py:135: RuntimeWarning: networkx backend defined more than once: nx-loopback
  backends.update(_get_backends("networkx.backends"))
/home/kxu/miniforge3/envs/sgym-hab/lib/python3.9/site-packages/networkx/utils/backends.py:135: RuntimeWarning: networkx backend defined more than once: nx-loopback
  backends.update(_get_backends("networkx.backends"))
/home/kxu/miniforge3/envs/sgym-hab/lib/python3.9/site-packages/networkx/utils/backends.py:135: RuntimeWarning: networkx backend defined more than once: nx-loopback
  backends.update(_get_backends("networkx.backends"))
/home/kxu/miniforge3/envs/sgym-hab/lib/python3.9/site-packages/networkx/utils/backends.py:135: RuntimeWarning: networkx backend defined more than once: nx-loopback
  backends.update(_get_backends("networkx.backends"))
/home/kxu/miniforge3/envs/sgym-hab/lib/python3.9/site-packages/networkx/utils/backends.py:135: RuntimeWarning: networkx backend defined more than once: nx-loopback
  backends.update(_get_backends("networkx.backends"))
/home/kxu/miniforge3/envs/sgym-hab/lib/python3.9/site-packages/networkx/utils/backends.py:135: RuntimeWarning: networkx backend defined more than once: nx-loopback
  backends.update(_get_backends("networkx.backends"))
/home/kxu/miniforge3/envs/sgym-hab/lib/python3.9/site-packages/networkx/utils/backends.py:135: RuntimeWarning: networkx backend defined more than once: nx-loopback
  backends.update(_get_backends("networkx.backends"))
/home/kxu/miniforge3/envs/sgym-hab/lib/python3.9/site-packages/networkx/utils/backends.py:135: RuntimeWarning: networkx backend defined more than once: nx-loopback
  backends.update(_get_backends("networkx.backends"))
/home/kxu/miniforge3/envs/sgym-hab/lib/python3.9/site-packages/networkx/utils/backends.py:135: RuntimeWarning: networkx backend defined more than once: nx-loopback
  backends.update(_get_backends("networkx.backends"))
INFO:__mp_main__:Worker 4: Finished collecting 256 steps.
INFO:__mp_main__:Worker 9: Finished collecting 256 steps.
INFO:__mp_main__:Worker 1: Finished collecting 256 steps.
INFO:__mp_main__:Worker 14: Finished collecting 256 steps.
INFO:__mp_main__:Worker 12: Finished collecting 256 steps.
INFO:__mp_main__:Worker 15: Finished collecting 256 steps.
INFO:__mp_main__:Worker 5: Finished collecting 256 steps.
INFO:__mp_main__:Worker 7: Finished collecting 256 steps.
INFO:__mp_main__:Worker 0: Finished collecting 256 steps.
INFO:__mp_main__:Worker 6: Finished collecting 256 steps.
INFO:__mp_main__:Worker 2: Finished collecting 256 steps.
INFO:__mp_main__:Worker 10: Finished collecting 256 steps.
INFO:__mp_main__:Worker 3: Finished collecting 256 steps.
INFO:__mp_main__:Worker 8: Finished collecting 256 steps.
INFO:__mp_main__:Worker 11: Finished collecting 256 steps.
INFO:__mp_main__:Worker 13: Finished collecting 256 steps.
INFO:__main__:Update: 110/146, Timesteps: 450560/600000, FPS: 64, Episodes: 17600, Avg Reward (Last 100): 14.77, Avg Length (Last 100): 49.00
/home/kxu/miniforge3/envs/sgym-hab/lib/python3.9/site-packages/networkx/utils/backends.py:135: RuntimeWarning: networkx backend defined more than once: nx-loopback
  backends.update(_get_backends("networkx.backends"))
/home/kxu/miniforge3/envs/sgym-hab/lib/python3.9/site-packages/networkx/utils/backends.py:135: RuntimeWarning: networkx backend defined more than once: nx-loopback
  backends.update(_get_backends("networkx.backends"))
/home/kxu/miniforge3/envs/sgym-hab/lib/python3.9/site-packages/networkx/utils/backends.py:135: RuntimeWarning: networkx backend defined more than once: nx-loopback
  backends.update(_get_backends("networkx.backends"))
/home/kxu/miniforge3/envs/sgym-hab/lib/python3.9/site-packages/networkx/utils/backends.py:135: RuntimeWarning: networkx backend defined more than once: nx-loopback
  backends.update(_get_backends("networkx.backends"))
/home/kxu/miniforge3/envs/sgym-hab/lib/python3.9/site-packages/networkx/utils/backends.py:135: RuntimeWarning: networkx backend defined more than once: nx-loopback
  backends.update(_get_backends("networkx.backends"))
/home/kxu/miniforge3/envs/sgym-hab/lib/python3.9/site-packages/networkx/utils/backends.py:135: RuntimeWarning: networkx backend defined more than once: nx-loopback
  backends.update(_get_backends("networkx.backends"))
/home/kxu/miniforge3/envs/sgym-hab/lib/python3.9/site-packages/networkx/utils/backends.py:135: RuntimeWarning: networkx backend defined more than once: nx-loopback
  backends.update(_get_backends("networkx.backends"))
/home/kxu/miniforge3/envs/sgym-hab/lib/python3.9/site-packages/networkx/utils/backends.py:135: RuntimeWarning: networkx backend defined more than once: nx-loopback
  backends.update(_get_backends("networkx.backends"))
/home/kxu/miniforge3/envs/sgym-hab/lib/python3.9/site-packages/networkx/utils/backends.py:135: RuntimeWarning: networkx backend defined more than once: nx-loopback
  backends.update(_get_backends("networkx.backends"))
/home/kxu/miniforge3/envs/sgym-hab/lib/python3.9/site-packages/networkx/utils/backends.py:135: RuntimeWarning: networkx backend defined more than once: nx-loopback
  backends.update(_get_backends("networkx.backends"))
/home/kxu/miniforge3/envs/sgym-hab/lib/python3.9/site-packages/networkx/utils/backends.py:135: RuntimeWarning: networkx backend defined more than once: nx-loopback
  backends.update(_get_backends("networkx.backends"))
/home/kxu/miniforge3/envs/sgym-hab/lib/python3.9/site-packages/networkx/utils/backends.py:135: RuntimeWarning: networkx backend defined more than once: nx-loopback
  backends.update(_get_backends("networkx.backends"))
/home/kxu/miniforge3/envs/sgym-hab/lib/python3.9/site-packages/networkx/utils/backends.py:135: RuntimeWarning: networkx backend defined more than once: nx-loopback
  backends.update(_get_backends("networkx.backends"))
/home/kxu/miniforge3/envs/sgym-hab/lib/python3.9/site-packages/networkx/utils/backends.py:135: RuntimeWarning: networkx backend defined more than once: nx-loopback
  backends.update(_get_backends("networkx.backends"))
/home/kxu/miniforge3/envs/sgym-hab/lib/python3.9/site-packages/networkx/utils/backends.py:135: RuntimeWarning: networkx backend defined more than once: nx-loopback
  backends.update(_get_backends("networkx.backends"))
/home/kxu/miniforge3/envs/sgym-hab/lib/python3.9/site-packages/networkx/utils/backends.py:135: RuntimeWarning: networkx backend defined more than once: nx-loopback
  backends.update(_get_backends("networkx.backends"))
INFO:__mp_main__:Worker 0: Finished collecting 256 steps.
INFO:__mp_main__:Worker 1: Finished collecting 256 steps.
INFO:__mp_main__:Worker 10: Finished collecting 256 steps.
INFO:__mp_main__:Worker 12: Finished collecting 256 steps.
INFO:__mp_main__:Worker 4: Finished collecting 256 steps.
INFO:__mp_main__:Worker 3: Finished collecting 256 steps.
INFO:__mp_main__:Worker 15: Finished collecting 256 steps.
INFO:__mp_main__:Worker 8: Finished collecting 256 steps.
INFO:__mp_main__:Worker 6: Finished collecting 256 steps.
INFO:__mp_main__:Worker 14: Finished collecting 256 steps.
INFO:__mp_main__:Worker 2: Finished collecting 256 steps.
INFO:__mp_main__:Worker 5: Finished collecting 256 steps.
INFO:__mp_main__:Worker 9: Finished collecting 256 steps.
INFO:__mp_main__:Worker 11: Finished collecting 256 steps.
INFO:__mp_main__:Worker 7: Finished collecting 256 steps.
INFO:__mp_main__:Worker 13: Finished collecting 256 steps.
INFO:__main__:Update: 111/146, Timesteps: 454656/600000, FPS: 65, Episodes: 17760, Avg Reward (Last 100): 15.28, Avg Length (Last 100): 49.00
/home/kxu/miniforge3/envs/sgym-hab/lib/python3.9/site-packages/networkx/utils/backends.py:135: RuntimeWarning: networkx backend defined more than once: nx-loopback
  backends.update(_get_backends("networkx.backends"))
/home/kxu/miniforge3/envs/sgym-hab/lib/python3.9/site-packages/networkx/utils/backends.py:135: RuntimeWarning: networkx backend defined more than once: nx-loopback
  backends.update(_get_backends("networkx.backends"))
/home/kxu/miniforge3/envs/sgym-hab/lib/python3.9/site-packages/networkx/utils/backends.py:135: RuntimeWarning: networkx backend defined more than once: nx-loopback
  backends.update(_get_backends("networkx.backends"))
/home/kxu/miniforge3/envs/sgym-hab/lib/python3.9/site-packages/networkx/utils/backends.py:135: RuntimeWarning: networkx backend defined more than once: nx-loopback
  backends.update(_get_backends("networkx.backends"))
/home/kxu/miniforge3/envs/sgym-hab/lib/python3.9/site-packages/networkx/utils/backends.py:135: RuntimeWarning: networkx backend defined more than once: nx-loopback
  backends.update(_get_backends("networkx.backends"))
/home/kxu/miniforge3/envs/sgym-hab/lib/python3.9/site-packages/networkx/utils/backends.py:135: RuntimeWarning: networkx backend defined more than once: nx-loopback
  backends.update(_get_backends("networkx.backends"))
/home/kxu/miniforge3/envs/sgym-hab/lib/python3.9/site-packages/networkx/utils/backends.py:135: RuntimeWarning: networkx backend defined more than once: nx-loopback
  backends.update(_get_backends("networkx.backends"))
/home/kxu/miniforge3/envs/sgym-hab/lib/python3.9/site-packages/networkx/utils/backends.py:135: RuntimeWarning: networkx backend defined more than once: nx-loopback
  backends.update(_get_backends("networkx.backends"))
/home/kxu/miniforge3/envs/sgym-hab/lib/python3.9/site-packages/networkx/utils/backends.py:135: RuntimeWarning: networkx backend defined more than once: nx-loopback
  backends.update(_get_backends("networkx.backends"))
/home/kxu/miniforge3/envs/sgym-hab/lib/python3.9/site-packages/networkx/utils/backends.py:135: RuntimeWarning: networkx backend defined more than once: nx-loopback
  backends.update(_get_backends("networkx.backends"))
/home/kxu/miniforge3/envs/sgym-hab/lib/python3.9/site-packages/networkx/utils/backends.py:135: RuntimeWarning: networkx backend defined more than once: nx-loopback
  backends.update(_get_backends("networkx.backends"))
/home/kxu/miniforge3/envs/sgym-hab/lib/python3.9/site-packages/networkx/utils/backends.py:135: RuntimeWarning: networkx backend defined more than once: nx-loopback
  backends.update(_get_backends("networkx.backends"))
/home/kxu/miniforge3/envs/sgym-hab/lib/python3.9/site-packages/networkx/utils/backends.py:135: RuntimeWarning: networkx backend defined more than once: nx-loopback
  backends.update(_get_backends("networkx.backends"))
/home/kxu/miniforge3/envs/sgym-hab/lib/python3.9/site-packages/networkx/utils/backends.py:135: RuntimeWarning: networkx backend defined more than once: nx-loopback
  backends.update(_get_backends("networkx.backends"))
/home/kxu/miniforge3/envs/sgym-hab/lib/python3.9/site-packages/networkx/utils/backends.py:135: RuntimeWarning: networkx backend defined more than once: nx-loopback
  backends.update(_get_backends("networkx.backends"))
/home/kxu/miniforge3/envs/sgym-hab/lib/python3.9/site-packages/networkx/utils/backends.py:135: RuntimeWarning: networkx backend defined more than once: nx-loopback
  backends.update(_get_backends("networkx.backends"))
INFO:__mp_main__:Worker 5: Finished collecting 256 steps.
INFO:__mp_main__:Worker 4: Finished collecting 256 steps.
INFO:__mp_main__:Worker 7: Finished collecting 256 steps.
INFO:__mp_main__:Worker 12: Finished collecting 256 steps.
INFO:__mp_main__:Worker 6: Finished collecting 256 steps.
INFO:__mp_main__:Worker 1: Finished collecting 256 steps.
INFO:__mp_main__:Worker 13: Finished collecting 256 steps.
INFO:__mp_main__:Worker 11: Finished collecting 256 steps.
INFO:__mp_main__:Worker 9: Finished collecting 256 steps.
INFO:__mp_main__:Worker 3: Finished collecting 256 steps.
INFO:__mp_main__:Worker 0: Finished collecting 256 steps.
INFO:__mp_main__:Worker 2: Finished collecting 256 steps.
INFO:__mp_main__:Worker 8: Finished collecting 256 steps.
INFO:__mp_main__:Worker 10: Finished collecting 256 steps.
INFO:__mp_main__:Worker 14: Finished collecting 256 steps.
INFO:__mp_main__:Worker 15: Finished collecting 256 steps.
INFO:__main__:Update: 112/146, Timesteps: 458752/600000, FPS: 65, Episodes: 17920, Avg Reward (Last 100): 14.84, Avg Length (Last 100): 48.76
/home/kxu/miniforge3/envs/sgym-hab/lib/python3.9/site-packages/networkx/utils/backends.py:135: RuntimeWarning: networkx backend defined more than once: nx-loopback
  backends.update(_get_backends("networkx.backends"))
/home/kxu/miniforge3/envs/sgym-hab/lib/python3.9/site-packages/networkx/utils/backends.py:135: RuntimeWarning: networkx backend defined more than once: nx-loopback
  backends.update(_get_backends("networkx.backends"))
/home/kxu/miniforge3/envs/sgym-hab/lib/python3.9/site-packages/networkx/utils/backends.py:135: RuntimeWarning: networkx backend defined more than once: nx-loopback
  backends.update(_get_backends("networkx.backends"))
/home/kxu/miniforge3/envs/sgym-hab/lib/python3.9/site-packages/networkx/utils/backends.py:135: RuntimeWarning: networkx backend defined more than once: nx-loopback
  backends.update(_get_backends("networkx.backends"))
/home/kxu/miniforge3/envs/sgym-hab/lib/python3.9/site-packages/networkx/utils/backends.py:135: RuntimeWarning: networkx backend defined more than once: nx-loopback
  backends.update(_get_backends("networkx.backends"))
/home/kxu/miniforge3/envs/sgym-hab/lib/python3.9/site-packages/networkx/utils/backends.py:135: RuntimeWarning: networkx backend defined more than once: nx-loopback
  backends.update(_get_backends("networkx.backends"))
/home/kxu/miniforge3/envs/sgym-hab/lib/python3.9/site-packages/networkx/utils/backends.py:135: RuntimeWarning: networkx backend defined more than once: nx-loopback
  backends.update(_get_backends("networkx.backends"))
/home/kxu/miniforge3/envs/sgym-hab/lib/python3.9/site-packages/networkx/utils/backends.py:135: RuntimeWarning: networkx backend defined more than once: nx-loopback
  backends.update(_get_backends("networkx.backends"))
/home/kxu/miniforge3/envs/sgym-hab/lib/python3.9/site-packages/networkx/utils/backends.py:135: RuntimeWarning: networkx backend defined more than once: nx-loopback
  backends.update(_get_backends("networkx.backends"))
/home/kxu/miniforge3/envs/sgym-hab/lib/python3.9/site-packages/networkx/utils/backends.py:135: RuntimeWarning: networkx backend defined more than once: nx-loopback
  backends.update(_get_backends("networkx.backends"))
/home/kxu/miniforge3/envs/sgym-hab/lib/python3.9/site-packages/networkx/utils/backends.py:135: RuntimeWarning: networkx backend defined more than once: nx-loopback
  backends.update(_get_backends("networkx.backends"))
/home/kxu/miniforge3/envs/sgym-hab/lib/python3.9/site-packages/networkx/utils/backends.py:135: RuntimeWarning: networkx backend defined more than once: nx-loopback
  backends.update(_get_backends("networkx.backends"))
/home/kxu/miniforge3/envs/sgym-hab/lib/python3.9/site-packages/networkx/utils/backends.py:135: RuntimeWarning: networkx backend defined more than once: nx-loopback
  backends.update(_get_backends("networkx.backends"))
/home/kxu/miniforge3/envs/sgym-hab/lib/python3.9/site-packages/networkx/utils/backends.py:135: RuntimeWarning: networkx backend defined more than once: nx-loopback
  backends.update(_get_backends("networkx.backends"))
/home/kxu/miniforge3/envs/sgym-hab/lib/python3.9/site-packages/networkx/utils/backends.py:135: RuntimeWarning: networkx backend defined more than once: nx-loopback
  backends.update(_get_backends("networkx.backends"))
/home/kxu/miniforge3/envs/sgym-hab/lib/python3.9/site-packages/networkx/utils/backends.py:135: RuntimeWarning: networkx backend defined more than once: nx-loopback
  backends.update(_get_backends("networkx.backends"))
INFO:__mp_main__:Worker 0: Finished collecting 256 steps.
INFO:__mp_main__:Worker 13: Finished collecting 256 steps.
INFO:__mp_main__:Worker 11: Finished collecting 256 steps.
INFO:__mp_main__:Worker 14: Finished collecting 256 steps.
INFO:__mp_main__:Worker 9: Finished collecting 256 steps.
INFO:__mp_main__:Worker 6: Finished collecting 256 steps.
INFO:__mp_main__:Worker 15: Finished collecting 256 steps.
INFO:__mp_main__:Worker 2: Finished collecting 256 steps.
INFO:__mp_main__:Worker 1: Finished collecting 256 steps.
INFO:__mp_main__:Worker 4: Finished collecting 256 steps.
INFO:__mp_main__:Worker 8: Finished collecting 256 steps.
INFO:__mp_main__:Worker 3: Finished collecting 256 steps.
INFO:__mp_main__:Worker 10: Finished collecting 256 steps.
INFO:__mp_main__:Worker 12: Finished collecting 256 steps.
INFO:__mp_main__:Worker 7: Finished collecting 256 steps.
INFO:__mp_main__:Worker 5: Finished collecting 256 steps.
INFO:__main__:Update: 113/146, Timesteps: 462848/600000, FPS: 64, Episodes: 18080, Avg Reward (Last 100): 14.93, Avg Length (Last 100): 49.00
/home/kxu/miniforge3/envs/sgym-hab/lib/python3.9/site-packages/networkx/utils/backends.py:135: RuntimeWarning: networkx backend defined more than once: nx-loopback
  backends.update(_get_backends("networkx.backends"))
/home/kxu/miniforge3/envs/sgym-hab/lib/python3.9/site-packages/networkx/utils/backends.py:135: RuntimeWarning: networkx backend defined more than once: nx-loopback
  backends.update(_get_backends("networkx.backends"))
/home/kxu/miniforge3/envs/sgym-hab/lib/python3.9/site-packages/networkx/utils/backends.py:135: RuntimeWarning: networkx backend defined more than once: nx-loopback
  backends.update(_get_backends("networkx.backends"))
/home/kxu/miniforge3/envs/sgym-hab/lib/python3.9/site-packages/networkx/utils/backends.py:135: RuntimeWarning: networkx backend defined more than once: nx-loopback
  backends.update(_get_backends("networkx.backends"))
/home/kxu/miniforge3/envs/sgym-hab/lib/python3.9/site-packages/networkx/utils/backends.py:135: RuntimeWarning: networkx backend defined more than once: nx-loopback
  backends.update(_get_backends("networkx.backends"))
/home/kxu/miniforge3/envs/sgym-hab/lib/python3.9/site-packages/networkx/utils/backends.py:135: RuntimeWarning: networkx backend defined more than once: nx-loopback
  backends.update(_get_backends("networkx.backends"))
/home/kxu/miniforge3/envs/sgym-hab/lib/python3.9/site-packages/networkx/utils/backends.py:135: RuntimeWarning: networkx backend defined more than once: nx-loopback
  backends.update(_get_backends("networkx.backends"))
/home/kxu/miniforge3/envs/sgym-hab/lib/python3.9/site-packages/networkx/utils/backends.py:135: RuntimeWarning: networkx backend defined more than once: nx-loopback
  backends.update(_get_backends("networkx.backends"))
/home/kxu/miniforge3/envs/sgym-hab/lib/python3.9/site-packages/networkx/utils/backends.py:135: RuntimeWarning: networkx backend defined more than once: nx-loopback
  backends.update(_get_backends("networkx.backends"))
/home/kxu/miniforge3/envs/sgym-hab/lib/python3.9/site-packages/networkx/utils/backends.py:135: RuntimeWarning: networkx backend defined more than once: nx-loopback
  backends.update(_get_backends("networkx.backends"))
/home/kxu/miniforge3/envs/sgym-hab/lib/python3.9/site-packages/networkx/utils/backends.py:135: RuntimeWarning: networkx backend defined more than once: nx-loopback
  backends.update(_get_backends("networkx.backends"))
/home/kxu/miniforge3/envs/sgym-hab/lib/python3.9/site-packages/networkx/utils/backends.py:135: RuntimeWarning: networkx backend defined more than once: nx-loopback
  backends.update(_get_backends("networkx.backends"))
/home/kxu/miniforge3/envs/sgym-hab/lib/python3.9/site-packages/networkx/utils/backends.py:135: RuntimeWarning: networkx backend defined more than once: nx-loopback
  backends.update(_get_backends("networkx.backends"))
/home/kxu/miniforge3/envs/sgym-hab/lib/python3.9/site-packages/networkx/utils/backends.py:135: RuntimeWarning: networkx backend defined more than once: nx-loopback
  backends.update(_get_backends("networkx.backends"))
/home/kxu/miniforge3/envs/sgym-hab/lib/python3.9/site-packages/networkx/utils/backends.py:135: RuntimeWarning: networkx backend defined more than once: nx-loopback
  backends.update(_get_backends("networkx.backends"))
/home/kxu/miniforge3/envs/sgym-hab/lib/python3.9/site-packages/networkx/utils/backends.py:135: RuntimeWarning: networkx backend defined more than once: nx-loopback
  backends.update(_get_backends("networkx.backends"))
INFO:__mp_main__:Worker 8: Finished collecting 256 steps.
INFO:__mp_main__:Worker 14: Finished collecting 256 steps.
INFO:__mp_main__:Worker 7: Finished collecting 256 steps.
INFO:__mp_main__:Worker 10: Finished collecting 256 steps.
INFO:__mp_main__:Worker 5: Finished collecting 256 steps.
INFO:__mp_main__:Worker 1: Finished collecting 256 steps.
INFO:__mp_main__:Worker 12: Finished collecting 256 steps.
INFO:__mp_main__:Worker 0: Finished collecting 256 steps.
INFO:__mp_main__:Worker 4: Finished collecting 256 steps.
INFO:__mp_main__:Worker 3: Finished collecting 256 steps.
INFO:__mp_main__:Worker 2: Finished collecting 256 steps.
INFO:__mp_main__:Worker 11: Finished collecting 256 steps.
INFO:__mp_main__:Worker 9: Finished collecting 256 steps.
INFO:__mp_main__:Worker 6: Finished collecting 256 steps.
INFO:__mp_main__:Worker 13: Finished collecting 256 steps.
INFO:__mp_main__:Worker 15: Finished collecting 256 steps.
INFO:__main__:Update: 114/146, Timesteps: 466944/600000, FPS: 65, Episodes: 18240, Avg Reward (Last 100): 14.88, Avg Length (Last 100): 49.00
/home/kxu/miniforge3/envs/sgym-hab/lib/python3.9/site-packages/networkx/utils/backends.py:135: RuntimeWarning: networkx backend defined more than once: nx-loopback
  backends.update(_get_backends("networkx.backends"))
/home/kxu/miniforge3/envs/sgym-hab/lib/python3.9/site-packages/networkx/utils/backends.py:135: RuntimeWarning: networkx backend defined more than once: nx-loopback
  backends.update(_get_backends("networkx.backends"))
/home/kxu/miniforge3/envs/sgym-hab/lib/python3.9/site-packages/networkx/utils/backends.py:135: RuntimeWarning: networkx backend defined more than once: nx-loopback
  backends.update(_get_backends("networkx.backends"))
/home/kxu/miniforge3/envs/sgym-hab/lib/python3.9/site-packages/networkx/utils/backends.py:135: RuntimeWarning: networkx backend defined more than once: nx-loopback
  backends.update(_get_backends("networkx.backends"))
/home/kxu/miniforge3/envs/sgym-hab/lib/python3.9/site-packages/networkx/utils/backends.py:135: RuntimeWarning: networkx backend defined more than once: nx-loopback
  backends.update(_get_backends("networkx.backends"))
/home/kxu/miniforge3/envs/sgym-hab/lib/python3.9/site-packages/networkx/utils/backends.py:135: RuntimeWarning: networkx backend defined more than once: nx-loopback
  backends.update(_get_backends("networkx.backends"))
/home/kxu/miniforge3/envs/sgym-hab/lib/python3.9/site-packages/networkx/utils/backends.py:135: RuntimeWarning: networkx backend defined more than once: nx-loopback
  backends.update(_get_backends("networkx.backends"))
/home/kxu/miniforge3/envs/sgym-hab/lib/python3.9/site-packages/networkx/utils/backends.py:135: RuntimeWarning: networkx backend defined more than once: nx-loopback
  backends.update(_get_backends("networkx.backends"))
/home/kxu/miniforge3/envs/sgym-hab/lib/python3.9/site-packages/networkx/utils/backends.py:135: RuntimeWarning: networkx backend defined more than once: nx-loopback
  backends.update(_get_backends("networkx.backends"))
/home/kxu/miniforge3/envs/sgym-hab/lib/python3.9/site-packages/networkx/utils/backends.py:135: RuntimeWarning: networkx backend defined more than once: nx-loopback
  backends.update(_get_backends("networkx.backends"))
/home/kxu/miniforge3/envs/sgym-hab/lib/python3.9/site-packages/networkx/utils/backends.py:135: RuntimeWarning: networkx backend defined more than once: nx-loopback
  backends.update(_get_backends("networkx.backends"))
/home/kxu/miniforge3/envs/sgym-hab/lib/python3.9/site-packages/networkx/utils/backends.py:135: RuntimeWarning: networkx backend defined more than once: nx-loopback
  backends.update(_get_backends("networkx.backends"))
/home/kxu/miniforge3/envs/sgym-hab/lib/python3.9/site-packages/networkx/utils/backends.py:135: RuntimeWarning: networkx backend defined more than once: nx-loopback
  backends.update(_get_backends("networkx.backends"))
/home/kxu/miniforge3/envs/sgym-hab/lib/python3.9/site-packages/networkx/utils/backends.py:135: RuntimeWarning: networkx backend defined more than once: nx-loopback
  backends.update(_get_backends("networkx.backends"))
/home/kxu/miniforge3/envs/sgym-hab/lib/python3.9/site-packages/networkx/utils/backends.py:135: RuntimeWarning: networkx backend defined more than once: nx-loopback
  backends.update(_get_backends("networkx.backends"))
/home/kxu/miniforge3/envs/sgym-hab/lib/python3.9/site-packages/networkx/utils/backends.py:135: RuntimeWarning: networkx backend defined more than once: nx-loopback
  backends.update(_get_backends("networkx.backends"))
INFO:__mp_main__:Worker 2: Finished collecting 256 steps.
INFO:__mp_main__:Worker 1: Finished collecting 256 steps.
INFO:__mp_main__:Worker 12: Finished collecting 256 steps.
INFO:__mp_main__:Worker 6: Finished collecting 256 steps.
INFO:__mp_main__:Worker 0: Finished collecting 256 steps.
INFO:__mp_main__:Worker 8: Finished collecting 256 steps.
INFO:__mp_main__:Worker 14: Finished collecting 256 steps.
INFO:__mp_main__:Worker 13: Finished collecting 256 steps.
INFO:__mp_main__:Worker 5: Finished collecting 256 steps.
INFO:__mp_main__:Worker 15: Finished collecting 256 steps.
INFO:__mp_main__:Worker 9: Finished collecting 256 steps.
INFO:__mp_main__:Worker 10: Finished collecting 256 steps.
INFO:__mp_main__:Worker 4: Finished collecting 256 steps.
INFO:__mp_main__:Worker 7: Finished collecting 256 steps.
INFO:__mp_main__:Worker 3: Finished collecting 256 steps.
INFO:__mp_main__:Worker 11: Finished collecting 256 steps.
INFO:__main__:Update: 115/146, Timesteps: 471040/600000, FPS: 65, Episodes: 18400, Avg Reward (Last 100): 13.20, Avg Length (Last 100): 48.56
/home/kxu/miniforge3/envs/sgym-hab/lib/python3.9/site-packages/networkx/utils/backends.py:135: RuntimeWarning: networkx backend defined more than once: nx-loopback
  backends.update(_get_backends("networkx.backends"))
/home/kxu/miniforge3/envs/sgym-hab/lib/python3.9/site-packages/networkx/utils/backends.py:135: RuntimeWarning: networkx backend defined more than once: nx-loopback
  backends.update(_get_backends("networkx.backends"))
/home/kxu/miniforge3/envs/sgym-hab/lib/python3.9/site-packages/networkx/utils/backends.py:135: RuntimeWarning: networkx backend defined more than once: nx-loopback
  backends.update(_get_backends("networkx.backends"))
/home/kxu/miniforge3/envs/sgym-hab/lib/python3.9/site-packages/networkx/utils/backends.py:135: RuntimeWarning: networkx backend defined more than once: nx-loopback
  backends.update(_get_backends("networkx.backends"))
/home/kxu/miniforge3/envs/sgym-hab/lib/python3.9/site-packages/networkx/utils/backends.py:135: RuntimeWarning: networkx backend defined more than once: nx-loopback
  backends.update(_get_backends("networkx.backends"))
/home/kxu/miniforge3/envs/sgym-hab/lib/python3.9/site-packages/networkx/utils/backends.py:135: RuntimeWarning: networkx backend defined more than once: nx-loopback
  backends.update(_get_backends("networkx.backends"))
/home/kxu/miniforge3/envs/sgym-hab/lib/python3.9/site-packages/networkx/utils/backends.py:135: RuntimeWarning: networkx backend defined more than once: nx-loopback
  backends.update(_get_backends("networkx.backends"))
/home/kxu/miniforge3/envs/sgym-hab/lib/python3.9/site-packages/networkx/utils/backends.py:135: RuntimeWarning: networkx backend defined more than once: nx-loopback
  backends.update(_get_backends("networkx.backends"))
/home/kxu/miniforge3/envs/sgym-hab/lib/python3.9/site-packages/networkx/utils/backends.py:135: RuntimeWarning: networkx backend defined more than once: nx-loopback
  backends.update(_get_backends("networkx.backends"))
/home/kxu/miniforge3/envs/sgym-hab/lib/python3.9/site-packages/networkx/utils/backends.py:135: RuntimeWarning: networkx backend defined more than once: nx-loopback
  backends.update(_get_backends("networkx.backends"))
/home/kxu/miniforge3/envs/sgym-hab/lib/python3.9/site-packages/networkx/utils/backends.py:135: RuntimeWarning: networkx backend defined more than once: nx-loopback
  backends.update(_get_backends("networkx.backends"))
/home/kxu/miniforge3/envs/sgym-hab/lib/python3.9/site-packages/networkx/utils/backends.py:135: RuntimeWarning: networkx backend defined more than once: nx-loopback
  backends.update(_get_backends("networkx.backends"))
/home/kxu/miniforge3/envs/sgym-hab/lib/python3.9/site-packages/networkx/utils/backends.py:135: RuntimeWarning: networkx backend defined more than once: nx-loopback
  backends.update(_get_backends("networkx.backends"))
/home/kxu/miniforge3/envs/sgym-hab/lib/python3.9/site-packages/networkx/utils/backends.py:135: RuntimeWarning: networkx backend defined more than once: nx-loopback
  backends.update(_get_backends("networkx.backends"))
/home/kxu/miniforge3/envs/sgym-hab/lib/python3.9/site-packages/networkx/utils/backends.py:135: RuntimeWarning: networkx backend defined more than once: nx-loopback
  backends.update(_get_backends("networkx.backends"))
/home/kxu/miniforge3/envs/sgym-hab/lib/python3.9/site-packages/networkx/utils/backends.py:135: RuntimeWarning: networkx backend defined more than once: nx-loopback
  backends.update(_get_backends("networkx.backends"))
INFO:__mp_main__:Worker 5: Finished collecting 256 steps.
INFO:__mp_main__:Worker 2: Finished collecting 256 steps.
INFO:__mp_main__:Worker 9: Finished collecting 256 steps.
INFO:__mp_main__:Worker 13: Finished collecting 256 steps.
INFO:__mp_main__:Worker 1: Finished collecting 256 steps.
INFO:__mp_main__:Worker 7: Finished collecting 256 steps.
INFO:__mp_main__:Worker 12: Finished collecting 256 steps.
INFO:__mp_main__:Worker 15: Finished collecting 256 steps.
INFO:__mp_main__:Worker 0: Finished collecting 256 steps.
INFO:__mp_main__:Worker 6: Finished collecting 256 steps.
INFO:__mp_main__:Worker 4: Finished collecting 256 steps.
INFO:__mp_main__:Worker 3: Finished collecting 256 steps.
INFO:__mp_main__:Worker 11: Finished collecting 256 steps.
INFO:__mp_main__:Worker 8: Finished collecting 256 steps.
INFO:__mp_main__:Worker 14: Finished collecting 256 steps.
INFO:__mp_main__:Worker 10: Finished collecting 256 steps.
INFO:__main__:Update: 116/146, Timesteps: 475136/600000, FPS: 65, Episodes: 18560, Avg Reward (Last 100): 14.85, Avg Length (Last 100): 48.80
/home/kxu/miniforge3/envs/sgym-hab/lib/python3.9/site-packages/networkx/utils/backends.py:135: RuntimeWarning: networkx backend defined more than once: nx-loopback
  backends.update(_get_backends("networkx.backends"))
/home/kxu/miniforge3/envs/sgym-hab/lib/python3.9/site-packages/networkx/utils/backends.py:135: RuntimeWarning: networkx backend defined more than once: nx-loopback
  backends.update(_get_backends("networkx.backends"))
/home/kxu/miniforge3/envs/sgym-hab/lib/python3.9/site-packages/networkx/utils/backends.py:135: RuntimeWarning: networkx backend defined more than once: nx-loopback
  backends.update(_get_backends("networkx.backends"))
/home/kxu/miniforge3/envs/sgym-hab/lib/python3.9/site-packages/networkx/utils/backends.py:135: RuntimeWarning: networkx backend defined more than once: nx-loopback
  backends.update(_get_backends("networkx.backends"))
/home/kxu/miniforge3/envs/sgym-hab/lib/python3.9/site-packages/networkx/utils/backends.py:135: RuntimeWarning: networkx backend defined more than once: nx-loopback
  backends.update(_get_backends("networkx.backends"))
/home/kxu/miniforge3/envs/sgym-hab/lib/python3.9/site-packages/networkx/utils/backends.py:135: RuntimeWarning: networkx backend defined more than once: nx-loopback
  backends.update(_get_backends("networkx.backends"))
/home/kxu/miniforge3/envs/sgym-hab/lib/python3.9/site-packages/networkx/utils/backends.py:135: RuntimeWarning: networkx backend defined more than once: nx-loopback
  backends.update(_get_backends("networkx.backends"))
/home/kxu/miniforge3/envs/sgym-hab/lib/python3.9/site-packages/networkx/utils/backends.py:135: RuntimeWarning: networkx backend defined more than once: nx-loopback
  backends.update(_get_backends("networkx.backends"))
/home/kxu/miniforge3/envs/sgym-hab/lib/python3.9/site-packages/networkx/utils/backends.py:135: RuntimeWarning: networkx backend defined more than once: nx-loopback
  backends.update(_get_backends("networkx.backends"))
/home/kxu/miniforge3/envs/sgym-hab/lib/python3.9/site-packages/networkx/utils/backends.py:135: RuntimeWarning: networkx backend defined more than once: nx-loopback
  backends.update(_get_backends("networkx.backends"))
/home/kxu/miniforge3/envs/sgym-hab/lib/python3.9/site-packages/networkx/utils/backends.py:135: RuntimeWarning: networkx backend defined more than once: nx-loopback
  backends.update(_get_backends("networkx.backends"))
/home/kxu/miniforge3/envs/sgym-hab/lib/python3.9/site-packages/networkx/utils/backends.py:135: RuntimeWarning: networkx backend defined more than once: nx-loopback
  backends.update(_get_backends("networkx.backends"))
/home/kxu/miniforge3/envs/sgym-hab/lib/python3.9/site-packages/networkx/utils/backends.py:135: RuntimeWarning: networkx backend defined more than once: nx-loopback
  backends.update(_get_backends("networkx.backends"))
/home/kxu/miniforge3/envs/sgym-hab/lib/python3.9/site-packages/networkx/utils/backends.py:135: RuntimeWarning: networkx backend defined more than once: nx-loopback
  backends.update(_get_backends("networkx.backends"))
/home/kxu/miniforge3/envs/sgym-hab/lib/python3.9/site-packages/networkx/utils/backends.py:135: RuntimeWarning: networkx backend defined more than once: nx-loopback
  backends.update(_get_backends("networkx.backends"))
/home/kxu/miniforge3/envs/sgym-hab/lib/python3.9/site-packages/networkx/utils/backends.py:135: RuntimeWarning: networkx backend defined more than once: nx-loopback
  backends.update(_get_backends("networkx.backends"))
INFO:__mp_main__:Worker 3: Finished collecting 256 steps.
INFO:__mp_main__:Worker 4: Finished collecting 256 steps.
INFO:__mp_main__:Worker 11: Finished collecting 256 steps.
INFO:__mp_main__:Worker 1: Finished collecting 256 steps.
INFO:__mp_main__:Worker 5: Finished collecting 256 steps.
INFO:__mp_main__:Worker 10: Finished collecting 256 steps.
INFO:__mp_main__:Worker 9: Finished collecting 256 steps.
INFO:__mp_main__:Worker 8: Finished collecting 256 steps.
INFO:__mp_main__:Worker 2: Finished collecting 256 steps.
INFO:__mp_main__:Worker 6: Finished collecting 256 steps.
INFO:__mp_main__:Worker 15: Finished collecting 256 steps.
INFO:__mp_main__:Worker 7: Finished collecting 256 steps.
INFO:__mp_main__:Worker 0: Finished collecting 256 steps.
INFO:__mp_main__:Worker 12: Finished collecting 256 steps.
INFO:__mp_main__:Worker 13: Finished collecting 256 steps.
INFO:__mp_main__:Worker 14: Finished collecting 256 steps.
INFO:__main__:Update: 117/146, Timesteps: 479232/600000, FPS: 65, Episodes: 18720, Avg Reward (Last 100): 13.76, Avg Length (Last 100): 48.58
/home/kxu/miniforge3/envs/sgym-hab/lib/python3.9/site-packages/networkx/utils/backends.py:135: RuntimeWarning: networkx backend defined more than once: nx-loopback
  backends.update(_get_backends("networkx.backends"))
/home/kxu/miniforge3/envs/sgym-hab/lib/python3.9/site-packages/networkx/utils/backends.py:135: RuntimeWarning: networkx backend defined more than once: nx-loopback
  backends.update(_get_backends("networkx.backends"))
/home/kxu/miniforge3/envs/sgym-hab/lib/python3.9/site-packages/networkx/utils/backends.py:135: RuntimeWarning: networkx backend defined more than once: nx-loopback
  backends.update(_get_backends("networkx.backends"))
/home/kxu/miniforge3/envs/sgym-hab/lib/python3.9/site-packages/networkx/utils/backends.py:135: RuntimeWarning: networkx backend defined more than once: nx-loopback
  backends.update(_get_backends("networkx.backends"))
/home/kxu/miniforge3/envs/sgym-hab/lib/python3.9/site-packages/networkx/utils/backends.py:135: RuntimeWarning: networkx backend defined more than once: nx-loopback
  backends.update(_get_backends("networkx.backends"))
/home/kxu/miniforge3/envs/sgym-hab/lib/python3.9/site-packages/networkx/utils/backends.py:135: RuntimeWarning: networkx backend defined more than once: nx-loopback
  backends.update(_get_backends("networkx.backends"))
/home/kxu/miniforge3/envs/sgym-hab/lib/python3.9/site-packages/networkx/utils/backends.py:135: RuntimeWarning: networkx backend defined more than once: nx-loopback
  backends.update(_get_backends("networkx.backends"))
/home/kxu/miniforge3/envs/sgym-hab/lib/python3.9/site-packages/networkx/utils/backends.py:135: RuntimeWarning: networkx backend defined more than once: nx-loopback
  backends.update(_get_backends("networkx.backends"))
/home/kxu/miniforge3/envs/sgym-hab/lib/python3.9/site-packages/networkx/utils/backends.py:135: RuntimeWarning: networkx backend defined more than once: nx-loopback
  backends.update(_get_backends("networkx.backends"))
/home/kxu/miniforge3/envs/sgym-hab/lib/python3.9/site-packages/networkx/utils/backends.py:135: RuntimeWarning: networkx backend defined more than once: nx-loopback
  backends.update(_get_backends("networkx.backends"))
/home/kxu/miniforge3/envs/sgym-hab/lib/python3.9/site-packages/networkx/utils/backends.py:135: RuntimeWarning: networkx backend defined more than once: nx-loopback
  backends.update(_get_backends("networkx.backends"))
/home/kxu/miniforge3/envs/sgym-hab/lib/python3.9/site-packages/networkx/utils/backends.py:135: RuntimeWarning: networkx backend defined more than once: nx-loopback
  backends.update(_get_backends("networkx.backends"))
/home/kxu/miniforge3/envs/sgym-hab/lib/python3.9/site-packages/networkx/utils/backends.py:135: RuntimeWarning: networkx backend defined more than once: nx-loopback
  backends.update(_get_backends("networkx.backends"))
/home/kxu/miniforge3/envs/sgym-hab/lib/python3.9/site-packages/networkx/utils/backends.py:135: RuntimeWarning: networkx backend defined more than once: nx-loopback
  backends.update(_get_backends("networkx.backends"))
/home/kxu/miniforge3/envs/sgym-hab/lib/python3.9/site-packages/networkx/utils/backends.py:135: RuntimeWarning: networkx backend defined more than once: nx-loopback
  backends.update(_get_backends("networkx.backends"))
/home/kxu/miniforge3/envs/sgym-hab/lib/python3.9/site-packages/networkx/utils/backends.py:135: RuntimeWarning: networkx backend defined more than once: nx-loopback
  backends.update(_get_backends("networkx.backends"))
INFO:__mp_main__:Worker 3: Finished collecting 256 steps.
INFO:__mp_main__:Worker 12: Finished collecting 256 steps.
INFO:__mp_main__:Worker 8: Finished collecting 256 steps.
INFO:__mp_main__:Worker 5: Finished collecting 256 steps.
INFO:__mp_main__:Worker 13: Finished collecting 256 steps.
INFO:__mp_main__:Worker 6: Finished collecting 256 steps.
INFO:__mp_main__:Worker 10: Finished collecting 256 steps.
INFO:__mp_main__:Worker 11: Finished collecting 256 steps.
INFO:__mp_main__:Worker 7: Finished collecting 256 steps.
INFO:__mp_main__:Worker 0: Finished collecting 256 steps.
INFO:__mp_main__:Worker 15: Finished collecting 256 steps.
INFO:__mp_main__:Worker 1: Finished collecting 256 steps.
INFO:__mp_main__:Worker 4: Finished collecting 256 steps.
INFO:__mp_main__:Worker 2: Finished collecting 256 steps.
INFO:__mp_main__:Worker 14: Finished collecting 256 steps.
INFO:__mp_main__:Worker 9: Finished collecting 256 steps.
INFO:__main__:Update: 118/146, Timesteps: 483328/600000, FPS: 65, Episodes: 18880, Avg Reward (Last 100): 13.89, Avg Length (Last 100): 49.00
/home/kxu/miniforge3/envs/sgym-hab/lib/python3.9/site-packages/networkx/utils/backends.py:135: RuntimeWarning: networkx backend defined more than once: nx-loopback
  backends.update(_get_backends("networkx.backends"))
/home/kxu/miniforge3/envs/sgym-hab/lib/python3.9/site-packages/networkx/utils/backends.py:135: RuntimeWarning: networkx backend defined more than once: nx-loopback
  backends.update(_get_backends("networkx.backends"))
/home/kxu/miniforge3/envs/sgym-hab/lib/python3.9/site-packages/networkx/utils/backends.py:135: RuntimeWarning: networkx backend defined more than once: nx-loopback
  backends.update(_get_backends("networkx.backends"))
/home/kxu/miniforge3/envs/sgym-hab/lib/python3.9/site-packages/networkx/utils/backends.py:135: RuntimeWarning: networkx backend defined more than once: nx-loopback
  backends.update(_get_backends("networkx.backends"))
/home/kxu/miniforge3/envs/sgym-hab/lib/python3.9/site-packages/networkx/utils/backends.py:135: RuntimeWarning: networkx backend defined more than once: nx-loopback
  backends.update(_get_backends("networkx.backends"))
/home/kxu/miniforge3/envs/sgym-hab/lib/python3.9/site-packages/networkx/utils/backends.py:135: RuntimeWarning: networkx backend defined more than once: nx-loopback
  backends.update(_get_backends("networkx.backends"))
/home/kxu/miniforge3/envs/sgym-hab/lib/python3.9/site-packages/networkx/utils/backends.py:135: RuntimeWarning: networkx backend defined more than once: nx-loopback
  backends.update(_get_backends("networkx.backends"))
/home/kxu/miniforge3/envs/sgym-hab/lib/python3.9/site-packages/networkx/utils/backends.py:135: RuntimeWarning: networkx backend defined more than once: nx-loopback
  backends.update(_get_backends("networkx.backends"))
/home/kxu/miniforge3/envs/sgym-hab/lib/python3.9/site-packages/networkx/utils/backends.py:135: RuntimeWarning: networkx backend defined more than once: nx-loopback
  backends.update(_get_backends("networkx.backends"))
/home/kxu/miniforge3/envs/sgym-hab/lib/python3.9/site-packages/networkx/utils/backends.py:135: RuntimeWarning: networkx backend defined more than once: nx-loopback
  backends.update(_get_backends("networkx.backends"))
/home/kxu/miniforge3/envs/sgym-hab/lib/python3.9/site-packages/networkx/utils/backends.py:135: RuntimeWarning: networkx backend defined more than once: nx-loopback
  backends.update(_get_backends("networkx.backends"))
/home/kxu/miniforge3/envs/sgym-hab/lib/python3.9/site-packages/networkx/utils/backends.py:135: RuntimeWarning: networkx backend defined more than once: nx-loopback
  backends.update(_get_backends("networkx.backends"))
/home/kxu/miniforge3/envs/sgym-hab/lib/python3.9/site-packages/networkx/utils/backends.py:135: RuntimeWarning: networkx backend defined more than once: nx-loopback
  backends.update(_get_backends("networkx.backends"))
/home/kxu/miniforge3/envs/sgym-hab/lib/python3.9/site-packages/networkx/utils/backends.py:135: RuntimeWarning: networkx backend defined more than once: nx-loopback
  backends.update(_get_backends("networkx.backends"))
/home/kxu/miniforge3/envs/sgym-hab/lib/python3.9/site-packages/networkx/utils/backends.py:135: RuntimeWarning: networkx backend defined more than once: nx-loopback
  backends.update(_get_backends("networkx.backends"))
/home/kxu/miniforge3/envs/sgym-hab/lib/python3.9/site-packages/networkx/utils/backends.py:135: RuntimeWarning: networkx backend defined more than once: nx-loopback
  backends.update(_get_backends("networkx.backends"))
INFO:__mp_main__:Worker 3: Finished collecting 256 steps.
INFO:__mp_main__:Worker 9: Finished collecting 256 steps.
INFO:__mp_main__:Worker 10: Finished collecting 256 steps.
INFO:__mp_main__:Worker 12: Finished collecting 256 steps.
INFO:__mp_main__:Worker 6: Finished collecting 256 steps.
INFO:__mp_main__:Worker 4: Finished collecting 256 steps.
INFO:__mp_main__:Worker 14: Finished collecting 256 steps.
INFO:__mp_main__:Worker 8: Finished collecting 256 steps.
INFO:__mp_main__:Worker 2: Finished collecting 256 steps.
INFO:__mp_main__:Worker 7: Finished collecting 256 steps.
INFO:__mp_main__:Worker 0: Finished collecting 256 steps.
INFO:__mp_main__:Worker 1: Finished collecting 256 steps.
INFO:__mp_main__:Worker 5: Finished collecting 256 steps.
INFO:__mp_main__:Worker 15: Finished collecting 256 steps.
INFO:__mp_main__:Worker 13: Finished collecting 256 steps.
INFO:__mp_main__:Worker 11: Finished collecting 256 steps.
INFO:__main__:Update: 119/146, Timesteps: 487424/600000, FPS: 64, Episodes: 19040, Avg Reward (Last 100): 14.85, Avg Length (Last 100): 48.92
/home/kxu/miniforge3/envs/sgym-hab/lib/python3.9/site-packages/networkx/utils/backends.py:135: RuntimeWarning: networkx backend defined more than once: nx-loopback
  backends.update(_get_backends("networkx.backends"))
/home/kxu/miniforge3/envs/sgym-hab/lib/python3.9/site-packages/networkx/utils/backends.py:135: RuntimeWarning: networkx backend defined more than once: nx-loopback
  backends.update(_get_backends("networkx.backends"))
/home/kxu/miniforge3/envs/sgym-hab/lib/python3.9/site-packages/networkx/utils/backends.py:135: RuntimeWarning: networkx backend defined more than once: nx-loopback
  backends.update(_get_backends("networkx.backends"))
/home/kxu/miniforge3/envs/sgym-hab/lib/python3.9/site-packages/networkx/utils/backends.py:135: RuntimeWarning: networkx backend defined more than once: nx-loopback
  backends.update(_get_backends("networkx.backends"))
/home/kxu/miniforge3/envs/sgym-hab/lib/python3.9/site-packages/networkx/utils/backends.py:135: RuntimeWarning: networkx backend defined more than once: nx-loopback
  backends.update(_get_backends("networkx.backends"))
/home/kxu/miniforge3/envs/sgym-hab/lib/python3.9/site-packages/networkx/utils/backends.py:135: RuntimeWarning: networkx backend defined more than once: nx-loopback
  backends.update(_get_backends("networkx.backends"))
/home/kxu/miniforge3/envs/sgym-hab/lib/python3.9/site-packages/networkx/utils/backends.py:135: RuntimeWarning: networkx backend defined more than once: nx-loopback
  backends.update(_get_backends("networkx.backends"))
/home/kxu/miniforge3/envs/sgym-hab/lib/python3.9/site-packages/networkx/utils/backends.py:135: RuntimeWarning: networkx backend defined more than once: nx-loopback
  backends.update(_get_backends("networkx.backends"))
/home/kxu/miniforge3/envs/sgym-hab/lib/python3.9/site-packages/networkx/utils/backends.py:135: RuntimeWarning: networkx backend defined more than once: nx-loopback
  backends.update(_get_backends("networkx.backends"))
/home/kxu/miniforge3/envs/sgym-hab/lib/python3.9/site-packages/networkx/utils/backends.py:135: RuntimeWarning: networkx backend defined more than once: nx-loopback
  backends.update(_get_backends("networkx.backends"))
/home/kxu/miniforge3/envs/sgym-hab/lib/python3.9/site-packages/networkx/utils/backends.py:135: RuntimeWarning: networkx backend defined more than once: nx-loopback
  backends.update(_get_backends("networkx.backends"))
/home/kxu/miniforge3/envs/sgym-hab/lib/python3.9/site-packages/networkx/utils/backends.py:135: RuntimeWarning: networkx backend defined more than once: nx-loopback
  backends.update(_get_backends("networkx.backends"))
/home/kxu/miniforge3/envs/sgym-hab/lib/python3.9/site-packages/networkx/utils/backends.py:135: RuntimeWarning: networkx backend defined more than once: nx-loopback
  backends.update(_get_backends("networkx.backends"))
/home/kxu/miniforge3/envs/sgym-hab/lib/python3.9/site-packages/networkx/utils/backends.py:135: RuntimeWarning: networkx backend defined more than once: nx-loopback
  backends.update(_get_backends("networkx.backends"))
/home/kxu/miniforge3/envs/sgym-hab/lib/python3.9/site-packages/networkx/utils/backends.py:135: RuntimeWarning: networkx backend defined more than once: nx-loopback
  backends.update(_get_backends("networkx.backends"))
/home/kxu/miniforge3/envs/sgym-hab/lib/python3.9/site-packages/networkx/utils/backends.py:135: RuntimeWarning: networkx backend defined more than once: nx-loopback
  backends.update(_get_backends("networkx.backends"))
INFO:__mp_main__:Worker 12: Finished collecting 256 steps.
INFO:__mp_main__:Worker 14: Finished collecting 256 steps.
INFO:__mp_main__:Worker 4: Finished collecting 256 steps.
INFO:__mp_main__:Worker 6: Finished collecting 256 steps.
INFO:__mp_main__:Worker 2: Finished collecting 256 steps.
INFO:__mp_main__:Worker 3: Finished collecting 256 steps.
INFO:__mp_main__:Worker 9: Finished collecting 256 steps.
INFO:__mp_main__:Worker 8: Finished collecting 256 steps.
INFO:__mp_main__:Worker 7: Finished collecting 256 steps.
INFO:__mp_main__:Worker 13: Finished collecting 256 steps.
INFO:__mp_main__:Worker 0: Finished collecting 256 steps.
INFO:__mp_main__:Worker 1: Finished collecting 256 steps.
INFO:__mp_main__:Worker 5: Finished collecting 256 steps.
INFO:__mp_main__:Worker 11: Finished collecting 256 steps.
INFO:__mp_main__:Worker 15: Finished collecting 256 steps.
INFO:__mp_main__:Worker 10: Finished collecting 256 steps.
INFO:__main__:Update: 120/146, Timesteps: 491520/600000, FPS: 65, Episodes: 19200, Avg Reward (Last 100): 13.74, Avg Length (Last 100): 48.72
/home/kxu/miniforge3/envs/sgym-hab/lib/python3.9/site-packages/networkx/utils/backends.py:135: RuntimeWarning: networkx backend defined more than once: nx-loopback
  backends.update(_get_backends("networkx.backends"))
/home/kxu/miniforge3/envs/sgym-hab/lib/python3.9/site-packages/networkx/utils/backends.py:135: RuntimeWarning: networkx backend defined more than once: nx-loopback
  backends.update(_get_backends("networkx.backends"))
/home/kxu/miniforge3/envs/sgym-hab/lib/python3.9/site-packages/networkx/utils/backends.py:135: RuntimeWarning: networkx backend defined more than once: nx-loopback
  backends.update(_get_backends("networkx.backends"))
/home/kxu/miniforge3/envs/sgym-hab/lib/python3.9/site-packages/networkx/utils/backends.py:135: RuntimeWarning: networkx backend defined more than once: nx-loopback
  backends.update(_get_backends("networkx.backends"))
/home/kxu/miniforge3/envs/sgym-hab/lib/python3.9/site-packages/networkx/utils/backends.py:135: RuntimeWarning: networkx backend defined more than once: nx-loopback
  backends.update(_get_backends("networkx.backends"))
/home/kxu/miniforge3/envs/sgym-hab/lib/python3.9/site-packages/networkx/utils/backends.py:135: RuntimeWarning: networkx backend defined more than once: nx-loopback
  backends.update(_get_backends("networkx.backends"))
/home/kxu/miniforge3/envs/sgym-hab/lib/python3.9/site-packages/networkx/utils/backends.py:135: RuntimeWarning: networkx backend defined more than once: nx-loopback
  backends.update(_get_backends("networkx.backends"))
/home/kxu/miniforge3/envs/sgym-hab/lib/python3.9/site-packages/networkx/utils/backends.py:135: RuntimeWarning: networkx backend defined more than once: nx-loopback
  backends.update(_get_backends("networkx.backends"))
/home/kxu/miniforge3/envs/sgym-hab/lib/python3.9/site-packages/networkx/utils/backends.py:135: RuntimeWarning: networkx backend defined more than once: nx-loopback
  backends.update(_get_backends("networkx.backends"))
/home/kxu/miniforge3/envs/sgym-hab/lib/python3.9/site-packages/networkx/utils/backends.py:135: RuntimeWarning: networkx backend defined more than once: nx-loopback
  backends.update(_get_backends("networkx.backends"))
/home/kxu/miniforge3/envs/sgym-hab/lib/python3.9/site-packages/networkx/utils/backends.py:135: RuntimeWarning: networkx backend defined more than once: nx-loopback
  backends.update(_get_backends("networkx.backends"))
/home/kxu/miniforge3/envs/sgym-hab/lib/python3.9/site-packages/networkx/utils/backends.py:135: RuntimeWarning: networkx backend defined more than once: nx-loopback
  backends.update(_get_backends("networkx.backends"))
/home/kxu/miniforge3/envs/sgym-hab/lib/python3.9/site-packages/networkx/utils/backends.py:135: RuntimeWarning: networkx backend defined more than once: nx-loopback
  backends.update(_get_backends("networkx.backends"))
/home/kxu/miniforge3/envs/sgym-hab/lib/python3.9/site-packages/networkx/utils/backends.py:135: RuntimeWarning: networkx backend defined more than once: nx-loopback
  backends.update(_get_backends("networkx.backends"))
/home/kxu/miniforge3/envs/sgym-hab/lib/python3.9/site-packages/networkx/utils/backends.py:135: RuntimeWarning: networkx backend defined more than once: nx-loopback
  backends.update(_get_backends("networkx.backends"))
/home/kxu/miniforge3/envs/sgym-hab/lib/python3.9/site-packages/networkx/utils/backends.py:135: RuntimeWarning: networkx backend defined more than once: nx-loopback
  backends.update(_get_backends("networkx.backends"))
INFO:__mp_main__:Worker 3: Finished collecting 256 steps.
INFO:__mp_main__:Worker 9: Finished collecting 256 steps.
INFO:__mp_main__:Worker 11: Finished collecting 256 steps.
INFO:__mp_main__:Worker 6: Finished collecting 256 steps.
INFO:__mp_main__:Worker 7: Finished collecting 256 steps.
INFO:__mp_main__:Worker 13: Finished collecting 256 steps.
INFO:__mp_main__:Worker 10: Finished collecting 256 steps.
INFO:__mp_main__:Worker 12: Finished collecting 256 steps.
INFO:__mp_main__:Worker 14: Finished collecting 256 steps.
INFO:__mp_main__:Worker 4: Finished collecting 256 steps.
INFO:__mp_main__:Worker 0: Finished collecting 256 steps.
INFO:__mp_main__:Worker 8: Finished collecting 256 steps.
INFO:__mp_main__:Worker 5: Finished collecting 256 steps.
INFO:__mp_main__:Worker 2: Finished collecting 256 steps.
INFO:__mp_main__:Worker 1: Finished collecting 256 steps.
INFO:__mp_main__:Worker 15: Finished collecting 256 steps.
INFO:__main__:Update: 121/146, Timesteps: 495616/600000, FPS: 65, Episodes: 19360, Avg Reward (Last 100): 14.97, Avg Length (Last 100): 49.00
/home/kxu/miniforge3/envs/sgym-hab/lib/python3.9/site-packages/networkx/utils/backends.py:135: RuntimeWarning: networkx backend defined more than once: nx-loopback
  backends.update(_get_backends("networkx.backends"))
/home/kxu/miniforge3/envs/sgym-hab/lib/python3.9/site-packages/networkx/utils/backends.py:135: RuntimeWarning: networkx backend defined more than once: nx-loopback
  backends.update(_get_backends("networkx.backends"))
/home/kxu/miniforge3/envs/sgym-hab/lib/python3.9/site-packages/networkx/utils/backends.py:135: RuntimeWarning: networkx backend defined more than once: nx-loopback
  backends.update(_get_backends("networkx.backends"))
/home/kxu/miniforge3/envs/sgym-hab/lib/python3.9/site-packages/networkx/utils/backends.py:135: RuntimeWarning: networkx backend defined more than once: nx-loopback
  backends.update(_get_backends("networkx.backends"))
/home/kxu/miniforge3/envs/sgym-hab/lib/python3.9/site-packages/networkx/utils/backends.py:135: RuntimeWarning: networkx backend defined more than once: nx-loopback
  backends.update(_get_backends("networkx.backends"))
/home/kxu/miniforge3/envs/sgym-hab/lib/python3.9/site-packages/networkx/utils/backends.py:135: RuntimeWarning: networkx backend defined more than once: nx-loopback
  backends.update(_get_backends("networkx.backends"))
/home/kxu/miniforge3/envs/sgym-hab/lib/python3.9/site-packages/networkx/utils/backends.py:135: RuntimeWarning: networkx backend defined more than once: nx-loopback
  backends.update(_get_backends("networkx.backends"))
/home/kxu/miniforge3/envs/sgym-hab/lib/python3.9/site-packages/networkx/utils/backends.py:135: RuntimeWarning: networkx backend defined more than once: nx-loopback
  backends.update(_get_backends("networkx.backends"))
/home/kxu/miniforge3/envs/sgym-hab/lib/python3.9/site-packages/networkx/utils/backends.py:135: RuntimeWarning: networkx backend defined more than once: nx-loopback
  backends.update(_get_backends("networkx.backends"))
/home/kxu/miniforge3/envs/sgym-hab/lib/python3.9/site-packages/networkx/utils/backends.py:135: RuntimeWarning: networkx backend defined more than once: nx-loopback
  backends.update(_get_backends("networkx.backends"))
/home/kxu/miniforge3/envs/sgym-hab/lib/python3.9/site-packages/networkx/utils/backends.py:135: RuntimeWarning: networkx backend defined more than once: nx-loopback
  backends.update(_get_backends("networkx.backends"))
/home/kxu/miniforge3/envs/sgym-hab/lib/python3.9/site-packages/networkx/utils/backends.py:135: RuntimeWarning: networkx backend defined more than once: nx-loopback
  backends.update(_get_backends("networkx.backends"))
/home/kxu/miniforge3/envs/sgym-hab/lib/python3.9/site-packages/networkx/utils/backends.py:135: RuntimeWarning: networkx backend defined more than once: nx-loopback
  backends.update(_get_backends("networkx.backends"))
/home/kxu/miniforge3/envs/sgym-hab/lib/python3.9/site-packages/networkx/utils/backends.py:135: RuntimeWarning: networkx backend defined more than once: nx-loopback
  backends.update(_get_backends("networkx.backends"))
/home/kxu/miniforge3/envs/sgym-hab/lib/python3.9/site-packages/networkx/utils/backends.py:135: RuntimeWarning: networkx backend defined more than once: nx-loopback
  backends.update(_get_backends("networkx.backends"))
/home/kxu/miniforge3/envs/sgym-hab/lib/python3.9/site-packages/networkx/utils/backends.py:135: RuntimeWarning: networkx backend defined more than once: nx-loopback
  backends.update(_get_backends("networkx.backends"))
INFO:__mp_main__:Worker 4: Finished collecting 256 steps.
INFO:__mp_main__:Worker 3: Finished collecting 256 steps.
INFO:__mp_main__:Worker 15: Finished collecting 256 steps.
INFO:__mp_main__:Worker 2: Finished collecting 256 steps.
INFO:__mp_main__:Worker 6: Finished collecting 256 steps.
INFO:__mp_main__:Worker 0: Finished collecting 256 steps.
INFO:__mp_main__:Worker 14: Finished collecting 256 steps.
INFO:__mp_main__:Worker 13: Finished collecting 256 steps.
INFO:__mp_main__:Worker 5: Finished collecting 256 steps.
INFO:__mp_main__:Worker 9: Finished collecting 256 steps.
INFO:__mp_main__:Worker 8: Finished collecting 256 steps.
INFO:__mp_main__:Worker 12: Finished collecting 256 steps.
INFO:__mp_main__:Worker 1: Finished collecting 256 steps.
INFO:__mp_main__:Worker 7: Finished collecting 256 steps.
INFO:__mp_main__:Worker 10: Finished collecting 256 steps.
INFO:__mp_main__:Worker 11: Finished collecting 256 steps.
INFO:__main__:Update: 122/146, Timesteps: 499712/600000, FPS: 65, Episodes: 19520, Avg Reward (Last 100): 14.91, Avg Length (Last 100): 48.80
/home/kxu/miniforge3/envs/sgym-hab/lib/python3.9/site-packages/networkx/utils/backends.py:135: RuntimeWarning: networkx backend defined more than once: nx-loopback
  backends.update(_get_backends("networkx.backends"))
/home/kxu/miniforge3/envs/sgym-hab/lib/python3.9/site-packages/networkx/utils/backends.py:135: RuntimeWarning: networkx backend defined more than once: nx-loopback
  backends.update(_get_backends("networkx.backends"))
/home/kxu/miniforge3/envs/sgym-hab/lib/python3.9/site-packages/networkx/utils/backends.py:135: RuntimeWarning: networkx backend defined more than once: nx-loopback
  backends.update(_get_backends("networkx.backends"))
/home/kxu/miniforge3/envs/sgym-hab/lib/python3.9/site-packages/networkx/utils/backends.py:135: RuntimeWarning: networkx backend defined more than once: nx-loopback
  backends.update(_get_backends("networkx.backends"))
/home/kxu/miniforge3/envs/sgym-hab/lib/python3.9/site-packages/networkx/utils/backends.py:135: RuntimeWarning: networkx backend defined more than once: nx-loopback
  backends.update(_get_backends("networkx.backends"))
/home/kxu/miniforge3/envs/sgym-hab/lib/python3.9/site-packages/networkx/utils/backends.py:135: RuntimeWarning: networkx backend defined more than once: nx-loopback
  backends.update(_get_backends("networkx.backends"))
/home/kxu/miniforge3/envs/sgym-hab/lib/python3.9/site-packages/networkx/utils/backends.py:135: RuntimeWarning: networkx backend defined more than once: nx-loopback
  backends.update(_get_backends("networkx.backends"))
/home/kxu/miniforge3/envs/sgym-hab/lib/python3.9/site-packages/networkx/utils/backends.py:135: RuntimeWarning: networkx backend defined more than once: nx-loopback
  backends.update(_get_backends("networkx.backends"))
/home/kxu/miniforge3/envs/sgym-hab/lib/python3.9/site-packages/networkx/utils/backends.py:135: RuntimeWarning: networkx backend defined more than once: nx-loopback
  backends.update(_get_backends("networkx.backends"))
/home/kxu/miniforge3/envs/sgym-hab/lib/python3.9/site-packages/networkx/utils/backends.py:135: RuntimeWarning: networkx backend defined more than once: nx-loopback
  backends.update(_get_backends("networkx.backends"))
/home/kxu/miniforge3/envs/sgym-hab/lib/python3.9/site-packages/networkx/utils/backends.py:135: RuntimeWarning: networkx backend defined more than once: nx-loopback
  backends.update(_get_backends("networkx.backends"))
/home/kxu/miniforge3/envs/sgym-hab/lib/python3.9/site-packages/networkx/utils/backends.py:135: RuntimeWarning: networkx backend defined more than once: nx-loopback
  backends.update(_get_backends("networkx.backends"))
/home/kxu/miniforge3/envs/sgym-hab/lib/python3.9/site-packages/networkx/utils/backends.py:135: RuntimeWarning: networkx backend defined more than once: nx-loopback
  backends.update(_get_backends("networkx.backends"))
/home/kxu/miniforge3/envs/sgym-hab/lib/python3.9/site-packages/networkx/utils/backends.py:135: RuntimeWarning: networkx backend defined more than once: nx-loopback
  backends.update(_get_backends("networkx.backends"))
/home/kxu/miniforge3/envs/sgym-hab/lib/python3.9/site-packages/networkx/utils/backends.py:135: RuntimeWarning: networkx backend defined more than once: nx-loopback
  backends.update(_get_backends("networkx.backends"))
/home/kxu/miniforge3/envs/sgym-hab/lib/python3.9/site-packages/networkx/utils/backends.py:135: RuntimeWarning: networkx backend defined more than once: nx-loopback
  backends.update(_get_backends("networkx.backends"))
INFO:__mp_main__:Worker 11: Finished collecting 256 steps.
INFO:__mp_main__:Worker 13: Finished collecting 256 steps.
INFO:__mp_main__:Worker 10: Finished collecting 256 steps.
INFO:__mp_main__:Worker 1: Finished collecting 256 steps.
INFO:__mp_main__:Worker 12: Finished collecting 256 steps.
INFO:__mp_main__:Worker 9: Finished collecting 256 steps.
INFO:__mp_main__:Worker 6: Finished collecting 256 steps.
INFO:__mp_main__:Worker 15: Finished collecting 256 steps.
INFO:__mp_main__:Worker 14: Finished collecting 256 steps.
INFO:__mp_main__:Worker 5: Finished collecting 256 steps.
INFO:__mp_main__:Worker 0: Finished collecting 256 steps.
INFO:__mp_main__:Worker 4: Finished collecting 256 steps.
INFO:__mp_main__:Worker 3: Finished collecting 256 steps.
INFO:__mp_main__:Worker 7: Finished collecting 256 steps.
INFO:__mp_main__:Worker 2: Finished collecting 256 steps.
INFO:__mp_main__:Worker 8: Finished collecting 256 steps.
INFO:__main__:Update: 123/146, Timesteps: 503808/600000, FPS: 65, Episodes: 19680, Avg Reward (Last 100): 13.99, Avg Length (Last 100): 48.88
/home/kxu/miniforge3/envs/sgym-hab/lib/python3.9/site-packages/networkx/utils/backends.py:135: RuntimeWarning: networkx backend defined more than once: nx-loopback
  backends.update(_get_backends("networkx.backends"))
/home/kxu/miniforge3/envs/sgym-hab/lib/python3.9/site-packages/networkx/utils/backends.py:135: RuntimeWarning: networkx backend defined more than once: nx-loopback
  backends.update(_get_backends("networkx.backends"))
/home/kxu/miniforge3/envs/sgym-hab/lib/python3.9/site-packages/networkx/utils/backends.py:135: RuntimeWarning: networkx backend defined more than once: nx-loopback
  backends.update(_get_backends("networkx.backends"))
/home/kxu/miniforge3/envs/sgym-hab/lib/python3.9/site-packages/networkx/utils/backends.py:135: RuntimeWarning: networkx backend defined more than once: nx-loopback
  backends.update(_get_backends("networkx.backends"))
/home/kxu/miniforge3/envs/sgym-hab/lib/python3.9/site-packages/networkx/utils/backends.py:135: RuntimeWarning: networkx backend defined more than once: nx-loopback
  backends.update(_get_backends("networkx.backends"))
/home/kxu/miniforge3/envs/sgym-hab/lib/python3.9/site-packages/networkx/utils/backends.py:135: RuntimeWarning: networkx backend defined more than once: nx-loopback
  backends.update(_get_backends("networkx.backends"))
/home/kxu/miniforge3/envs/sgym-hab/lib/python3.9/site-packages/networkx/utils/backends.py:135: RuntimeWarning: networkx backend defined more than once: nx-loopback
  backends.update(_get_backends("networkx.backends"))
/home/kxu/miniforge3/envs/sgym-hab/lib/python3.9/site-packages/networkx/utils/backends.py:135: RuntimeWarning: networkx backend defined more than once: nx-loopback
  backends.update(_get_backends("networkx.backends"))
/home/kxu/miniforge3/envs/sgym-hab/lib/python3.9/site-packages/networkx/utils/backends.py:135: RuntimeWarning: networkx backend defined more than once: nx-loopback
  backends.update(_get_backends("networkx.backends"))
/home/kxu/miniforge3/envs/sgym-hab/lib/python3.9/site-packages/networkx/utils/backends.py:135: RuntimeWarning: networkx backend defined more than once: nx-loopback
  backends.update(_get_backends("networkx.backends"))
/home/kxu/miniforge3/envs/sgym-hab/lib/python3.9/site-packages/networkx/utils/backends.py:135: RuntimeWarning: networkx backend defined more than once: nx-loopback
  backends.update(_get_backends("networkx.backends"))
/home/kxu/miniforge3/envs/sgym-hab/lib/python3.9/site-packages/networkx/utils/backends.py:135: RuntimeWarning: networkx backend defined more than once: nx-loopback
  backends.update(_get_backends("networkx.backends"))
/home/kxu/miniforge3/envs/sgym-hab/lib/python3.9/site-packages/networkx/utils/backends.py:135: RuntimeWarning: networkx backend defined more than once: nx-loopback
  backends.update(_get_backends("networkx.backends"))
/home/kxu/miniforge3/envs/sgym-hab/lib/python3.9/site-packages/networkx/utils/backends.py:135: RuntimeWarning: networkx backend defined more than once: nx-loopback
  backends.update(_get_backends("networkx.backends"))
/home/kxu/miniforge3/envs/sgym-hab/lib/python3.9/site-packages/networkx/utils/backends.py:135: RuntimeWarning: networkx backend defined more than once: nx-loopback
  backends.update(_get_backends("networkx.backends"))
/home/kxu/miniforge3/envs/sgym-hab/lib/python3.9/site-packages/networkx/utils/backends.py:135: RuntimeWarning: networkx backend defined more than once: nx-loopback
  backends.update(_get_backends("networkx.backends"))
INFO:__mp_main__:Worker 10: Finished collecting 256 steps.
INFO:__mp_main__:Worker 8: Finished collecting 256 steps.
INFO:__mp_main__:Worker 5: Finished collecting 256 steps.
INFO:__mp_main__:Worker 6: Finished collecting 256 steps.
INFO:__mp_main__:Worker 2: Finished collecting 256 steps.
INFO:__mp_main__:Worker 14: Finished collecting 256 steps.
INFO:__mp_main__:Worker 11: Finished collecting 256 steps.
INFO:__mp_main__:Worker 1: Finished collecting 256 steps.
INFO:__mp_main__:Worker 4: Finished collecting 256 steps.
INFO:__mp_main__:Worker 0: Finished collecting 256 steps.
INFO:__mp_main__:Worker 7: Finished collecting 256 steps.
INFO:__mp_main__:Worker 9: Finished collecting 256 steps.
INFO:__mp_main__:Worker 3: Finished collecting 256 steps.
INFO:__mp_main__:Worker 15: Finished collecting 256 steps.
INFO:__mp_main__:Worker 12: Finished collecting 256 steps.
INFO:__mp_main__:Worker 13: Finished collecting 256 steps.
INFO:__main__:Update: 124/146, Timesteps: 507904/600000, FPS: 65, Episodes: 19840, Avg Reward (Last 100): 14.34, Avg Length (Last 100): 49.00
/home/kxu/miniforge3/envs/sgym-hab/lib/python3.9/site-packages/networkx/utils/backends.py:135: RuntimeWarning: networkx backend defined more than once: nx-loopback
  backends.update(_get_backends("networkx.backends"))
/home/kxu/miniforge3/envs/sgym-hab/lib/python3.9/site-packages/networkx/utils/backends.py:135: RuntimeWarning: networkx backend defined more than once: nx-loopback
  backends.update(_get_backends("networkx.backends"))
/home/kxu/miniforge3/envs/sgym-hab/lib/python3.9/site-packages/networkx/utils/backends.py:135: RuntimeWarning: networkx backend defined more than once: nx-loopback
  backends.update(_get_backends("networkx.backends"))
/home/kxu/miniforge3/envs/sgym-hab/lib/python3.9/site-packages/networkx/utils/backends.py:135: RuntimeWarning: networkx backend defined more than once: nx-loopback
  backends.update(_get_backends("networkx.backends"))
/home/kxu/miniforge3/envs/sgym-hab/lib/python3.9/site-packages/networkx/utils/backends.py:135: RuntimeWarning: networkx backend defined more than once: nx-loopback
  backends.update(_get_backends("networkx.backends"))
/home/kxu/miniforge3/envs/sgym-hab/lib/python3.9/site-packages/networkx/utils/backends.py:135: RuntimeWarning: networkx backend defined more than once: nx-loopback
  backends.update(_get_backends("networkx.backends"))
/home/kxu/miniforge3/envs/sgym-hab/lib/python3.9/site-packages/networkx/utils/backends.py:135: RuntimeWarning: networkx backend defined more than once: nx-loopback
  backends.update(_get_backends("networkx.backends"))
/home/kxu/miniforge3/envs/sgym-hab/lib/python3.9/site-packages/networkx/utils/backends.py:135: RuntimeWarning: networkx backend defined more than once: nx-loopback
  backends.update(_get_backends("networkx.backends"))
/home/kxu/miniforge3/envs/sgym-hab/lib/python3.9/site-packages/networkx/utils/backends.py:135: RuntimeWarning: networkx backend defined more than once: nx-loopback
  backends.update(_get_backends("networkx.backends"))
/home/kxu/miniforge3/envs/sgym-hab/lib/python3.9/site-packages/networkx/utils/backends.py:135: RuntimeWarning: networkx backend defined more than once: nx-loopback
  backends.update(_get_backends("networkx.backends"))
/home/kxu/miniforge3/envs/sgym-hab/lib/python3.9/site-packages/networkx/utils/backends.py:135: RuntimeWarning: networkx backend defined more than once: nx-loopback
  backends.update(_get_backends("networkx.backends"))
/home/kxu/miniforge3/envs/sgym-hab/lib/python3.9/site-packages/networkx/utils/backends.py:135: RuntimeWarning: networkx backend defined more than once: nx-loopback
  backends.update(_get_backends("networkx.backends"))
/home/kxu/miniforge3/envs/sgym-hab/lib/python3.9/site-packages/networkx/utils/backends.py:135: RuntimeWarning: networkx backend defined more than once: nx-loopback
  backends.update(_get_backends("networkx.backends"))
/home/kxu/miniforge3/envs/sgym-hab/lib/python3.9/site-packages/networkx/utils/backends.py:135: RuntimeWarning: networkx backend defined more than once: nx-loopback
  backends.update(_get_backends("networkx.backends"))
/home/kxu/miniforge3/envs/sgym-hab/lib/python3.9/site-packages/networkx/utils/backends.py:135: RuntimeWarning: networkx backend defined more than once: nx-loopback
  backends.update(_get_backends("networkx.backends"))
/home/kxu/miniforge3/envs/sgym-hab/lib/python3.9/site-packages/networkx/utils/backends.py:135: RuntimeWarning: networkx backend defined more than once: nx-loopback
  backends.update(_get_backends("networkx.backends"))
INFO:__mp_main__:Worker 4: Finished collecting 256 steps.
INFO:__mp_main__:Worker 13: Finished collecting 256 steps.
INFO:__mp_main__:Worker 8: Finished collecting 256 steps.
INFO:__mp_main__:Worker 7: Finished collecting 256 steps.
INFO:__mp_main__:Worker 11: Finished collecting 256 steps.
INFO:__mp_main__:Worker 6: Finished collecting 256 steps.
INFO:__mp_main__:Worker 12: Finished collecting 256 steps.
INFO:__mp_main__:Worker 3: Finished collecting 256 steps.
INFO:__mp_main__:Worker 5: Finished collecting 256 steps.
INFO:__mp_main__:Worker 1: Finished collecting 256 steps.
INFO:__mp_main__:Worker 15: Finished collecting 256 steps.
INFO:__mp_main__:Worker 0: Finished collecting 256 steps.
INFO:__mp_main__:Worker 2: Finished collecting 256 steps.
INFO:__mp_main__:Worker 14: Finished collecting 256 steps.
INFO:__mp_main__:Worker 9: Finished collecting 256 steps.
INFO:__mp_main__:Worker 10: Finished collecting 256 steps.
INFO:__main__:Update: 125/146, Timesteps: 512000/600000, FPS: 64, Episodes: 20000, Avg Reward (Last 100): 14.96, Avg Length (Last 100): 49.00
/home/kxu/miniforge3/envs/sgym-hab/lib/python3.9/site-packages/networkx/utils/backends.py:135: RuntimeWarning: networkx backend defined more than once: nx-loopback
  backends.update(_get_backends("networkx.backends"))
/home/kxu/miniforge3/envs/sgym-hab/lib/python3.9/site-packages/networkx/utils/backends.py:135: RuntimeWarning: networkx backend defined more than once: nx-loopback
  backends.update(_get_backends("networkx.backends"))
/home/kxu/miniforge3/envs/sgym-hab/lib/python3.9/site-packages/networkx/utils/backends.py:135: RuntimeWarning: networkx backend defined more than once: nx-loopback
  backends.update(_get_backends("networkx.backends"))
/home/kxu/miniforge3/envs/sgym-hab/lib/python3.9/site-packages/networkx/utils/backends.py:135: RuntimeWarning: networkx backend defined more than once: nx-loopback
  backends.update(_get_backends("networkx.backends"))
/home/kxu/miniforge3/envs/sgym-hab/lib/python3.9/site-packages/networkx/utils/backends.py:135: RuntimeWarning: networkx backend defined more than once: nx-loopback
  backends.update(_get_backends("networkx.backends"))
/home/kxu/miniforge3/envs/sgym-hab/lib/python3.9/site-packages/networkx/utils/backends.py:135: RuntimeWarning: networkx backend defined more than once: nx-loopback
  backends.update(_get_backends("networkx.backends"))
/home/kxu/miniforge3/envs/sgym-hab/lib/python3.9/site-packages/networkx/utils/backends.py:135: RuntimeWarning: networkx backend defined more than once: nx-loopback
  backends.update(_get_backends("networkx.backends"))
/home/kxu/miniforge3/envs/sgym-hab/lib/python3.9/site-packages/networkx/utils/backends.py:135: RuntimeWarning: networkx backend defined more than once: nx-loopback
  backends.update(_get_backends("networkx.backends"))
/home/kxu/miniforge3/envs/sgym-hab/lib/python3.9/site-packages/networkx/utils/backends.py:135: RuntimeWarning: networkx backend defined more than once: nx-loopback
  backends.update(_get_backends("networkx.backends"))
/home/kxu/miniforge3/envs/sgym-hab/lib/python3.9/site-packages/networkx/utils/backends.py:135: RuntimeWarning: networkx backend defined more than once: nx-loopback
  backends.update(_get_backends("networkx.backends"))
/home/kxu/miniforge3/envs/sgym-hab/lib/python3.9/site-packages/networkx/utils/backends.py:135: RuntimeWarning: networkx backend defined more than once: nx-loopback
  backends.update(_get_backends("networkx.backends"))
/home/kxu/miniforge3/envs/sgym-hab/lib/python3.9/site-packages/networkx/utils/backends.py:135: RuntimeWarning: networkx backend defined more than once: nx-loopback
  backends.update(_get_backends("networkx.backends"))
/home/kxu/miniforge3/envs/sgym-hab/lib/python3.9/site-packages/networkx/utils/backends.py:135: RuntimeWarning: networkx backend defined more than once: nx-loopback
  backends.update(_get_backends("networkx.backends"))
/home/kxu/miniforge3/envs/sgym-hab/lib/python3.9/site-packages/networkx/utils/backends.py:135: RuntimeWarning: networkx backend defined more than once: nx-loopback
  backends.update(_get_backends("networkx.backends"))
/home/kxu/miniforge3/envs/sgym-hab/lib/python3.9/site-packages/networkx/utils/backends.py:135: RuntimeWarning: networkx backend defined more than once: nx-loopback
  backends.update(_get_backends("networkx.backends"))
/home/kxu/miniforge3/envs/sgym-hab/lib/python3.9/site-packages/networkx/utils/backends.py:135: RuntimeWarning: networkx backend defined more than once: nx-loopback
  backends.update(_get_backends("networkx.backends"))
INFO:__mp_main__:Worker 3: Finished collecting 256 steps.
INFO:__mp_main__:Worker 5: Finished collecting 256 steps.
INFO:__mp_main__:Worker 4: Finished collecting 256 steps.
INFO:__mp_main__:Worker 6: Finished collecting 256 steps.
INFO:__mp_main__:Worker 9: Finished collecting 256 steps.
INFO:__mp_main__:Worker 8: Finished collecting 256 steps.
INFO:__mp_main__:Worker 14: Finished collecting 256 steps.
INFO:__mp_main__:Worker 12: Finished collecting 256 steps.
INFO:__mp_main__:Worker 2: Finished collecting 256 steps.
INFO:__mp_main__:Worker 0: Finished collecting 256 steps.
INFO:__mp_main__:Worker 1: Finished collecting 256 steps.
INFO:__mp_main__:Worker 7: Finished collecting 256 steps.
INFO:__mp_main__:Worker 11: Finished collecting 256 steps.
INFO:__mp_main__:Worker 10: Finished collecting 256 steps.
INFO:__mp_main__:Worker 13: Finished collecting 256 steps.
INFO:__mp_main__:Worker 15: Finished collecting 256 steps.
INFO:__main__:Update: 126/146, Timesteps: 516096/600000, FPS: 65, Episodes: 20160, Avg Reward (Last 100): 14.38, Avg Length (Last 100): 49.00
/home/kxu/miniforge3/envs/sgym-hab/lib/python3.9/site-packages/networkx/utils/backends.py:135: RuntimeWarning: networkx backend defined more than once: nx-loopback
  backends.update(_get_backends("networkx.backends"))
/home/kxu/miniforge3/envs/sgym-hab/lib/python3.9/site-packages/networkx/utils/backends.py:135: RuntimeWarning: networkx backend defined more than once: nx-loopback
  backends.update(_get_backends("networkx.backends"))
/home/kxu/miniforge3/envs/sgym-hab/lib/python3.9/site-packages/networkx/utils/backends.py:135: RuntimeWarning: networkx backend defined more than once: nx-loopback
  backends.update(_get_backends("networkx.backends"))
/home/kxu/miniforge3/envs/sgym-hab/lib/python3.9/site-packages/networkx/utils/backends.py:135: RuntimeWarning: networkx backend defined more than once: nx-loopback
  backends.update(_get_backends("networkx.backends"))
/home/kxu/miniforge3/envs/sgym-hab/lib/python3.9/site-packages/networkx/utils/backends.py:135: RuntimeWarning: networkx backend defined more than once: nx-loopback
  backends.update(_get_backends("networkx.backends"))
/home/kxu/miniforge3/envs/sgym-hab/lib/python3.9/site-packages/networkx/utils/backends.py:135: RuntimeWarning: networkx backend defined more than once: nx-loopback
  backends.update(_get_backends("networkx.backends"))
/home/kxu/miniforge3/envs/sgym-hab/lib/python3.9/site-packages/networkx/utils/backends.py:135: RuntimeWarning: networkx backend defined more than once: nx-loopback
  backends.update(_get_backends("networkx.backends"))
/home/kxu/miniforge3/envs/sgym-hab/lib/python3.9/site-packages/networkx/utils/backends.py:135: RuntimeWarning: networkx backend defined more than once: nx-loopback
  backends.update(_get_backends("networkx.backends"))
/home/kxu/miniforge3/envs/sgym-hab/lib/python3.9/site-packages/networkx/utils/backends.py:135: RuntimeWarning: networkx backend defined more than once: nx-loopback
  backends.update(_get_backends("networkx.backends"))
/home/kxu/miniforge3/envs/sgym-hab/lib/python3.9/site-packages/networkx/utils/backends.py:135: RuntimeWarning: networkx backend defined more than once: nx-loopback
  backends.update(_get_backends("networkx.backends"))
/home/kxu/miniforge3/envs/sgym-hab/lib/python3.9/site-packages/networkx/utils/backends.py:135: RuntimeWarning: networkx backend defined more than once: nx-loopback
  backends.update(_get_backends("networkx.backends"))
/home/kxu/miniforge3/envs/sgym-hab/lib/python3.9/site-packages/networkx/utils/backends.py:135: RuntimeWarning: networkx backend defined more than once: nx-loopback
  backends.update(_get_backends("networkx.backends"))
/home/kxu/miniforge3/envs/sgym-hab/lib/python3.9/site-packages/networkx/utils/backends.py:135: RuntimeWarning: networkx backend defined more than once: nx-loopback
  backends.update(_get_backends("networkx.backends"))
/home/kxu/miniforge3/envs/sgym-hab/lib/python3.9/site-packages/networkx/utils/backends.py:135: RuntimeWarning: networkx backend defined more than once: nx-loopback
  backends.update(_get_backends("networkx.backends"))
/home/kxu/miniforge3/envs/sgym-hab/lib/python3.9/site-packages/networkx/utils/backends.py:135: RuntimeWarning: networkx backend defined more than once: nx-loopback
  backends.update(_get_backends("networkx.backends"))
/home/kxu/miniforge3/envs/sgym-hab/lib/python3.9/site-packages/networkx/utils/backends.py:135: RuntimeWarning: networkx backend defined more than once: nx-loopback
  backends.update(_get_backends("networkx.backends"))
INFO:__mp_main__:Worker 2: Finished collecting 256 steps.
INFO:__mp_main__:Worker 1: Finished collecting 256 steps.
INFO:__mp_main__:Worker 14: Finished collecting 256 steps.
INFO:__mp_main__:Worker 0: Finished collecting 256 steps.
INFO:__mp_main__:Worker 8: Finished collecting 256 steps.
INFO:__mp_main__:Worker 11: Finished collecting 256 steps.
INFO:__mp_main__:Worker 6: Finished collecting 256 steps.
INFO:__mp_main__:Worker 15: Finished collecting 256 steps.
INFO:__mp_main__:Worker 12: Finished collecting 256 steps.
INFO:__mp_main__:Worker 5: Finished collecting 256 steps.
INFO:__mp_main__:Worker 4: Finished collecting 256 steps.
INFO:__mp_main__:Worker 3: Finished collecting 256 steps.
INFO:__mp_main__:Worker 9: Finished collecting 256 steps.
INFO:__mp_main__:Worker 7: Finished collecting 256 steps.
INFO:__mp_main__:Worker 10: Finished collecting 256 steps.
INFO:__mp_main__:Worker 13: Finished collecting 256 steps.
INFO:__main__:Update: 127/146, Timesteps: 520192/600000, FPS: 65, Episodes: 20320, Avg Reward (Last 100): 13.95, Avg Length (Last 100): 48.78
/home/kxu/miniforge3/envs/sgym-hab/lib/python3.9/site-packages/networkx/utils/backends.py:135: RuntimeWarning: networkx backend defined more than once: nx-loopback
  backends.update(_get_backends("networkx.backends"))
/home/kxu/miniforge3/envs/sgym-hab/lib/python3.9/site-packages/networkx/utils/backends.py:135: RuntimeWarning: networkx backend defined more than once: nx-loopback
  backends.update(_get_backends("networkx.backends"))
/home/kxu/miniforge3/envs/sgym-hab/lib/python3.9/site-packages/networkx/utils/backends.py:135: RuntimeWarning: networkx backend defined more than once: nx-loopback
  backends.update(_get_backends("networkx.backends"))
/home/kxu/miniforge3/envs/sgym-hab/lib/python3.9/site-packages/networkx/utils/backends.py:135: RuntimeWarning: networkx backend defined more than once: nx-loopback
  backends.update(_get_backends("networkx.backends"))
/home/kxu/miniforge3/envs/sgym-hab/lib/python3.9/site-packages/networkx/utils/backends.py:135: RuntimeWarning: networkx backend defined more than once: nx-loopback
  backends.update(_get_backends("networkx.backends"))
/home/kxu/miniforge3/envs/sgym-hab/lib/python3.9/site-packages/networkx/utils/backends.py:135: RuntimeWarning: networkx backend defined more than once: nx-loopback
  backends.update(_get_backends("networkx.backends"))
/home/kxu/miniforge3/envs/sgym-hab/lib/python3.9/site-packages/networkx/utils/backends.py:135: RuntimeWarning: networkx backend defined more than once: nx-loopback
  backends.update(_get_backends("networkx.backends"))
/home/kxu/miniforge3/envs/sgym-hab/lib/python3.9/site-packages/networkx/utils/backends.py:135: RuntimeWarning: networkx backend defined more than once: nx-loopback
  backends.update(_get_backends("networkx.backends"))
/home/kxu/miniforge3/envs/sgym-hab/lib/python3.9/site-packages/networkx/utils/backends.py:135: RuntimeWarning: networkx backend defined more than once: nx-loopback
  backends.update(_get_backends("networkx.backends"))
/home/kxu/miniforge3/envs/sgym-hab/lib/python3.9/site-packages/networkx/utils/backends.py:135: RuntimeWarning: networkx backend defined more than once: nx-loopback
  backends.update(_get_backends("networkx.backends"))
/home/kxu/miniforge3/envs/sgym-hab/lib/python3.9/site-packages/networkx/utils/backends.py:135: RuntimeWarning: networkx backend defined more than once: nx-loopback
  backends.update(_get_backends("networkx.backends"))
/home/kxu/miniforge3/envs/sgym-hab/lib/python3.9/site-packages/networkx/utils/backends.py:135: RuntimeWarning: networkx backend defined more than once: nx-loopback
  backends.update(_get_backends("networkx.backends"))
/home/kxu/miniforge3/envs/sgym-hab/lib/python3.9/site-packages/networkx/utils/backends.py:135: RuntimeWarning: networkx backend defined more than once: nx-loopback
  backends.update(_get_backends("networkx.backends"))
/home/kxu/miniforge3/envs/sgym-hab/lib/python3.9/site-packages/networkx/utils/backends.py:135: RuntimeWarning: networkx backend defined more than once: nx-loopback
  backends.update(_get_backends("networkx.backends"))
/home/kxu/miniforge3/envs/sgym-hab/lib/python3.9/site-packages/networkx/utils/backends.py:135: RuntimeWarning: networkx backend defined more than once: nx-loopback
  backends.update(_get_backends("networkx.backends"))
/home/kxu/miniforge3/envs/sgym-hab/lib/python3.9/site-packages/networkx/utils/backends.py:135: RuntimeWarning: networkx backend defined more than once: nx-loopback
  backends.update(_get_backends("networkx.backends"))
INFO:__mp_main__:Worker 3: Finished collecting 256 steps.
INFO:__mp_main__:Worker 10: Finished collecting 256 steps.
INFO:__mp_main__:Worker 5: Finished collecting 256 steps.
INFO:__mp_main__:Worker 7: Finished collecting 256 steps.
INFO:__mp_main__:Worker 9: Finished collecting 256 steps.
INFO:__mp_main__:Worker 8: Finished collecting 256 steps.
INFO:__mp_main__:Worker 6: Finished collecting 256 steps.
INFO:__mp_main__:Worker 2: Finished collecting 256 steps.
INFO:__mp_main__:Worker 1: Finished collecting 256 steps.
INFO:__mp_main__:Worker 0: Finished collecting 256 steps.
INFO:__mp_main__:Worker 12: Finished collecting 256 steps.
INFO:__mp_main__:Worker 13: Finished collecting 256 steps.
INFO:__mp_main__:Worker 4: Finished collecting 256 steps.
INFO:__mp_main__:Worker 15: Finished collecting 256 steps.
INFO:__mp_main__:Worker 11: Finished collecting 256 steps.
INFO:__mp_main__:Worker 14: Finished collecting 256 steps.
INFO:__main__:Update: 128/146, Timesteps: 524288/600000, FPS: 64, Episodes: 20480, Avg Reward (Last 100): 13.71, Avg Length (Last 100): 49.00
/home/kxu/miniforge3/envs/sgym-hab/lib/python3.9/site-packages/networkx/utils/backends.py:135: RuntimeWarning: networkx backend defined more than once: nx-loopback
  backends.update(_get_backends("networkx.backends"))
/home/kxu/miniforge3/envs/sgym-hab/lib/python3.9/site-packages/networkx/utils/backends.py:135: RuntimeWarning: networkx backend defined more than once: nx-loopback
  backends.update(_get_backends("networkx.backends"))
/home/kxu/miniforge3/envs/sgym-hab/lib/python3.9/site-packages/networkx/utils/backends.py:135: RuntimeWarning: networkx backend defined more than once: nx-loopback
  backends.update(_get_backends("networkx.backends"))
/home/kxu/miniforge3/envs/sgym-hab/lib/python3.9/site-packages/networkx/utils/backends.py:135: RuntimeWarning: networkx backend defined more than once: nx-loopback
  backends.update(_get_backends("networkx.backends"))
/home/kxu/miniforge3/envs/sgym-hab/lib/python3.9/site-packages/networkx/utils/backends.py:135: RuntimeWarning: networkx backend defined more than once: nx-loopback
  backends.update(_get_backends("networkx.backends"))
/home/kxu/miniforge3/envs/sgym-hab/lib/python3.9/site-packages/networkx/utils/backends.py:135: RuntimeWarning: networkx backend defined more than once: nx-loopback
  backends.update(_get_backends("networkx.backends"))
/home/kxu/miniforge3/envs/sgym-hab/lib/python3.9/site-packages/networkx/utils/backends.py:135: RuntimeWarning: networkx backend defined more than once: nx-loopback
  backends.update(_get_backends("networkx.backends"))
/home/kxu/miniforge3/envs/sgym-hab/lib/python3.9/site-packages/networkx/utils/backends.py:135: RuntimeWarning: networkx backend defined more than once: nx-loopback
  backends.update(_get_backends("networkx.backends"))
/home/kxu/miniforge3/envs/sgym-hab/lib/python3.9/site-packages/networkx/utils/backends.py:135: RuntimeWarning: networkx backend defined more than once: nx-loopback
  backends.update(_get_backends("networkx.backends"))
/home/kxu/miniforge3/envs/sgym-hab/lib/python3.9/site-packages/networkx/utils/backends.py:135: RuntimeWarning: networkx backend defined more than once: nx-loopback
  backends.update(_get_backends("networkx.backends"))
/home/kxu/miniforge3/envs/sgym-hab/lib/python3.9/site-packages/networkx/utils/backends.py:135: RuntimeWarning: networkx backend defined more than once: nx-loopback
  backends.update(_get_backends("networkx.backends"))
/home/kxu/miniforge3/envs/sgym-hab/lib/python3.9/site-packages/networkx/utils/backends.py:135: RuntimeWarning: networkx backend defined more than once: nx-loopback
  backends.update(_get_backends("networkx.backends"))
/home/kxu/miniforge3/envs/sgym-hab/lib/python3.9/site-packages/networkx/utils/backends.py:135: RuntimeWarning: networkx backend defined more than once: nx-loopback
  backends.update(_get_backends("networkx.backends"))
/home/kxu/miniforge3/envs/sgym-hab/lib/python3.9/site-packages/networkx/utils/backends.py:135: RuntimeWarning: networkx backend defined more than once: nx-loopback
  backends.update(_get_backends("networkx.backends"))
/home/kxu/miniforge3/envs/sgym-hab/lib/python3.9/site-packages/networkx/utils/backends.py:135: RuntimeWarning: networkx backend defined more than once: nx-loopback
  backends.update(_get_backends("networkx.backends"))
/home/kxu/miniforge3/envs/sgym-hab/lib/python3.9/site-packages/networkx/utils/backends.py:135: RuntimeWarning: networkx backend defined more than once: nx-loopback
  backends.update(_get_backends("networkx.backends"))
INFO:__mp_main__:Worker 7: Finished collecting 256 steps.
INFO:__mp_main__:Worker 15: Finished collecting 256 steps.
INFO:__mp_main__:Worker 13: Finished collecting 256 steps.
INFO:__mp_main__:Worker 0: Finished collecting 256 steps.
INFO:__mp_main__:Worker 2: Finished collecting 256 steps.
INFO:__mp_main__:Worker 4: Finished collecting 256 steps.
INFO:__mp_main__:Worker 14: Finished collecting 256 steps.
INFO:__mp_main__:Worker 12: Finished collecting 256 steps.
INFO:__mp_main__:Worker 8: Finished collecting 256 steps.
INFO:__mp_main__:Worker 5: Finished collecting 256 steps.
INFO:__mp_main__:Worker 1: Finished collecting 256 steps.
INFO:__mp_main__:Worker 9: Finished collecting 256 steps.
INFO:__mp_main__:Worker 3: Finished collecting 256 steps.
INFO:__mp_main__:Worker 11: Finished collecting 256 steps.
INFO:__mp_main__:Worker 6: Finished collecting 256 steps.
INFO:__mp_main__:Worker 10: Finished collecting 256 steps.
INFO:__main__:Update: 129/146, Timesteps: 528384/600000, FPS: 65, Episodes: 20640, Avg Reward (Last 100): 12.93, Avg Length (Last 100): 48.90
/home/kxu/miniforge3/envs/sgym-hab/lib/python3.9/site-packages/networkx/utils/backends.py:135: RuntimeWarning: networkx backend defined more than once: nx-loopback
  backends.update(_get_backends("networkx.backends"))
/home/kxu/miniforge3/envs/sgym-hab/lib/python3.9/site-packages/networkx/utils/backends.py:135: RuntimeWarning: networkx backend defined more than once: nx-loopback
  backends.update(_get_backends("networkx.backends"))
/home/kxu/miniforge3/envs/sgym-hab/lib/python3.9/site-packages/networkx/utils/backends.py:135: RuntimeWarning: networkx backend defined more than once: nx-loopback
  backends.update(_get_backends("networkx.backends"))
/home/kxu/miniforge3/envs/sgym-hab/lib/python3.9/site-packages/networkx/utils/backends.py:135: RuntimeWarning: networkx backend defined more than once: nx-loopback
  backends.update(_get_backends("networkx.backends"))
/home/kxu/miniforge3/envs/sgym-hab/lib/python3.9/site-packages/networkx/utils/backends.py:135: RuntimeWarning: networkx backend defined more than once: nx-loopback
  backends.update(_get_backends("networkx.backends"))
/home/kxu/miniforge3/envs/sgym-hab/lib/python3.9/site-packages/networkx/utils/backends.py:135: RuntimeWarning: networkx backend defined more than once: nx-loopback
  backends.update(_get_backends("networkx.backends"))
/home/kxu/miniforge3/envs/sgym-hab/lib/python3.9/site-packages/networkx/utils/backends.py:135: RuntimeWarning: networkx backend defined more than once: nx-loopback
  backends.update(_get_backends("networkx.backends"))
/home/kxu/miniforge3/envs/sgym-hab/lib/python3.9/site-packages/networkx/utils/backends.py:135: RuntimeWarning: networkx backend defined more than once: nx-loopback
  backends.update(_get_backends("networkx.backends"))
/home/kxu/miniforge3/envs/sgym-hab/lib/python3.9/site-packages/networkx/utils/backends.py:135: RuntimeWarning: networkx backend defined more than once: nx-loopback
  backends.update(_get_backends("networkx.backends"))
/home/kxu/miniforge3/envs/sgym-hab/lib/python3.9/site-packages/networkx/utils/backends.py:135: RuntimeWarning: networkx backend defined more than once: nx-loopback
  backends.update(_get_backends("networkx.backends"))
/home/kxu/miniforge3/envs/sgym-hab/lib/python3.9/site-packages/networkx/utils/backends.py:135: RuntimeWarning: networkx backend defined more than once: nx-loopback
  backends.update(_get_backends("networkx.backends"))
/home/kxu/miniforge3/envs/sgym-hab/lib/python3.9/site-packages/networkx/utils/backends.py:135: RuntimeWarning: networkx backend defined more than once: nx-loopback
  backends.update(_get_backends("networkx.backends"))
/home/kxu/miniforge3/envs/sgym-hab/lib/python3.9/site-packages/networkx/utils/backends.py:135: RuntimeWarning: networkx backend defined more than once: nx-loopback
  backends.update(_get_backends("networkx.backends"))
/home/kxu/miniforge3/envs/sgym-hab/lib/python3.9/site-packages/networkx/utils/backends.py:135: RuntimeWarning: networkx backend defined more than once: nx-loopback
  backends.update(_get_backends("networkx.backends"))
/home/kxu/miniforge3/envs/sgym-hab/lib/python3.9/site-packages/networkx/utils/backends.py:135: RuntimeWarning: networkx backend defined more than once: nx-loopback
  backends.update(_get_backends("networkx.backends"))
/home/kxu/miniforge3/envs/sgym-hab/lib/python3.9/site-packages/networkx/utils/backends.py:135: RuntimeWarning: networkx backend defined more than once: nx-loopback
  backends.update(_get_backends("networkx.backends"))
INFO:__mp_main__:Worker 2: Finished collecting 256 steps.
INFO:__mp_main__:Worker 3: Finished collecting 256 steps.
INFO:__mp_main__:Worker 8: Finished collecting 256 steps.
INFO:__mp_main__:Worker 5: Finished collecting 256 steps.
INFO:__mp_main__:Worker 10: Finished collecting 256 steps.
INFO:__mp_main__:Worker 0: Finished collecting 256 steps.
INFO:__mp_main__:Worker 6: Finished collecting 256 steps.
INFO:__mp_main__:Worker 7: Finished collecting 256 steps.
INFO:__mp_main__:Worker 14: Finished collecting 256 steps.
INFO:__mp_main__:Worker 1: Finished collecting 256 steps.
INFO:__mp_main__:Worker 9: Finished collecting 256 steps.
INFO:__mp_main__:Worker 4: Finished collecting 256 steps.
INFO:__mp_main__:Worker 15: Finished collecting 256 steps.
INFO:__mp_main__:Worker 13: Finished collecting 256 steps.
INFO:__mp_main__:Worker 11: Finished collecting 256 steps.
INFO:__mp_main__:Worker 12: Finished collecting 256 steps.
INFO:__main__:Update: 130/146, Timesteps: 532480/600000, FPS: 65, Episodes: 20800, Avg Reward (Last 100): 12.46, Avg Length (Last 100): 48.84
/home/kxu/miniforge3/envs/sgym-hab/lib/python3.9/site-packages/networkx/utils/backends.py:135: RuntimeWarning: networkx backend defined more than once: nx-loopback
  backends.update(_get_backends("networkx.backends"))
/home/kxu/miniforge3/envs/sgym-hab/lib/python3.9/site-packages/networkx/utils/backends.py:135: RuntimeWarning: networkx backend defined more than once: nx-loopback
  backends.update(_get_backends("networkx.backends"))
/home/kxu/miniforge3/envs/sgym-hab/lib/python3.9/site-packages/networkx/utils/backends.py:135: RuntimeWarning: networkx backend defined more than once: nx-loopback
  backends.update(_get_backends("networkx.backends"))
/home/kxu/miniforge3/envs/sgym-hab/lib/python3.9/site-packages/networkx/utils/backends.py:135: RuntimeWarning: networkx backend defined more than once: nx-loopback
  backends.update(_get_backends("networkx.backends"))
/home/kxu/miniforge3/envs/sgym-hab/lib/python3.9/site-packages/networkx/utils/backends.py:135: RuntimeWarning: networkx backend defined more than once: nx-loopback
  backends.update(_get_backends("networkx.backends"))
/home/kxu/miniforge3/envs/sgym-hab/lib/python3.9/site-packages/networkx/utils/backends.py:135: RuntimeWarning: networkx backend defined more than once: nx-loopback
  backends.update(_get_backends("networkx.backends"))
/home/kxu/miniforge3/envs/sgym-hab/lib/python3.9/site-packages/networkx/utils/backends.py:135: RuntimeWarning: networkx backend defined more than once: nx-loopback
  backends.update(_get_backends("networkx.backends"))
/home/kxu/miniforge3/envs/sgym-hab/lib/python3.9/site-packages/networkx/utils/backends.py:135: RuntimeWarning: networkx backend defined more than once: nx-loopback
  backends.update(_get_backends("networkx.backends"))
/home/kxu/miniforge3/envs/sgym-hab/lib/python3.9/site-packages/networkx/utils/backends.py:135: RuntimeWarning: networkx backend defined more than once: nx-loopback
  backends.update(_get_backends("networkx.backends"))
/home/kxu/miniforge3/envs/sgym-hab/lib/python3.9/site-packages/networkx/utils/backends.py:135: RuntimeWarning: networkx backend defined more than once: nx-loopback
  backends.update(_get_backends("networkx.backends"))
/home/kxu/miniforge3/envs/sgym-hab/lib/python3.9/site-packages/networkx/utils/backends.py:135: RuntimeWarning: networkx backend defined more than once: nx-loopback
  backends.update(_get_backends("networkx.backends"))
/home/kxu/miniforge3/envs/sgym-hab/lib/python3.9/site-packages/networkx/utils/backends.py:135: RuntimeWarning: networkx backend defined more than once: nx-loopback
  backends.update(_get_backends("networkx.backends"))
/home/kxu/miniforge3/envs/sgym-hab/lib/python3.9/site-packages/networkx/utils/backends.py:135: RuntimeWarning: networkx backend defined more than once: nx-loopback
  backends.update(_get_backends("networkx.backends"))
/home/kxu/miniforge3/envs/sgym-hab/lib/python3.9/site-packages/networkx/utils/backends.py:135: RuntimeWarning: networkx backend defined more than once: nx-loopback
  backends.update(_get_backends("networkx.backends"))
/home/kxu/miniforge3/envs/sgym-hab/lib/python3.9/site-packages/networkx/utils/backends.py:135: RuntimeWarning: networkx backend defined more than once: nx-loopback
  backends.update(_get_backends("networkx.backends"))
/home/kxu/miniforge3/envs/sgym-hab/lib/python3.9/site-packages/networkx/utils/backends.py:135: RuntimeWarning: networkx backend defined more than once: nx-loopback
  backends.update(_get_backends("networkx.backends"))
INFO:__mp_main__:Worker 11: Finished collecting 256 steps.
INFO:__mp_main__:Worker 6: Finished collecting 256 steps.
INFO:__mp_main__:Worker 4: Finished collecting 256 steps.
INFO:__mp_main__:Worker 1: Finished collecting 256 steps.
INFO:__mp_main__:Worker 7: Finished collecting 256 steps.
INFO:__mp_main__:Worker 5: Finished collecting 256 steps.
INFO:__mp_main__:Worker 15: Finished collecting 256 steps.
INFO:__mp_main__:Worker 9: Finished collecting 256 steps.
INFO:__mp_main__:Worker 10: Finished collecting 256 steps.
INFO:__mp_main__:Worker 2: Finished collecting 256 steps.
INFO:__mp_main__:Worker 3: Finished collecting 256 steps.
INFO:__mp_main__:Worker 0: Finished collecting 256 steps.
INFO:__mp_main__:Worker 8: Finished collecting 256 steps.
INFO:__mp_main__:Worker 12: Finished collecting 256 steps.
INFO:__mp_main__:Worker 14: Finished collecting 256 steps.
INFO:__mp_main__:Worker 13: Finished collecting 256 steps.
INFO:__main__:Update: 131/146, Timesteps: 536576/600000, FPS: 65, Episodes: 20960, Avg Reward (Last 100): 11.72, Avg Length (Last 100): 48.80
/home/kxu/miniforge3/envs/sgym-hab/lib/python3.9/site-packages/networkx/utils/backends.py:135: RuntimeWarning: networkx backend defined more than once: nx-loopback
  backends.update(_get_backends("networkx.backends"))
/home/kxu/miniforge3/envs/sgym-hab/lib/python3.9/site-packages/networkx/utils/backends.py:135: RuntimeWarning: networkx backend defined more than once: nx-loopback
  backends.update(_get_backends("networkx.backends"))
/home/kxu/miniforge3/envs/sgym-hab/lib/python3.9/site-packages/networkx/utils/backends.py:135: RuntimeWarning: networkx backend defined more than once: nx-loopback
  backends.update(_get_backends("networkx.backends"))
/home/kxu/miniforge3/envs/sgym-hab/lib/python3.9/site-packages/networkx/utils/backends.py:135: RuntimeWarning: networkx backend defined more than once: nx-loopback
  backends.update(_get_backends("networkx.backends"))
/home/kxu/miniforge3/envs/sgym-hab/lib/python3.9/site-packages/networkx/utils/backends.py:135: RuntimeWarning: networkx backend defined more than once: nx-loopback
  backends.update(_get_backends("networkx.backends"))
/home/kxu/miniforge3/envs/sgym-hab/lib/python3.9/site-packages/networkx/utils/backends.py:135: RuntimeWarning: networkx backend defined more than once: nx-loopback
  backends.update(_get_backends("networkx.backends"))
/home/kxu/miniforge3/envs/sgym-hab/lib/python3.9/site-packages/networkx/utils/backends.py:135: RuntimeWarning: networkx backend defined more than once: nx-loopback
  backends.update(_get_backends("networkx.backends"))
/home/kxu/miniforge3/envs/sgym-hab/lib/python3.9/site-packages/networkx/utils/backends.py:135: RuntimeWarning: networkx backend defined more than once: nx-loopback
  backends.update(_get_backends("networkx.backends"))
/home/kxu/miniforge3/envs/sgym-hab/lib/python3.9/site-packages/networkx/utils/backends.py:135: RuntimeWarning: networkx backend defined more than once: nx-loopback
  backends.update(_get_backends("networkx.backends"))
/home/kxu/miniforge3/envs/sgym-hab/lib/python3.9/site-packages/networkx/utils/backends.py:135: RuntimeWarning: networkx backend defined more than once: nx-loopback
  backends.update(_get_backends("networkx.backends"))
/home/kxu/miniforge3/envs/sgym-hab/lib/python3.9/site-packages/networkx/utils/backends.py:135: RuntimeWarning: networkx backend defined more than once: nx-loopback
  backends.update(_get_backends("networkx.backends"))
/home/kxu/miniforge3/envs/sgym-hab/lib/python3.9/site-packages/networkx/utils/backends.py:135: RuntimeWarning: networkx backend defined more than once: nx-loopback
  backends.update(_get_backends("networkx.backends"))
/home/kxu/miniforge3/envs/sgym-hab/lib/python3.9/site-packages/networkx/utils/backends.py:135: RuntimeWarning: networkx backend defined more than once: nx-loopback
  backends.update(_get_backends("networkx.backends"))
/home/kxu/miniforge3/envs/sgym-hab/lib/python3.9/site-packages/networkx/utils/backends.py:135: RuntimeWarning: networkx backend defined more than once: nx-loopback
  backends.update(_get_backends("networkx.backends"))
/home/kxu/miniforge3/envs/sgym-hab/lib/python3.9/site-packages/networkx/utils/backends.py:135: RuntimeWarning: networkx backend defined more than once: nx-loopback
  backends.update(_get_backends("networkx.backends"))
/home/kxu/miniforge3/envs/sgym-hab/lib/python3.9/site-packages/networkx/utils/backends.py:135: RuntimeWarning: networkx backend defined more than once: nx-loopback
  backends.update(_get_backends("networkx.backends"))
INFO:__mp_main__:Worker 4: Finished collecting 256 steps.
INFO:__mp_main__:Worker 11: Finished collecting 256 steps.
INFO:__mp_main__:Worker 14: Finished collecting 256 steps.
INFO:__mp_main__:Worker 15: Finished collecting 256 steps.
INFO:__mp_main__:Worker 2: Finished collecting 256 steps.
INFO:__mp_main__:Worker 0: Finished collecting 256 steps.
INFO:__mp_main__:Worker 5: Finished collecting 256 steps.
INFO:__mp_main__:Worker 10: Finished collecting 256 steps.
INFO:__mp_main__:Worker 1: Finished collecting 256 steps.
INFO:__mp_main__:Worker 6: Finished collecting 256 steps.
INFO:__mp_main__:Worker 3: Finished collecting 256 steps.
INFO:__mp_main__:Worker 12: Finished collecting 256 steps.
INFO:__mp_main__:Worker 7: Finished collecting 256 steps.
INFO:__mp_main__:Worker 8: Finished collecting 256 steps.
INFO:__mp_main__:Worker 13: Finished collecting 256 steps.
INFO:__mp_main__:Worker 9: Finished collecting 256 steps.
INFO:__main__:Update: 132/146, Timesteps: 540672/600000, FPS: 65, Episodes: 21120, Avg Reward (Last 100): 12.01, Avg Length (Last 100): 49.00
/home/kxu/miniforge3/envs/sgym-hab/lib/python3.9/site-packages/networkx/utils/backends.py:135: RuntimeWarning: networkx backend defined more than once: nx-loopback
  backends.update(_get_backends("networkx.backends"))
/home/kxu/miniforge3/envs/sgym-hab/lib/python3.9/site-packages/networkx/utils/backends.py:135: RuntimeWarning: networkx backend defined more than once: nx-loopback
  backends.update(_get_backends("networkx.backends"))
/home/kxu/miniforge3/envs/sgym-hab/lib/python3.9/site-packages/networkx/utils/backends.py:135: RuntimeWarning: networkx backend defined more than once: nx-loopback
  backends.update(_get_backends("networkx.backends"))
/home/kxu/miniforge3/envs/sgym-hab/lib/python3.9/site-packages/networkx/utils/backends.py:135: RuntimeWarning: networkx backend defined more than once: nx-loopback
  backends.update(_get_backends("networkx.backends"))
/home/kxu/miniforge3/envs/sgym-hab/lib/python3.9/site-packages/networkx/utils/backends.py:135: RuntimeWarning: networkx backend defined more than once: nx-loopback
  backends.update(_get_backends("networkx.backends"))
/home/kxu/miniforge3/envs/sgym-hab/lib/python3.9/site-packages/networkx/utils/backends.py:135: RuntimeWarning: networkx backend defined more than once: nx-loopback
  backends.update(_get_backends("networkx.backends"))
/home/kxu/miniforge3/envs/sgym-hab/lib/python3.9/site-packages/networkx/utils/backends.py:135: RuntimeWarning: networkx backend defined more than once: nx-loopback
  backends.update(_get_backends("networkx.backends"))
/home/kxu/miniforge3/envs/sgym-hab/lib/python3.9/site-packages/networkx/utils/backends.py:135: RuntimeWarning: networkx backend defined more than once: nx-loopback
  backends.update(_get_backends("networkx.backends"))
/home/kxu/miniforge3/envs/sgym-hab/lib/python3.9/site-packages/networkx/utils/backends.py:135: RuntimeWarning: networkx backend defined more than once: nx-loopback
  backends.update(_get_backends("networkx.backends"))
/home/kxu/miniforge3/envs/sgym-hab/lib/python3.9/site-packages/networkx/utils/backends.py:135: RuntimeWarning: networkx backend defined more than once: nx-loopback
  backends.update(_get_backends("networkx.backends"))
/home/kxu/miniforge3/envs/sgym-hab/lib/python3.9/site-packages/networkx/utils/backends.py:135: RuntimeWarning: networkx backend defined more than once: nx-loopback
  backends.update(_get_backends("networkx.backends"))
/home/kxu/miniforge3/envs/sgym-hab/lib/python3.9/site-packages/networkx/utils/backends.py:135: RuntimeWarning: networkx backend defined more than once: nx-loopback
  backends.update(_get_backends("networkx.backends"))
/home/kxu/miniforge3/envs/sgym-hab/lib/python3.9/site-packages/networkx/utils/backends.py:135: RuntimeWarning: networkx backend defined more than once: nx-loopback
  backends.update(_get_backends("networkx.backends"))
/home/kxu/miniforge3/envs/sgym-hab/lib/python3.9/site-packages/networkx/utils/backends.py:135: RuntimeWarning: networkx backend defined more than once: nx-loopback
  backends.update(_get_backends("networkx.backends"))
/home/kxu/miniforge3/envs/sgym-hab/lib/python3.9/site-packages/networkx/utils/backends.py:135: RuntimeWarning: networkx backend defined more than once: nx-loopback
  backends.update(_get_backends("networkx.backends"))
/home/kxu/miniforge3/envs/sgym-hab/lib/python3.9/site-packages/networkx/utils/backends.py:135: RuntimeWarning: networkx backend defined more than once: nx-loopback
  backends.update(_get_backends("networkx.backends"))
INFO:__mp_main__:Worker 2: Finished collecting 256 steps.
INFO:__mp_main__:Worker 7: Finished collecting 256 steps.
INFO:__mp_main__:Worker 14: Finished collecting 256 steps.
INFO:__mp_main__:Worker 11: Finished collecting 256 steps.
INFO:__mp_main__:Worker 15: Finished collecting 256 steps.
INFO:__mp_main__:Worker 8: Finished collecting 256 steps.
INFO:__mp_main__:Worker 10: Finished collecting 256 steps.
INFO:__mp_main__:Worker 5: Finished collecting 256 steps.
INFO:__mp_main__:Worker 13: Finished collecting 256 steps.
INFO:__mp_main__:Worker 6: Finished collecting 256 steps.
INFO:__mp_main__:Worker 3: Finished collecting 256 steps.
INFO:__mp_main__:Worker 0: Finished collecting 256 steps.
INFO:__mp_main__:Worker 9: Finished collecting 256 steps.
INFO:__mp_main__:Worker 1: Finished collecting 256 steps.
INFO:__mp_main__:Worker 4: Finished collecting 256 steps.
INFO:__mp_main__:Worker 12: Finished collecting 256 steps.
INFO:__main__:Update: 133/146, Timesteps: 544768/600000, FPS: 65, Episodes: 21280, Avg Reward (Last 100): 12.37, Avg Length (Last 100): 48.64
/home/kxu/miniforge3/envs/sgym-hab/lib/python3.9/site-packages/networkx/utils/backends.py:135: RuntimeWarning: networkx backend defined more than once: nx-loopback
  backends.update(_get_backends("networkx.backends"))
/home/kxu/miniforge3/envs/sgym-hab/lib/python3.9/site-packages/networkx/utils/backends.py:135: RuntimeWarning: networkx backend defined more than once: nx-loopback
  backends.update(_get_backends("networkx.backends"))
/home/kxu/miniforge3/envs/sgym-hab/lib/python3.9/site-packages/networkx/utils/backends.py:135: RuntimeWarning: networkx backend defined more than once: nx-loopback
  backends.update(_get_backends("networkx.backends"))
/home/kxu/miniforge3/envs/sgym-hab/lib/python3.9/site-packages/networkx/utils/backends.py:135: RuntimeWarning: networkx backend defined more than once: nx-loopback
  backends.update(_get_backends("networkx.backends"))
/home/kxu/miniforge3/envs/sgym-hab/lib/python3.9/site-packages/networkx/utils/backends.py:135: RuntimeWarning: networkx backend defined more than once: nx-loopback
  backends.update(_get_backends("networkx.backends"))
/home/kxu/miniforge3/envs/sgym-hab/lib/python3.9/site-packages/networkx/utils/backends.py:135: RuntimeWarning: networkx backend defined more than once: nx-loopback
  backends.update(_get_backends("networkx.backends"))
/home/kxu/miniforge3/envs/sgym-hab/lib/python3.9/site-packages/networkx/utils/backends.py:135: RuntimeWarning: networkx backend defined more than once: nx-loopback
  backends.update(_get_backends("networkx.backends"))
/home/kxu/miniforge3/envs/sgym-hab/lib/python3.9/site-packages/networkx/utils/backends.py:135: RuntimeWarning: networkx backend defined more than once: nx-loopback
  backends.update(_get_backends("networkx.backends"))
/home/kxu/miniforge3/envs/sgym-hab/lib/python3.9/site-packages/networkx/utils/backends.py:135: RuntimeWarning: networkx backend defined more than once: nx-loopback
  backends.update(_get_backends("networkx.backends"))
/home/kxu/miniforge3/envs/sgym-hab/lib/python3.9/site-packages/networkx/utils/backends.py:135: RuntimeWarning: networkx backend defined more than once: nx-loopback
  backends.update(_get_backends("networkx.backends"))
/home/kxu/miniforge3/envs/sgym-hab/lib/python3.9/site-packages/networkx/utils/backends.py:135: RuntimeWarning: networkx backend defined more than once: nx-loopback
  backends.update(_get_backends("networkx.backends"))
/home/kxu/miniforge3/envs/sgym-hab/lib/python3.9/site-packages/networkx/utils/backends.py:135: RuntimeWarning: networkx backend defined more than once: nx-loopback
  backends.update(_get_backends("networkx.backends"))
/home/kxu/miniforge3/envs/sgym-hab/lib/python3.9/site-packages/networkx/utils/backends.py:135: RuntimeWarning: networkx backend defined more than once: nx-loopback
  backends.update(_get_backends("networkx.backends"))
/home/kxu/miniforge3/envs/sgym-hab/lib/python3.9/site-packages/networkx/utils/backends.py:135: RuntimeWarning: networkx backend defined more than once: nx-loopback
  backends.update(_get_backends("networkx.backends"))
/home/kxu/miniforge3/envs/sgym-hab/lib/python3.9/site-packages/networkx/utils/backends.py:135: RuntimeWarning: networkx backend defined more than once: nx-loopback
  backends.update(_get_backends("networkx.backends"))
/home/kxu/miniforge3/envs/sgym-hab/lib/python3.9/site-packages/networkx/utils/backends.py:135: RuntimeWarning: networkx backend defined more than once: nx-loopback
  backends.update(_get_backends("networkx.backends"))
INFO:__mp_main__:Worker 8: Finished collecting 256 steps.
INFO:__mp_main__:Worker 1: Finished collecting 256 steps.
INFO:__mp_main__:Worker 2: Finished collecting 256 steps.
INFO:__mp_main__:Worker 4: Finished collecting 256 steps.
INFO:__mp_main__:Worker 11: Finished collecting 256 steps.
INFO:__mp_main__:Worker 3: Finished collecting 256 steps.
INFO:__mp_main__:Worker 13: Finished collecting 256 steps.
INFO:__mp_main__:Worker 9: Finished collecting 256 steps.
INFO:__mp_main__:Worker 6: Finished collecting 256 steps.
INFO:__mp_main__:Worker 0: Finished collecting 256 steps.
INFO:__mp_main__:Worker 7: Finished collecting 256 steps.
INFO:__mp_main__:Worker 14: Finished collecting 256 steps.
INFO:__mp_main__:Worker 12: Finished collecting 256 steps.
INFO:__mp_main__:Worker 5: Finished collecting 256 steps.
INFO:__mp_main__:Worker 15: Finished collecting 256 steps.
INFO:__mp_main__:Worker 10: Finished collecting 256 steps.
INFO:__main__:Update: 134/146, Timesteps: 548864/600000, FPS: 64, Episodes: 21440, Avg Reward (Last 100): 12.27, Avg Length (Last 100): 48.90
/home/kxu/miniforge3/envs/sgym-hab/lib/python3.9/site-packages/networkx/utils/backends.py:135: RuntimeWarning: networkx backend defined more than once: nx-loopback
  backends.update(_get_backends("networkx.backends"))
/home/kxu/miniforge3/envs/sgym-hab/lib/python3.9/site-packages/networkx/utils/backends.py:135: RuntimeWarning: networkx backend defined more than once: nx-loopback
  backends.update(_get_backends("networkx.backends"))
/home/kxu/miniforge3/envs/sgym-hab/lib/python3.9/site-packages/networkx/utils/backends.py:135: RuntimeWarning: networkx backend defined more than once: nx-loopback
  backends.update(_get_backends("networkx.backends"))
/home/kxu/miniforge3/envs/sgym-hab/lib/python3.9/site-packages/networkx/utils/backends.py:135: RuntimeWarning: networkx backend defined more than once: nx-loopback
  backends.update(_get_backends("networkx.backends"))
/home/kxu/miniforge3/envs/sgym-hab/lib/python3.9/site-packages/networkx/utils/backends.py:135: RuntimeWarning: networkx backend defined more than once: nx-loopback
  backends.update(_get_backends("networkx.backends"))
/home/kxu/miniforge3/envs/sgym-hab/lib/python3.9/site-packages/networkx/utils/backends.py:135: RuntimeWarning: networkx backend defined more than once: nx-loopback
  backends.update(_get_backends("networkx.backends"))
/home/kxu/miniforge3/envs/sgym-hab/lib/python3.9/site-packages/networkx/utils/backends.py:135: RuntimeWarning: networkx backend defined more than once: nx-loopback
  backends.update(_get_backends("networkx.backends"))
/home/kxu/miniforge3/envs/sgym-hab/lib/python3.9/site-packages/networkx/utils/backends.py:135: RuntimeWarning: networkx backend defined more than once: nx-loopback
  backends.update(_get_backends("networkx.backends"))
/home/kxu/miniforge3/envs/sgym-hab/lib/python3.9/site-packages/networkx/utils/backends.py:135: RuntimeWarning: networkx backend defined more than once: nx-loopback
  backends.update(_get_backends("networkx.backends"))
/home/kxu/miniforge3/envs/sgym-hab/lib/python3.9/site-packages/networkx/utils/backends.py:135: RuntimeWarning: networkx backend defined more than once: nx-loopback
  backends.update(_get_backends("networkx.backends"))
/home/kxu/miniforge3/envs/sgym-hab/lib/python3.9/site-packages/networkx/utils/backends.py:135: RuntimeWarning: networkx backend defined more than once: nx-loopback
  backends.update(_get_backends("networkx.backends"))
/home/kxu/miniforge3/envs/sgym-hab/lib/python3.9/site-packages/networkx/utils/backends.py:135: RuntimeWarning: networkx backend defined more than once: nx-loopback
  backends.update(_get_backends("networkx.backends"))
/home/kxu/miniforge3/envs/sgym-hab/lib/python3.9/site-packages/networkx/utils/backends.py:135: RuntimeWarning: networkx backend defined more than once: nx-loopback
  backends.update(_get_backends("networkx.backends"))
/home/kxu/miniforge3/envs/sgym-hab/lib/python3.9/site-packages/networkx/utils/backends.py:135: RuntimeWarning: networkx backend defined more than once: nx-loopback
  backends.update(_get_backends("networkx.backends"))
/home/kxu/miniforge3/envs/sgym-hab/lib/python3.9/site-packages/networkx/utils/backends.py:135: RuntimeWarning: networkx backend defined more than once: nx-loopback
  backends.update(_get_backends("networkx.backends"))
/home/kxu/miniforge3/envs/sgym-hab/lib/python3.9/site-packages/networkx/utils/backends.py:135: RuntimeWarning: networkx backend defined more than once: nx-loopback
  backends.update(_get_backends("networkx.backends"))
INFO:__mp_main__:Worker 0: Finished collecting 256 steps.
INFO:__mp_main__:Worker 3: Finished collecting 256 steps.
INFO:__mp_main__:Worker 11: Finished collecting 256 steps.
INFO:__mp_main__:Worker 4: Finished collecting 256 steps.
INFO:__mp_main__:Worker 2: Finished collecting 256 steps.
INFO:__mp_main__:Worker 13: Finished collecting 256 steps.
INFO:__mp_main__:Worker 8: Finished collecting 256 steps.
INFO:__mp_main__:Worker 12: Finished collecting 256 steps.
INFO:__mp_main__:Worker 15: Finished collecting 256 steps.
INFO:__mp_main__:Worker 1: Finished collecting 256 steps.
INFO:__mp_main__:Worker 10: Finished collecting 256 steps.
INFO:__mp_main__:Worker 9: Finished collecting 256 steps.
INFO:__mp_main__:Worker 5: Finished collecting 256 steps.
INFO:__mp_main__:Worker 6: Finished collecting 256 steps.
INFO:__mp_main__:Worker 7: Finished collecting 256 steps.
INFO:__mp_main__:Worker 14: Finished collecting 256 steps.
INFO:__main__:Update: 135/146, Timesteps: 552960/600000, FPS: 65, Episodes: 21600, Avg Reward (Last 100): 12.78, Avg Length (Last 100): 49.00
/home/kxu/miniforge3/envs/sgym-hab/lib/python3.9/site-packages/networkx/utils/backends.py:135: RuntimeWarning: networkx backend defined more than once: nx-loopback
  backends.update(_get_backends("networkx.backends"))
/home/kxu/miniforge3/envs/sgym-hab/lib/python3.9/site-packages/networkx/utils/backends.py:135: RuntimeWarning: networkx backend defined more than once: nx-loopback
  backends.update(_get_backends("networkx.backends"))
/home/kxu/miniforge3/envs/sgym-hab/lib/python3.9/site-packages/networkx/utils/backends.py:135: RuntimeWarning: networkx backend defined more than once: nx-loopback
  backends.update(_get_backends("networkx.backends"))
/home/kxu/miniforge3/envs/sgym-hab/lib/python3.9/site-packages/networkx/utils/backends.py:135: RuntimeWarning: networkx backend defined more than once: nx-loopback
  backends.update(_get_backends("networkx.backends"))
/home/kxu/miniforge3/envs/sgym-hab/lib/python3.9/site-packages/networkx/utils/backends.py:135: RuntimeWarning: networkx backend defined more than once: nx-loopback
  backends.update(_get_backends("networkx.backends"))
/home/kxu/miniforge3/envs/sgym-hab/lib/python3.9/site-packages/networkx/utils/backends.py:135: RuntimeWarning: networkx backend defined more than once: nx-loopback
  backends.update(_get_backends("networkx.backends"))
/home/kxu/miniforge3/envs/sgym-hab/lib/python3.9/site-packages/networkx/utils/backends.py:135: RuntimeWarning: networkx backend defined more than once: nx-loopback
  backends.update(_get_backends("networkx.backends"))
/home/kxu/miniforge3/envs/sgym-hab/lib/python3.9/site-packages/networkx/utils/backends.py:135: RuntimeWarning: networkx backend defined more than once: nx-loopback
  backends.update(_get_backends("networkx.backends"))
/home/kxu/miniforge3/envs/sgym-hab/lib/python3.9/site-packages/networkx/utils/backends.py:135: RuntimeWarning: networkx backend defined more than once: nx-loopback
  backends.update(_get_backends("networkx.backends"))
/home/kxu/miniforge3/envs/sgym-hab/lib/python3.9/site-packages/networkx/utils/backends.py:135: RuntimeWarning: networkx backend defined more than once: nx-loopback
  backends.update(_get_backends("networkx.backends"))
/home/kxu/miniforge3/envs/sgym-hab/lib/python3.9/site-packages/networkx/utils/backends.py:135: RuntimeWarning: networkx backend defined more than once: nx-loopback
  backends.update(_get_backends("networkx.backends"))
/home/kxu/miniforge3/envs/sgym-hab/lib/python3.9/site-packages/networkx/utils/backends.py:135: RuntimeWarning: networkx backend defined more than once: nx-loopback
  backends.update(_get_backends("networkx.backends"))
/home/kxu/miniforge3/envs/sgym-hab/lib/python3.9/site-packages/networkx/utils/backends.py:135: RuntimeWarning: networkx backend defined more than once: nx-loopback
  backends.update(_get_backends("networkx.backends"))
/home/kxu/miniforge3/envs/sgym-hab/lib/python3.9/site-packages/networkx/utils/backends.py:135: RuntimeWarning: networkx backend defined more than once: nx-loopback
  backends.update(_get_backends("networkx.backends"))
/home/kxu/miniforge3/envs/sgym-hab/lib/python3.9/site-packages/networkx/utils/backends.py:135: RuntimeWarning: networkx backend defined more than once: nx-loopback
  backends.update(_get_backends("networkx.backends"))
/home/kxu/miniforge3/envs/sgym-hab/lib/python3.9/site-packages/networkx/utils/backends.py:135: RuntimeWarning: networkx backend defined more than once: nx-loopback
  backends.update(_get_backends("networkx.backends"))
INFO:__mp_main__:Worker 4: Finished collecting 256 steps.
INFO:__mp_main__:Worker 2: Finished collecting 256 steps.
INFO:__mp_main__:Worker 12: Finished collecting 256 steps.
INFO:__mp_main__:Worker 1: Finished collecting 256 steps.
INFO:__mp_main__:Worker 6: Finished collecting 256 steps.
INFO:__mp_main__:Worker 3: Finished collecting 256 steps.
INFO:__mp_main__:Worker 8: Finished collecting 256 steps.
INFO:__mp_main__:Worker 11: Finished collecting 256 steps.
INFO:__mp_main__:Worker 9: Finished collecting 256 steps.
INFO:__mp_main__:Worker 0: Finished collecting 256 steps.
INFO:__mp_main__:Worker 5: Finished collecting 256 steps.
INFO:__mp_main__:Worker 13: Finished collecting 256 steps.
INFO:__mp_main__:Worker 15: Finished collecting 256 steps.
INFO:__mp_main__:Worker 7: Finished collecting 256 steps.
INFO:__mp_main__:Worker 10: Finished collecting 256 steps.
INFO:__mp_main__:Worker 14: Finished collecting 256 steps.
INFO:__main__:Update: 136/146, Timesteps: 557056/600000, FPS: 65, Episodes: 21760, Avg Reward (Last 100): 13.11, Avg Length (Last 100): 49.00
/home/kxu/miniforge3/envs/sgym-hab/lib/python3.9/site-packages/networkx/utils/backends.py:135: RuntimeWarning: networkx backend defined more than once: nx-loopback
  backends.update(_get_backends("networkx.backends"))
/home/kxu/miniforge3/envs/sgym-hab/lib/python3.9/site-packages/networkx/utils/backends.py:135: RuntimeWarning: networkx backend defined more than once: nx-loopback
  backends.update(_get_backends("networkx.backends"))
/home/kxu/miniforge3/envs/sgym-hab/lib/python3.9/site-packages/networkx/utils/backends.py:135: RuntimeWarning: networkx backend defined more than once: nx-loopback
  backends.update(_get_backends("networkx.backends"))
/home/kxu/miniforge3/envs/sgym-hab/lib/python3.9/site-packages/networkx/utils/backends.py:135: RuntimeWarning: networkx backend defined more than once: nx-loopback
  backends.update(_get_backends("networkx.backends"))
/home/kxu/miniforge3/envs/sgym-hab/lib/python3.9/site-packages/networkx/utils/backends.py:135: RuntimeWarning: networkx backend defined more than once: nx-loopback
  backends.update(_get_backends("networkx.backends"))
/home/kxu/miniforge3/envs/sgym-hab/lib/python3.9/site-packages/networkx/utils/backends.py:135: RuntimeWarning: networkx backend defined more than once: nx-loopback
  backends.update(_get_backends("networkx.backends"))
/home/kxu/miniforge3/envs/sgym-hab/lib/python3.9/site-packages/networkx/utils/backends.py:135: RuntimeWarning: networkx backend defined more than once: nx-loopback
  backends.update(_get_backends("networkx.backends"))
/home/kxu/miniforge3/envs/sgym-hab/lib/python3.9/site-packages/networkx/utils/backends.py:135: RuntimeWarning: networkx backend defined more than once: nx-loopback
  backends.update(_get_backends("networkx.backends"))
/home/kxu/miniforge3/envs/sgym-hab/lib/python3.9/site-packages/networkx/utils/backends.py:135: RuntimeWarning: networkx backend defined more than once: nx-loopback
  backends.update(_get_backends("networkx.backends"))
/home/kxu/miniforge3/envs/sgym-hab/lib/python3.9/site-packages/networkx/utils/backends.py:135: RuntimeWarning: networkx backend defined more than once: nx-loopback
  backends.update(_get_backends("networkx.backends"))
/home/kxu/miniforge3/envs/sgym-hab/lib/python3.9/site-packages/networkx/utils/backends.py:135: RuntimeWarning: networkx backend defined more than once: nx-loopback
  backends.update(_get_backends("networkx.backends"))
/home/kxu/miniforge3/envs/sgym-hab/lib/python3.9/site-packages/networkx/utils/backends.py:135: RuntimeWarning: networkx backend defined more than once: nx-loopback
  backends.update(_get_backends("networkx.backends"))
/home/kxu/miniforge3/envs/sgym-hab/lib/python3.9/site-packages/networkx/utils/backends.py:135: RuntimeWarning: networkx backend defined more than once: nx-loopback
  backends.update(_get_backends("networkx.backends"))
/home/kxu/miniforge3/envs/sgym-hab/lib/python3.9/site-packages/networkx/utils/backends.py:135: RuntimeWarning: networkx backend defined more than once: nx-loopback
  backends.update(_get_backends("networkx.backends"))
/home/kxu/miniforge3/envs/sgym-hab/lib/python3.9/site-packages/networkx/utils/backends.py:135: RuntimeWarning: networkx backend defined more than once: nx-loopback
  backends.update(_get_backends("networkx.backends"))
/home/kxu/miniforge3/envs/sgym-hab/lib/python3.9/site-packages/networkx/utils/backends.py:135: RuntimeWarning: networkx backend defined more than once: nx-loopback
  backends.update(_get_backends("networkx.backends"))
INFO:__mp_main__:Worker 10: Finished collecting 256 steps.
INFO:__mp_main__:Worker 8: Finished collecting 256 steps.
INFO:__mp_main__:Worker 11: Finished collecting 256 steps.
INFO:__mp_main__:Worker 0: Finished collecting 256 steps.
INFO:__mp_main__:Worker 6: Finished collecting 256 steps.
INFO:__mp_main__:Worker 9: Finished collecting 256 steps.
INFO:__mp_main__:Worker 5: Finished collecting 256 steps.
INFO:__mp_main__:Worker 12: Finished collecting 256 steps.
INFO:__mp_main__:Worker 14: Finished collecting 256 steps.
INFO:__mp_main__:Worker 3: Finished collecting 256 steps.
INFO:__mp_main__:Worker 1: Finished collecting 256 steps.
INFO:__mp_main__:Worker 4: Finished collecting 256 steps.
INFO:__mp_main__:Worker 2: Finished collecting 256 steps.
INFO:__mp_main__:Worker 7: Finished collecting 256 steps.
INFO:__mp_main__:Worker 15: Finished collecting 256 steps.
INFO:__mp_main__:Worker 13: Finished collecting 256 steps.
INFO:__main__:Update: 137/146, Timesteps: 561152/600000, FPS: 65, Episodes: 21920, Avg Reward (Last 100): 13.25, Avg Length (Last 100): 48.98
/home/kxu/miniforge3/envs/sgym-hab/lib/python3.9/site-packages/networkx/utils/backends.py:135: RuntimeWarning: networkx backend defined more than once: nx-loopback
  backends.update(_get_backends("networkx.backends"))
/home/kxu/miniforge3/envs/sgym-hab/lib/python3.9/site-packages/networkx/utils/backends.py:135: RuntimeWarning: networkx backend defined more than once: nx-loopback
  backends.update(_get_backends("networkx.backends"))
/home/kxu/miniforge3/envs/sgym-hab/lib/python3.9/site-packages/networkx/utils/backends.py:135: RuntimeWarning: networkx backend defined more than once: nx-loopback
  backends.update(_get_backends("networkx.backends"))
/home/kxu/miniforge3/envs/sgym-hab/lib/python3.9/site-packages/networkx/utils/backends.py:135: RuntimeWarning: networkx backend defined more than once: nx-loopback
  backends.update(_get_backends("networkx.backends"))
/home/kxu/miniforge3/envs/sgym-hab/lib/python3.9/site-packages/networkx/utils/backends.py:135: RuntimeWarning: networkx backend defined more than once: nx-loopback
  backends.update(_get_backends("networkx.backends"))
/home/kxu/miniforge3/envs/sgym-hab/lib/python3.9/site-packages/networkx/utils/backends.py:135: RuntimeWarning: networkx backend defined more than once: nx-loopback
  backends.update(_get_backends("networkx.backends"))
/home/kxu/miniforge3/envs/sgym-hab/lib/python3.9/site-packages/networkx/utils/backends.py:135: RuntimeWarning: networkx backend defined more than once: nx-loopback
  backends.update(_get_backends("networkx.backends"))
/home/kxu/miniforge3/envs/sgym-hab/lib/python3.9/site-packages/networkx/utils/backends.py:135: RuntimeWarning: networkx backend defined more than once: nx-loopback
  backends.update(_get_backends("networkx.backends"))
/home/kxu/miniforge3/envs/sgym-hab/lib/python3.9/site-packages/networkx/utils/backends.py:135: RuntimeWarning: networkx backend defined more than once: nx-loopback
  backends.update(_get_backends("networkx.backends"))
/home/kxu/miniforge3/envs/sgym-hab/lib/python3.9/site-packages/networkx/utils/backends.py:135: RuntimeWarning: networkx backend defined more than once: nx-loopback
  backends.update(_get_backends("networkx.backends"))
/home/kxu/miniforge3/envs/sgym-hab/lib/python3.9/site-packages/networkx/utils/backends.py:135: RuntimeWarning: networkx backend defined more than once: nx-loopback
  backends.update(_get_backends("networkx.backends"))
/home/kxu/miniforge3/envs/sgym-hab/lib/python3.9/site-packages/networkx/utils/backends.py:135: RuntimeWarning: networkx backend defined more than once: nx-loopback
  backends.update(_get_backends("networkx.backends"))
/home/kxu/miniforge3/envs/sgym-hab/lib/python3.9/site-packages/networkx/utils/backends.py:135: RuntimeWarning: networkx backend defined more than once: nx-loopback
  backends.update(_get_backends("networkx.backends"))
/home/kxu/miniforge3/envs/sgym-hab/lib/python3.9/site-packages/networkx/utils/backends.py:135: RuntimeWarning: networkx backend defined more than once: nx-loopback
  backends.update(_get_backends("networkx.backends"))
/home/kxu/miniforge3/envs/sgym-hab/lib/python3.9/site-packages/networkx/utils/backends.py:135: RuntimeWarning: networkx backend defined more than once: nx-loopback
  backends.update(_get_backends("networkx.backends"))
/home/kxu/miniforge3/envs/sgym-hab/lib/python3.9/site-packages/networkx/utils/backends.py:135: RuntimeWarning: networkx backend defined more than once: nx-loopback
  backends.update(_get_backends("networkx.backends"))
INFO:__mp_main__:Worker 0: Finished collecting 256 steps.
INFO:__mp_main__:Worker 3: Finished collecting 256 steps.
INFO:__mp_main__:Worker 9: Finished collecting 256 steps.
INFO:__mp_main__:Worker 2: Finished collecting 256 steps.
INFO:__mp_main__:Worker 7: Finished collecting 256 steps.
INFO:__mp_main__:Worker 10: Finished collecting 256 steps.
INFO:__mp_main__:Worker 14: Finished collecting 256 steps.
INFO:__mp_main__:Worker 13: Finished collecting 256 steps.
INFO:__mp_main__:Worker 8: Finished collecting 256 steps.
INFO:__mp_main__:Worker 5: Finished collecting 256 steps.
INFO:__mp_main__:Worker 4: Finished collecting 256 steps.
INFO:__mp_main__:Worker 1: Finished collecting 256 steps.
INFO:__mp_main__:Worker 6: Finished collecting 256 steps.
INFO:__mp_main__:Worker 15: Finished collecting 256 steps.
INFO:__mp_main__:Worker 12: Finished collecting 256 steps.
INFO:__mp_main__:Worker 11: Finished collecting 256 steps.
INFO:__main__:Update: 138/146, Timesteps: 565248/600000, FPS: 65, Episodes: 22080, Avg Reward (Last 100): 12.87, Avg Length (Last 100): 49.00
/home/kxu/miniforge3/envs/sgym-hab/lib/python3.9/site-packages/networkx/utils/backends.py:135: RuntimeWarning: networkx backend defined more than once: nx-loopback
  backends.update(_get_backends("networkx.backends"))
/home/kxu/miniforge3/envs/sgym-hab/lib/python3.9/site-packages/networkx/utils/backends.py:135: RuntimeWarning: networkx backend defined more than once: nx-loopback
  backends.update(_get_backends("networkx.backends"))
/home/kxu/miniforge3/envs/sgym-hab/lib/python3.9/site-packages/networkx/utils/backends.py:135: RuntimeWarning: networkx backend defined more than once: nx-loopback
  backends.update(_get_backends("networkx.backends"))
/home/kxu/miniforge3/envs/sgym-hab/lib/python3.9/site-packages/networkx/utils/backends.py:135: RuntimeWarning: networkx backend defined more than once: nx-loopback
  backends.update(_get_backends("networkx.backends"))
/home/kxu/miniforge3/envs/sgym-hab/lib/python3.9/site-packages/networkx/utils/backends.py:135: RuntimeWarning: networkx backend defined more than once: nx-loopback
  backends.update(_get_backends("networkx.backends"))
/home/kxu/miniforge3/envs/sgym-hab/lib/python3.9/site-packages/networkx/utils/backends.py:135: RuntimeWarning: networkx backend defined more than once: nx-loopback
  backends.update(_get_backends("networkx.backends"))
/home/kxu/miniforge3/envs/sgym-hab/lib/python3.9/site-packages/networkx/utils/backends.py:135: RuntimeWarning: networkx backend defined more than once: nx-loopback
  backends.update(_get_backends("networkx.backends"))
/home/kxu/miniforge3/envs/sgym-hab/lib/python3.9/site-packages/networkx/utils/backends.py:135: RuntimeWarning: networkx backend defined more than once: nx-loopback
  backends.update(_get_backends("networkx.backends"))
/home/kxu/miniforge3/envs/sgym-hab/lib/python3.9/site-packages/networkx/utils/backends.py:135: RuntimeWarning: networkx backend defined more than once: nx-loopback
  backends.update(_get_backends("networkx.backends"))
/home/kxu/miniforge3/envs/sgym-hab/lib/python3.9/site-packages/networkx/utils/backends.py:135: RuntimeWarning: networkx backend defined more than once: nx-loopback
  backends.update(_get_backends("networkx.backends"))
/home/kxu/miniforge3/envs/sgym-hab/lib/python3.9/site-packages/networkx/utils/backends.py:135: RuntimeWarning: networkx backend defined more than once: nx-loopback
  backends.update(_get_backends("networkx.backends"))
/home/kxu/miniforge3/envs/sgym-hab/lib/python3.9/site-packages/networkx/utils/backends.py:135: RuntimeWarning: networkx backend defined more than once: nx-loopback
  backends.update(_get_backends("networkx.backends"))
/home/kxu/miniforge3/envs/sgym-hab/lib/python3.9/site-packages/networkx/utils/backends.py:135: RuntimeWarning: networkx backend defined more than once: nx-loopback
  backends.update(_get_backends("networkx.backends"))
/home/kxu/miniforge3/envs/sgym-hab/lib/python3.9/site-packages/networkx/utils/backends.py:135: RuntimeWarning: networkx backend defined more than once: nx-loopback
  backends.update(_get_backends("networkx.backends"))
/home/kxu/miniforge3/envs/sgym-hab/lib/python3.9/site-packages/networkx/utils/backends.py:135: RuntimeWarning: networkx backend defined more than once: nx-loopback
  backends.update(_get_backends("networkx.backends"))
/home/kxu/miniforge3/envs/sgym-hab/lib/python3.9/site-packages/networkx/utils/backends.py:135: RuntimeWarning: networkx backend defined more than once: nx-loopback
  backends.update(_get_backends("networkx.backends"))
INFO:__mp_main__:Worker 11: Finished collecting 256 steps.
INFO:__mp_main__:Worker 10: Finished collecting 256 steps.
INFO:__mp_main__:Worker 7: Finished collecting 256 steps.
INFO:__mp_main__:Worker 8: Finished collecting 256 steps.
INFO:__mp_main__:Worker 9: Finished collecting 256 steps.
INFO:__mp_main__:Worker 3: Finished collecting 256 steps.
INFO:__mp_main__:Worker 2: Finished collecting 256 steps.
INFO:__mp_main__:Worker 4: Finished collecting 256 steps.
INFO:__mp_main__:Worker 5: Finished collecting 256 steps.
INFO:__mp_main__:Worker 13: Finished collecting 256 steps.
INFO:__mp_main__:Worker 12: Finished collecting 256 steps.
INFO:__mp_main__:Worker 15: Finished collecting 256 steps.
INFO:__mp_main__:Worker 0: Finished collecting 256 steps.
INFO:__mp_main__:Worker 1: Finished collecting 256 steps.
INFO:__mp_main__:Worker 6: Finished collecting 256 steps.
INFO:__mp_main__:Worker 14: Finished collecting 256 steps.
INFO:__main__:Update: 139/146, Timesteps: 569344/600000, FPS: 65, Episodes: 22240, Avg Reward (Last 100): 12.94, Avg Length (Last 100): 49.00
/home/kxu/miniforge3/envs/sgym-hab/lib/python3.9/site-packages/networkx/utils/backends.py:135: RuntimeWarning: networkx backend defined more than once: nx-loopback
  backends.update(_get_backends("networkx.backends"))
/home/kxu/miniforge3/envs/sgym-hab/lib/python3.9/site-packages/networkx/utils/backends.py:135: RuntimeWarning: networkx backend defined more than once: nx-loopback
  backends.update(_get_backends("networkx.backends"))
/home/kxu/miniforge3/envs/sgym-hab/lib/python3.9/site-packages/networkx/utils/backends.py:135: RuntimeWarning: networkx backend defined more than once: nx-loopback
  backends.update(_get_backends("networkx.backends"))
/home/kxu/miniforge3/envs/sgym-hab/lib/python3.9/site-packages/networkx/utils/backends.py:135: RuntimeWarning: networkx backend defined more than once: nx-loopback
  backends.update(_get_backends("networkx.backends"))
/home/kxu/miniforge3/envs/sgym-hab/lib/python3.9/site-packages/networkx/utils/backends.py:135: RuntimeWarning: networkx backend defined more than once: nx-loopback
  backends.update(_get_backends("networkx.backends"))
/home/kxu/miniforge3/envs/sgym-hab/lib/python3.9/site-packages/networkx/utils/backends.py:135: RuntimeWarning: networkx backend defined more than once: nx-loopback
  backends.update(_get_backends("networkx.backends"))
/home/kxu/miniforge3/envs/sgym-hab/lib/python3.9/site-packages/networkx/utils/backends.py:135: RuntimeWarning: networkx backend defined more than once: nx-loopback
  backends.update(_get_backends("networkx.backends"))
/home/kxu/miniforge3/envs/sgym-hab/lib/python3.9/site-packages/networkx/utils/backends.py:135: RuntimeWarning: networkx backend defined more than once: nx-loopback
  backends.update(_get_backends("networkx.backends"))
/home/kxu/miniforge3/envs/sgym-hab/lib/python3.9/site-packages/networkx/utils/backends.py:135: RuntimeWarning: networkx backend defined more than once: nx-loopback
  backends.update(_get_backends("networkx.backends"))
/home/kxu/miniforge3/envs/sgym-hab/lib/python3.9/site-packages/networkx/utils/backends.py:135: RuntimeWarning: networkx backend defined more than once: nx-loopback
  backends.update(_get_backends("networkx.backends"))
/home/kxu/miniforge3/envs/sgym-hab/lib/python3.9/site-packages/networkx/utils/backends.py:135: RuntimeWarning: networkx backend defined more than once: nx-loopback
  backends.update(_get_backends("networkx.backends"))
/home/kxu/miniforge3/envs/sgym-hab/lib/python3.9/site-packages/networkx/utils/backends.py:135: RuntimeWarning: networkx backend defined more than once: nx-loopback
  backends.update(_get_backends("networkx.backends"))
/home/kxu/miniforge3/envs/sgym-hab/lib/python3.9/site-packages/networkx/utils/backends.py:135: RuntimeWarning: networkx backend defined more than once: nx-loopback
  backends.update(_get_backends("networkx.backends"))
/home/kxu/miniforge3/envs/sgym-hab/lib/python3.9/site-packages/networkx/utils/backends.py:135: RuntimeWarning: networkx backend defined more than once: nx-loopback
  backends.update(_get_backends("networkx.backends"))
/home/kxu/miniforge3/envs/sgym-hab/lib/python3.9/site-packages/networkx/utils/backends.py:135: RuntimeWarning: networkx backend defined more than once: nx-loopback
  backends.update(_get_backends("networkx.backends"))
/home/kxu/miniforge3/envs/sgym-hab/lib/python3.9/site-packages/networkx/utils/backends.py:135: RuntimeWarning: networkx backend defined more than once: nx-loopback
  backends.update(_get_backends("networkx.backends"))
INFO:__mp_main__:Worker 1: Finished collecting 256 steps.
INFO:__mp_main__:Worker 2: Finished collecting 256 steps.
INFO:__mp_main__:Worker 14: Finished collecting 256 steps.
INFO:__mp_main__:Worker 6: Finished collecting 256 steps.
INFO:__mp_main__:Worker 4: Finished collecting 256 steps.
INFO:__mp_main__:Worker 3: Finished collecting 256 steps.
INFO:__mp_main__:Worker 11: Finished collecting 256 steps.
INFO:__mp_main__:Worker 5: Finished collecting 256 steps.
INFO:__mp_main__:Worker 12: Finished collecting 256 steps.
INFO:__mp_main__:Worker 8: Finished collecting 256 steps.
INFO:__mp_main__:Worker 9: Finished collecting 256 steps.
INFO:__mp_main__:Worker 13: Finished collecting 256 steps.
INFO:__mp_main__:Worker 7: Finished collecting 256 steps.
INFO:__mp_main__:Worker 0: Finished collecting 256 steps.
INFO:__mp_main__:Worker 10: Finished collecting 256 steps.
INFO:__mp_main__:Worker 15: Finished collecting 256 steps.
INFO:__main__:Update: 140/146, Timesteps: 573440/600000, FPS: 65, Episodes: 22400, Avg Reward (Last 100): 12.38, Avg Length (Last 100): 48.56
/home/kxu/miniforge3/envs/sgym-hab/lib/python3.9/site-packages/networkx/utils/backends.py:135: RuntimeWarning: networkx backend defined more than once: nx-loopback
  backends.update(_get_backends("networkx.backends"))
/home/kxu/miniforge3/envs/sgym-hab/lib/python3.9/site-packages/networkx/utils/backends.py:135: RuntimeWarning: networkx backend defined more than once: nx-loopback
  backends.update(_get_backends("networkx.backends"))
/home/kxu/miniforge3/envs/sgym-hab/lib/python3.9/site-packages/networkx/utils/backends.py:135: RuntimeWarning: networkx backend defined more than once: nx-loopback
  backends.update(_get_backends("networkx.backends"))
/home/kxu/miniforge3/envs/sgym-hab/lib/python3.9/site-packages/networkx/utils/backends.py:135: RuntimeWarning: networkx backend defined more than once: nx-loopback
  backends.update(_get_backends("networkx.backends"))
/home/kxu/miniforge3/envs/sgym-hab/lib/python3.9/site-packages/networkx/utils/backends.py:135: RuntimeWarning: networkx backend defined more than once: nx-loopback
  backends.update(_get_backends("networkx.backends"))
/home/kxu/miniforge3/envs/sgym-hab/lib/python3.9/site-packages/networkx/utils/backends.py:135: RuntimeWarning: networkx backend defined more than once: nx-loopback
  backends.update(_get_backends("networkx.backends"))
/home/kxu/miniforge3/envs/sgym-hab/lib/python3.9/site-packages/networkx/utils/backends.py:135: RuntimeWarning: networkx backend defined more than once: nx-loopback
  backends.update(_get_backends("networkx.backends"))
/home/kxu/miniforge3/envs/sgym-hab/lib/python3.9/site-packages/networkx/utils/backends.py:135: RuntimeWarning: networkx backend defined more than once: nx-loopback
  backends.update(_get_backends("networkx.backends"))
/home/kxu/miniforge3/envs/sgym-hab/lib/python3.9/site-packages/networkx/utils/backends.py:135: RuntimeWarning: networkx backend defined more than once: nx-loopback
  backends.update(_get_backends("networkx.backends"))
/home/kxu/miniforge3/envs/sgym-hab/lib/python3.9/site-packages/networkx/utils/backends.py:135: RuntimeWarning: networkx backend defined more than once: nx-loopback
  backends.update(_get_backends("networkx.backends"))
/home/kxu/miniforge3/envs/sgym-hab/lib/python3.9/site-packages/networkx/utils/backends.py:135: RuntimeWarning: networkx backend defined more than once: nx-loopback
  backends.update(_get_backends("networkx.backends"))
/home/kxu/miniforge3/envs/sgym-hab/lib/python3.9/site-packages/networkx/utils/backends.py:135: RuntimeWarning: networkx backend defined more than once: nx-loopback
  backends.update(_get_backends("networkx.backends"))
/home/kxu/miniforge3/envs/sgym-hab/lib/python3.9/site-packages/networkx/utils/backends.py:135: RuntimeWarning: networkx backend defined more than once: nx-loopback
  backends.update(_get_backends("networkx.backends"))
/home/kxu/miniforge3/envs/sgym-hab/lib/python3.9/site-packages/networkx/utils/backends.py:135: RuntimeWarning: networkx backend defined more than once: nx-loopback
  backends.update(_get_backends("networkx.backends"))
/home/kxu/miniforge3/envs/sgym-hab/lib/python3.9/site-packages/networkx/utils/backends.py:135: RuntimeWarning: networkx backend defined more than once: nx-loopback
  backends.update(_get_backends("networkx.backends"))
/home/kxu/miniforge3/envs/sgym-hab/lib/python3.9/site-packages/networkx/utils/backends.py:135: RuntimeWarning: networkx backend defined more than once: nx-loopback
  backends.update(_get_backends("networkx.backends"))
INFO:__mp_main__:Worker 11: Finished collecting 256 steps.
INFO:__mp_main__:Worker 5: Finished collecting 256 steps.
INFO:__mp_main__:Worker 7: Finished collecting 256 steps.
INFO:__mp_main__:Worker 1: Finished collecting 256 steps.
INFO:__mp_main__:Worker 3: Finished collecting 256 steps.
INFO:__mp_main__:Worker 2: Finished collecting 256 steps.
INFO:__mp_main__:Worker 4: Finished collecting 256 steps.
INFO:__mp_main__:Worker 14: Finished collecting 256 steps.
INFO:__mp_main__:Worker 6: Finished collecting 256 steps.
INFO:__mp_main__:Worker 10: Finished collecting 256 steps.
INFO:__mp_main__:Worker 9: Finished collecting 256 steps.
INFO:__mp_main__:Worker 0: Finished collecting 256 steps.
INFO:__mp_main__:Worker 12: Finished collecting 256 steps.
INFO:__mp_main__:Worker 8: Finished collecting 256 steps.
INFO:__mp_main__:Worker 13: Finished collecting 256 steps.
INFO:__mp_main__:Worker 15: Finished collecting 256 steps.
INFO:__main__:Update: 141/146, Timesteps: 577536/600000, FPS: 65, Episodes: 22560, Avg Reward (Last 100): 12.33, Avg Length (Last 100): 48.30
/home/kxu/miniforge3/envs/sgym-hab/lib/python3.9/site-packages/networkx/utils/backends.py:135: RuntimeWarning: networkx backend defined more than once: nx-loopback
  backends.update(_get_backends("networkx.backends"))
/home/kxu/miniforge3/envs/sgym-hab/lib/python3.9/site-packages/networkx/utils/backends.py:135: RuntimeWarning: networkx backend defined more than once: nx-loopback
  backends.update(_get_backends("networkx.backends"))
/home/kxu/miniforge3/envs/sgym-hab/lib/python3.9/site-packages/networkx/utils/backends.py:135: RuntimeWarning: networkx backend defined more than once: nx-loopback
  backends.update(_get_backends("networkx.backends"))
/home/kxu/miniforge3/envs/sgym-hab/lib/python3.9/site-packages/networkx/utils/backends.py:135: RuntimeWarning: networkx backend defined more than once: nx-loopback
  backends.update(_get_backends("networkx.backends"))
/home/kxu/miniforge3/envs/sgym-hab/lib/python3.9/site-packages/networkx/utils/backends.py:135: RuntimeWarning: networkx backend defined more than once: nx-loopback
  backends.update(_get_backends("networkx.backends"))
/home/kxu/miniforge3/envs/sgym-hab/lib/python3.9/site-packages/networkx/utils/backends.py:135: RuntimeWarning: networkx backend defined more than once: nx-loopback
  backends.update(_get_backends("networkx.backends"))
/home/kxu/miniforge3/envs/sgym-hab/lib/python3.9/site-packages/networkx/utils/backends.py:135: RuntimeWarning: networkx backend defined more than once: nx-loopback
  backends.update(_get_backends("networkx.backends"))
/home/kxu/miniforge3/envs/sgym-hab/lib/python3.9/site-packages/networkx/utils/backends.py:135: RuntimeWarning: networkx backend defined more than once: nx-loopback
  backends.update(_get_backends("networkx.backends"))
/home/kxu/miniforge3/envs/sgym-hab/lib/python3.9/site-packages/networkx/utils/backends.py:135: RuntimeWarning: networkx backend defined more than once: nx-loopback
  backends.update(_get_backends("networkx.backends"))
/home/kxu/miniforge3/envs/sgym-hab/lib/python3.9/site-packages/networkx/utils/backends.py:135: RuntimeWarning: networkx backend defined more than once: nx-loopback
  backends.update(_get_backends("networkx.backends"))
/home/kxu/miniforge3/envs/sgym-hab/lib/python3.9/site-packages/networkx/utils/backends.py:135: RuntimeWarning: networkx backend defined more than once: nx-loopback
  backends.update(_get_backends("networkx.backends"))
/home/kxu/miniforge3/envs/sgym-hab/lib/python3.9/site-packages/networkx/utils/backends.py:135: RuntimeWarning: networkx backend defined more than once: nx-loopback
  backends.update(_get_backends("networkx.backends"))
/home/kxu/miniforge3/envs/sgym-hab/lib/python3.9/site-packages/networkx/utils/backends.py:135: RuntimeWarning: networkx backend defined more than once: nx-loopback
  backends.update(_get_backends("networkx.backends"))
/home/kxu/miniforge3/envs/sgym-hab/lib/python3.9/site-packages/networkx/utils/backends.py:135: RuntimeWarning: networkx backend defined more than once: nx-loopback
  backends.update(_get_backends("networkx.backends"))
/home/kxu/miniforge3/envs/sgym-hab/lib/python3.9/site-packages/networkx/utils/backends.py:135: RuntimeWarning: networkx backend defined more than once: nx-loopback
  backends.update(_get_backends("networkx.backends"))
/home/kxu/miniforge3/envs/sgym-hab/lib/python3.9/site-packages/networkx/utils/backends.py:135: RuntimeWarning: networkx backend defined more than once: nx-loopback
  backends.update(_get_backends("networkx.backends"))
INFO:__mp_main__:Worker 15: Finished collecting 256 steps.
INFO:__mp_main__:Worker 10: Finished collecting 256 steps.
INFO:__mp_main__:Worker 11: Finished collecting 256 steps.
INFO:__mp_main__:Worker 2: Finished collecting 256 steps.
INFO:__mp_main__:Worker 5: Finished collecting 256 steps.
INFO:__mp_main__:Worker 13: Finished collecting 256 steps.
INFO:__mp_main__:Worker 1: Finished collecting 256 steps.
INFO:__mp_main__:Worker 3: Finished collecting 256 steps.
INFO:__mp_main__:Worker 14: Finished collecting 256 steps.
INFO:__mp_main__:Worker 0: Finished collecting 256 steps.
INFO:__mp_main__:Worker 4: Finished collecting 256 steps.
INFO:__mp_main__:Worker 9: Finished collecting 256 steps.
INFO:__mp_main__:Worker 12: Finished collecting 256 steps.
INFO:__mp_main__:Worker 7: Finished collecting 256 steps.
INFO:__mp_main__:Worker 6: Finished collecting 256 steps.
INFO:__mp_main__:Worker 8: Finished collecting 256 steps.
INFO:__main__:Update: 142/146, Timesteps: 581632/600000, FPS: 65, Episodes: 22720, Avg Reward (Last 100): 13.33, Avg Length (Last 100): 49.00
/home/kxu/miniforge3/envs/sgym-hab/lib/python3.9/site-packages/networkx/utils/backends.py:135: RuntimeWarning: networkx backend defined more than once: nx-loopback
  backends.update(_get_backends("networkx.backends"))
/home/kxu/miniforge3/envs/sgym-hab/lib/python3.9/site-packages/networkx/utils/backends.py:135: RuntimeWarning: networkx backend defined more than once: nx-loopback
  backends.update(_get_backends("networkx.backends"))
/home/kxu/miniforge3/envs/sgym-hab/lib/python3.9/site-packages/networkx/utils/backends.py:135: RuntimeWarning: networkx backend defined more than once: nx-loopback
  backends.update(_get_backends("networkx.backends"))
/home/kxu/miniforge3/envs/sgym-hab/lib/python3.9/site-packages/networkx/utils/backends.py:135: RuntimeWarning: networkx backend defined more than once: nx-loopback
  backends.update(_get_backends("networkx.backends"))
/home/kxu/miniforge3/envs/sgym-hab/lib/python3.9/site-packages/networkx/utils/backends.py:135: RuntimeWarning: networkx backend defined more than once: nx-loopback
  backends.update(_get_backends("networkx.backends"))
/home/kxu/miniforge3/envs/sgym-hab/lib/python3.9/site-packages/networkx/utils/backends.py:135: RuntimeWarning: networkx backend defined more than once: nx-loopback
  backends.update(_get_backends("networkx.backends"))
/home/kxu/miniforge3/envs/sgym-hab/lib/python3.9/site-packages/networkx/utils/backends.py:135: RuntimeWarning: networkx backend defined more than once: nx-loopback
  backends.update(_get_backends("networkx.backends"))
/home/kxu/miniforge3/envs/sgym-hab/lib/python3.9/site-packages/networkx/utils/backends.py:135: RuntimeWarning: networkx backend defined more than once: nx-loopback
  backends.update(_get_backends("networkx.backends"))
/home/kxu/miniforge3/envs/sgym-hab/lib/python3.9/site-packages/networkx/utils/backends.py:135: RuntimeWarning: networkx backend defined more than once: nx-loopback
  backends.update(_get_backends("networkx.backends"))
/home/kxu/miniforge3/envs/sgym-hab/lib/python3.9/site-packages/networkx/utils/backends.py:135: RuntimeWarning: networkx backend defined more than once: nx-loopback
  backends.update(_get_backends("networkx.backends"))
/home/kxu/miniforge3/envs/sgym-hab/lib/python3.9/site-packages/networkx/utils/backends.py:135: RuntimeWarning: networkx backend defined more than once: nx-loopback
  backends.update(_get_backends("networkx.backends"))
/home/kxu/miniforge3/envs/sgym-hab/lib/python3.9/site-packages/networkx/utils/backends.py:135: RuntimeWarning: networkx backend defined more than once: nx-loopback
  backends.update(_get_backends("networkx.backends"))
/home/kxu/miniforge3/envs/sgym-hab/lib/python3.9/site-packages/networkx/utils/backends.py:135: RuntimeWarning: networkx backend defined more than once: nx-loopback
  backends.update(_get_backends("networkx.backends"))
/home/kxu/miniforge3/envs/sgym-hab/lib/python3.9/site-packages/networkx/utils/backends.py:135: RuntimeWarning: networkx backend defined more than once: nx-loopback
  backends.update(_get_backends("networkx.backends"))
/home/kxu/miniforge3/envs/sgym-hab/lib/python3.9/site-packages/networkx/utils/backends.py:135: RuntimeWarning: networkx backend defined more than once: nx-loopback
  backends.update(_get_backends("networkx.backends"))
/home/kxu/miniforge3/envs/sgym-hab/lib/python3.9/site-packages/networkx/utils/backends.py:135: RuntimeWarning: networkx backend defined more than once: nx-loopback
  backends.update(_get_backends("networkx.backends"))
INFO:__mp_main__:Worker 5: Finished collecting 256 steps.
INFO:__mp_main__:Worker 8: Finished collecting 256 steps.
INFO:__mp_main__:Worker 7: Finished collecting 256 steps.
INFO:__mp_main__:Worker 1: Finished collecting 256 steps.
INFO:__mp_main__:Worker 6: Finished collecting 256 steps.
INFO:__mp_main__:Worker 2: Finished collecting 256 steps.
INFO:__mp_main__:Worker 3: Finished collecting 256 steps.
INFO:__mp_main__:Worker 15: Finished collecting 256 steps.
INFO:__mp_main__:Worker 0: Finished collecting 256 steps.
INFO:__mp_main__:Worker 4: Finished collecting 256 steps.
INFO:__mp_main__:Worker 11: Finished collecting 256 steps.
INFO:__mp_main__:Worker 10: Finished collecting 256 steps.
INFO:__mp_main__:Worker 13: Finished collecting 256 steps.
INFO:__mp_main__:Worker 9: Finished collecting 256 steps.
INFO:__mp_main__:Worker 12: Finished collecting 256 steps.
INFO:__mp_main__:Worker 14: Finished collecting 256 steps.
INFO:__main__:Update: 143/146, Timesteps: 585728/600000, FPS: 65, Episodes: 22880, Avg Reward (Last 100): 12.43, Avg Length (Last 100): 48.66
/home/kxu/miniforge3/envs/sgym-hab/lib/python3.9/site-packages/networkx/utils/backends.py:135: RuntimeWarning: networkx backend defined more than once: nx-loopback
  backends.update(_get_backends("networkx.backends"))
/home/kxu/miniforge3/envs/sgym-hab/lib/python3.9/site-packages/networkx/utils/backends.py:135: RuntimeWarning: networkx backend defined more than once: nx-loopback
  backends.update(_get_backends("networkx.backends"))
/home/kxu/miniforge3/envs/sgym-hab/lib/python3.9/site-packages/networkx/utils/backends.py:135: RuntimeWarning: networkx backend defined more than once: nx-loopback
  backends.update(_get_backends("networkx.backends"))
/home/kxu/miniforge3/envs/sgym-hab/lib/python3.9/site-packages/networkx/utils/backends.py:135: RuntimeWarning: networkx backend defined more than once: nx-loopback
  backends.update(_get_backends("networkx.backends"))
/home/kxu/miniforge3/envs/sgym-hab/lib/python3.9/site-packages/networkx/utils/backends.py:135: RuntimeWarning: networkx backend defined more than once: nx-loopback
  backends.update(_get_backends("networkx.backends"))
/home/kxu/miniforge3/envs/sgym-hab/lib/python3.9/site-packages/networkx/utils/backends.py:135: RuntimeWarning: networkx backend defined more than once: nx-loopback
  backends.update(_get_backends("networkx.backends"))
/home/kxu/miniforge3/envs/sgym-hab/lib/python3.9/site-packages/networkx/utils/backends.py:135: RuntimeWarning: networkx backend defined more than once: nx-loopback
  backends.update(_get_backends("networkx.backends"))
/home/kxu/miniforge3/envs/sgym-hab/lib/python3.9/site-packages/networkx/utils/backends.py:135: RuntimeWarning: networkx backend defined more than once: nx-loopback
  backends.update(_get_backends("networkx.backends"))
/home/kxu/miniforge3/envs/sgym-hab/lib/python3.9/site-packages/networkx/utils/backends.py:135: RuntimeWarning: networkx backend defined more than once: nx-loopback
  backends.update(_get_backends("networkx.backends"))
/home/kxu/miniforge3/envs/sgym-hab/lib/python3.9/site-packages/networkx/utils/backends.py:135: RuntimeWarning: networkx backend defined more than once: nx-loopback
  backends.update(_get_backends("networkx.backends"))
/home/kxu/miniforge3/envs/sgym-hab/lib/python3.9/site-packages/networkx/utils/backends.py:135: RuntimeWarning: networkx backend defined more than once: nx-loopback
  backends.update(_get_backends("networkx.backends"))
/home/kxu/miniforge3/envs/sgym-hab/lib/python3.9/site-packages/networkx/utils/backends.py:135: RuntimeWarning: networkx backend defined more than once: nx-loopback
  backends.update(_get_backends("networkx.backends"))
/home/kxu/miniforge3/envs/sgym-hab/lib/python3.9/site-packages/networkx/utils/backends.py:135: RuntimeWarning: networkx backend defined more than once: nx-loopback
  backends.update(_get_backends("networkx.backends"))
/home/kxu/miniforge3/envs/sgym-hab/lib/python3.9/site-packages/networkx/utils/backends.py:135: RuntimeWarning: networkx backend defined more than once: nx-loopback
  backends.update(_get_backends("networkx.backends"))
/home/kxu/miniforge3/envs/sgym-hab/lib/python3.9/site-packages/networkx/utils/backends.py:135: RuntimeWarning: networkx backend defined more than once: nx-loopback
  backends.update(_get_backends("networkx.backends"))
/home/kxu/miniforge3/envs/sgym-hab/lib/python3.9/site-packages/networkx/utils/backends.py:135: RuntimeWarning: networkx backend defined more than once: nx-loopback
  backends.update(_get_backends("networkx.backends"))
INFO:__mp_main__:Worker 3: Finished collecting 256 steps.
INFO:__mp_main__:Worker 2: Finished collecting 256 steps.
INFO:__mp_main__:Worker 4: Finished collecting 256 steps.
INFO:__mp_main__:Worker 6: Finished collecting 256 steps.
INFO:__mp_main__:Worker 0: Finished collecting 256 steps.
INFO:__mp_main__:Worker 8: Finished collecting 256 steps.
INFO:__mp_main__:Worker 7: Finished collecting 256 steps.
INFO:__mp_main__:Worker 9: Finished collecting 256 steps.
INFO:__mp_main__:Worker 5: Finished collecting 256 steps.
INFO:__mp_main__:Worker 10: Finished collecting 256 steps.
INFO:__mp_main__:Worker 14: Finished collecting 256 steps.
INFO:__mp_main__:Worker 1: Finished collecting 256 steps.
INFO:__mp_main__:Worker 12: Finished collecting 256 steps.
INFO:__mp_main__:Worker 13: Finished collecting 256 steps.
INFO:__mp_main__:Worker 15: Finished collecting 256 steps.
INFO:__mp_main__:Worker 11: Finished collecting 256 steps.
INFO:__main__:Update: 144/146, Timesteps: 589824/600000, FPS: 65, Episodes: 23040, Avg Reward (Last 100): 13.99, Avg Length (Last 100): 49.00
/home/kxu/miniforge3/envs/sgym-hab/lib/python3.9/site-packages/networkx/utils/backends.py:135: RuntimeWarning: networkx backend defined more than once: nx-loopback
  backends.update(_get_backends("networkx.backends"))
/home/kxu/miniforge3/envs/sgym-hab/lib/python3.9/site-packages/networkx/utils/backends.py:135: RuntimeWarning: networkx backend defined more than once: nx-loopback
  backends.update(_get_backends("networkx.backends"))
/home/kxu/miniforge3/envs/sgym-hab/lib/python3.9/site-packages/networkx/utils/backends.py:135: RuntimeWarning: networkx backend defined more than once: nx-loopback
  backends.update(_get_backends("networkx.backends"))
/home/kxu/miniforge3/envs/sgym-hab/lib/python3.9/site-packages/networkx/utils/backends.py:135: RuntimeWarning: networkx backend defined more than once: nx-loopback
  backends.update(_get_backends("networkx.backends"))
/home/kxu/miniforge3/envs/sgym-hab/lib/python3.9/site-packages/networkx/utils/backends.py:135: RuntimeWarning: networkx backend defined more than once: nx-loopback
  backends.update(_get_backends("networkx.backends"))
/home/kxu/miniforge3/envs/sgym-hab/lib/python3.9/site-packages/networkx/utils/backends.py:135: RuntimeWarning: networkx backend defined more than once: nx-loopback
  backends.update(_get_backends("networkx.backends"))
/home/kxu/miniforge3/envs/sgym-hab/lib/python3.9/site-packages/networkx/utils/backends.py:135: RuntimeWarning: networkx backend defined more than once: nx-loopback
  backends.update(_get_backends("networkx.backends"))
/home/kxu/miniforge3/envs/sgym-hab/lib/python3.9/site-packages/networkx/utils/backends.py:135: RuntimeWarning: networkx backend defined more than once: nx-loopback
  backends.update(_get_backends("networkx.backends"))
/home/kxu/miniforge3/envs/sgym-hab/lib/python3.9/site-packages/networkx/utils/backends.py:135: RuntimeWarning: networkx backend defined more than once: nx-loopback
  backends.update(_get_backends("networkx.backends"))
/home/kxu/miniforge3/envs/sgym-hab/lib/python3.9/site-packages/networkx/utils/backends.py:135: RuntimeWarning: networkx backend defined more than once: nx-loopback
  backends.update(_get_backends("networkx.backends"))
/home/kxu/miniforge3/envs/sgym-hab/lib/python3.9/site-packages/networkx/utils/backends.py:135: RuntimeWarning: networkx backend defined more than once: nx-loopback
  backends.update(_get_backends("networkx.backends"))
/home/kxu/miniforge3/envs/sgym-hab/lib/python3.9/site-packages/networkx/utils/backends.py:135: RuntimeWarning: networkx backend defined more than once: nx-loopback
  backends.update(_get_backends("networkx.backends"))
/home/kxu/miniforge3/envs/sgym-hab/lib/python3.9/site-packages/networkx/utils/backends.py:135: RuntimeWarning: networkx backend defined more than once: nx-loopback
  backends.update(_get_backends("networkx.backends"))
/home/kxu/miniforge3/envs/sgym-hab/lib/python3.9/site-packages/networkx/utils/backends.py:135: RuntimeWarning: networkx backend defined more than once: nx-loopback
  backends.update(_get_backends("networkx.backends"))
/home/kxu/miniforge3/envs/sgym-hab/lib/python3.9/site-packages/networkx/utils/backends.py:135: RuntimeWarning: networkx backend defined more than once: nx-loopback
  backends.update(_get_backends("networkx.backends"))
/home/kxu/miniforge3/envs/sgym-hab/lib/python3.9/site-packages/networkx/utils/backends.py:135: RuntimeWarning: networkx backend defined more than once: nx-loopback
  backends.update(_get_backends("networkx.backends"))
INFO:__mp_main__:Worker 0: Finished collecting 256 steps.
INFO:__mp_main__:Worker 7: Finished collecting 256 steps.
INFO:__mp_main__:Worker 11: Finished collecting 256 steps.
INFO:__mp_main__:Worker 2: Finished collecting 256 steps.
INFO:__mp_main__:Worker 8: Finished collecting 256 steps.
INFO:__mp_main__:Worker 13: Finished collecting 256 steps.
INFO:__mp_main__:Worker 14: Finished collecting 256 steps.
INFO:__mp_main__:Worker 3: Finished collecting 256 steps.
INFO:__mp_main__:Worker 1: Finished collecting 256 steps.
INFO:__mp_main__:Worker 9: Finished collecting 256 steps.
INFO:__mp_main__:Worker 4: Finished collecting 256 steps.
INFO:__mp_main__:Worker 10: Finished collecting 256 steps.
INFO:__mp_main__:Worker 6: Finished collecting 256 steps.
INFO:__mp_main__:Worker 5: Finished collecting 256 steps.
INFO:__mp_main__:Worker 15: Finished collecting 256 steps.
INFO:__mp_main__:Worker 12: Finished collecting 256 steps.
INFO:__main__:Update: 145/146, Timesteps: 593920/600000, FPS: 65, Episodes: 23200, Avg Reward (Last 100): 12.37, Avg Length (Last 100): 48.32
/home/kxu/miniforge3/envs/sgym-hab/lib/python3.9/site-packages/networkx/utils/backends.py:135: RuntimeWarning: networkx backend defined more than once: nx-loopback
  backends.update(_get_backends("networkx.backends"))
/home/kxu/miniforge3/envs/sgym-hab/lib/python3.9/site-packages/networkx/utils/backends.py:135: RuntimeWarning: networkx backend defined more than once: nx-loopback
  backends.update(_get_backends("networkx.backends"))
/home/kxu/miniforge3/envs/sgym-hab/lib/python3.9/site-packages/networkx/utils/backends.py:135: RuntimeWarning: networkx backend defined more than once: nx-loopback
  backends.update(_get_backends("networkx.backends"))
/home/kxu/miniforge3/envs/sgym-hab/lib/python3.9/site-packages/networkx/utils/backends.py:135: RuntimeWarning: networkx backend defined more than once: nx-loopback
  backends.update(_get_backends("networkx.backends"))
/home/kxu/miniforge3/envs/sgym-hab/lib/python3.9/site-packages/networkx/utils/backends.py:135: RuntimeWarning: networkx backend defined more than once: nx-loopback
  backends.update(_get_backends("networkx.backends"))
/home/kxu/miniforge3/envs/sgym-hab/lib/python3.9/site-packages/networkx/utils/backends.py:135: RuntimeWarning: networkx backend defined more than once: nx-loopback
  backends.update(_get_backends("networkx.backends"))
/home/kxu/miniforge3/envs/sgym-hab/lib/python3.9/site-packages/networkx/utils/backends.py:135: RuntimeWarning: networkx backend defined more than once: nx-loopback
  backends.update(_get_backends("networkx.backends"))
/home/kxu/miniforge3/envs/sgym-hab/lib/python3.9/site-packages/networkx/utils/backends.py:135: RuntimeWarning: networkx backend defined more than once: nx-loopback
  backends.update(_get_backends("networkx.backends"))
/home/kxu/miniforge3/envs/sgym-hab/lib/python3.9/site-packages/networkx/utils/backends.py:135: RuntimeWarning: networkx backend defined more than once: nx-loopback
  backends.update(_get_backends("networkx.backends"))
/home/kxu/miniforge3/envs/sgym-hab/lib/python3.9/site-packages/networkx/utils/backends.py:135: RuntimeWarning: networkx backend defined more than once: nx-loopback
  backends.update(_get_backends("networkx.backends"))
/home/kxu/miniforge3/envs/sgym-hab/lib/python3.9/site-packages/networkx/utils/backends.py:135: RuntimeWarning: networkx backend defined more than once: nx-loopback
  backends.update(_get_backends("networkx.backends"))
/home/kxu/miniforge3/envs/sgym-hab/lib/python3.9/site-packages/networkx/utils/backends.py:135: RuntimeWarning: networkx backend defined more than once: nx-loopback
  backends.update(_get_backends("networkx.backends"))
/home/kxu/miniforge3/envs/sgym-hab/lib/python3.9/site-packages/networkx/utils/backends.py:135: RuntimeWarning: networkx backend defined more than once: nx-loopback
  backends.update(_get_backends("networkx.backends"))
/home/kxu/miniforge3/envs/sgym-hab/lib/python3.9/site-packages/networkx/utils/backends.py:135: RuntimeWarning: networkx backend defined more than once: nx-loopback
  backends.update(_get_backends("networkx.backends"))
/home/kxu/miniforge3/envs/sgym-hab/lib/python3.9/site-packages/networkx/utils/backends.py:135: RuntimeWarning: networkx backend defined more than once: nx-loopback
  backends.update(_get_backends("networkx.backends"))
/home/kxu/miniforge3/envs/sgym-hab/lib/python3.9/site-packages/networkx/utils/backends.py:135: RuntimeWarning: networkx backend defined more than once: nx-loopback
  backends.update(_get_backends("networkx.backends"))
INFO:__mp_main__:Worker 0: Finished collecting 256 steps.
INFO:__mp_main__:Worker 6: Finished collecting 256 steps.
INFO:__mp_main__:Worker 3: Finished collecting 256 steps.
INFO:__mp_main__:Worker 7: Finished collecting 256 steps.
INFO:__mp_main__:Worker 9: Finished collecting 256 steps.
INFO:__mp_main__:Worker 14: Finished collecting 256 steps.
INFO:__mp_main__:Worker 11: Finished collecting 256 steps.
INFO:__mp_main__:Worker 4: Finished collecting 256 steps.
INFO:__mp_main__:Worker 13: Finished collecting 256 steps.
INFO:__mp_main__:Worker 5: Finished collecting 256 steps.
INFO:__mp_main__:Worker 12: Finished collecting 256 steps.
INFO:__mp_main__:Worker 1: Finished collecting 256 steps.
INFO:__mp_main__:Worker 2: Finished collecting 256 steps.
INFO:__mp_main__:Worker 8: Finished collecting 256 steps.
INFO:__mp_main__:Worker 10: Finished collecting 256 steps.
INFO:__mp_main__:Worker 15: Finished collecting 256 steps.
INFO:__main__:Update: 146/146, Timesteps: 598016/600000, FPS: 65, Episodes: 23360, Avg Reward (Last 100): 12.67, Avg Length (Last 100): 49.00
INFO:__main__:Training finished in 9124.47 seconds.
INFO:__main__:Model saved to ppo_exp_model.pth
